flight_number,operator_icao,departure_city,departure_iata,departure_icao,arrival_city,arrival_iata,arrival_icao,aircraft_type,aircraft_icao,dep_local,arr_local,dep_utc,arr_utc,duration_minutes,distance_nm,days_operated,time_variants,updated
W61618,WZZ,Aberdeen,ABZ,EGPD,Gdansk,GDN,EPGD,,,07:25,10:35,06:25,08:35,130,715,2467,1,2026-09-29T10:00:29.000Z
W61766,WZZ,Alesund,AES,ENAL,Gdansk,GDN,EPGD,,,14:00,16:00,12:00,14:00,120,624,1234567,2,2026-09-30T08:58:29.000Z
W46488,WMT,Agadir,AGA,GMAD,Milan Malpensa,MXP,LIMC,,,19:35,01:05,19:35,23:05,210,1252,26,1,2026-09-30T01:00:30.000Z
W62390,WZZ,Malaga,AGP,LEMG,Budapest,BUD,LHBP,,,09:25,12:55,07:25,10:55,210,1233,1234567,2,2026-09-30T08:58:33.000Z
W61864,WZZ,Malaga,AGP,LEMG,Wroclaw,WRO,EPWR,,,10:15,13:55,08:15,11:55,220,1259,23467,2,2026-09-30T08:58:37.000Z
W61912,WZZ,Malaga,AGP,LEMG,Vilnius,VNO,EYVI,,,10:20,15:35,08:20,12:35,255,1629,135,1,2026-09-30T08:58:37.000Z
W95724,WUK,Malaga,AGP,LEMG,London Gatwick,LGW,EGKK,,,10:45,12:40,08:45,11:40,175,888,1234567,1,2026-09-28T12:59:03.000Z
W61336,WZZ,Malaga,AGP,LEMG,Warsaw Chopin,WAW,EPWA,,,11:30,15:25,09:30,13:25,235,1421,26,2,2026-09-29T15:59:45.000Z
W46026,WMT,Malaga,AGP,LEMG,Rome Fiumicino,FCO,LIRF,,,15:15,17:50,13:15,15:50,155,836,1234567,1,2026-09-30T08:58:37.000Z
W46308,WMT,Malaga,AGP,LEMG,Milan Malpensa,MXP,LIMC,,,16:30,19:00,14:30,17:00,150,802,1234567,4,2026-09-30T08:58:37.000Z
W43190,WMT,Malaga,AGP,LEMG,Bucharest Otopeni,OTP,LROP,,,18:20,23:15,16:20,20:15,235,1463,1234567,1,2026-09-30T08:58:37.000Z
W61360,WZZ,Malaga,AGP,LEMG,Warsaw Chopin,WAW,EPWA,,,18:30,22:25,16:30,20:25,235,1421,1234567,2,2026-09-30T08:58:37.000Z
W62516,WZZ,Malaga,AGP,LEMG,Budapest,BUD,LHBP,,,19:45,23:25,17:45,21:25,220,1233,1,1,2026-08-31T23:01:07.000Z
W62074,WZZ,Malaga,AGP,LEMG,Kraków,KRK,EPKK,,,19:45,23:30,17:45,21:30,225,1321,124567,2,2026-09-28T22:59:39.000Z
W61074,WZZ,Malaga,AGP,LEMG,Katowice,KTW,EPKT,,,19:50,23:30,17:50,21:30,220,1309,246,1,2026-09-29T22:59:57.000Z
W62522,WZZ,Malaga,AGP,LEMG,Budapest,BUD,LHBP,,,19:55,23:25,17:55,21:25,210,1233,4,1,2026-09-04T01:01:42.000Z
W67026,WZZ,Malaga,AGP,LEMG,Bratislava,BTS,LZIB,,,20:10,23:20,18:10,21:20,190,1177,1357,3,2026-09-30T08:58:37.000Z
W61614,WZZ,Malaga,AGP,LEMG,Gdansk,GDN,EPGD,,,20:15,00:10,18:15,22:10,235,1423,135,3,2026-09-30T08:58:37.000Z
W43416,WMT,Malaga,AGP,LEMG,Cluj-Napoca,CLJ,LRCL,,,20:15,01:10,18:15,22:10,235,1391,26,2,2026-09-30T00:00:18.000Z
W64412,WZZ,Malaga,AGP,LEMG,Sofia,SOF,LBSF,,,20:50,01:30,18:50,22:30,220,1333,2467,2,2026-09-30T00:00:23.000Z
W45158,WMT,Malaga,AGP,LEMG,Tirana,TIA,LATI,,,21:35,00:50,19:35,22:50,195,1160,367,2,2026-09-28T01:00:33.000Z
W46776,WMT,Malaga,AGP,LEMG,Venice,VCE,LIPZ,,,21:50,00:35,19:50,22:35,165,926,1357,1,2026-09-28T23:59:37.000Z
W46114,WMT,Malaga,AGP,LEMG,Rome Fiumicino,FCO,LIRF,,,22:20,00:55,20:20,22:55,155,836,1234567,2,2026-09-29T00:59:26.000Z
W95726,WUK,Malaga,AGP,LEMG,London Gatwick,LGW,EGKK,,,22:45,00:40,20:45,23:40,175,888,157,2,2026-09-01T00:59:09.000Z
W61408,WZZ,Alghero (Sardinia),AHO,LIEA,Warsaw Modlin,WMI,EPMO,,,09:05,11:45,07:05,09:45,160,872,246,1,2026-09-29T11:00:12.000Z
W64060,WZZ,Alghero (Sardinia),AHO,LIEA,Belgrade,BEG,LYBE,,,09:35,11:30,07:35,09:30,115,586,135,2,2026-09-30T08:58:29.000Z
W46762,WMT,Alghero (Sardinia),AHO,LIEA,Venice,VCE,LIPZ,,,13:35,14:55,11:35,12:55,80,342,135,3,2026-09-04T14:58:31.000Z
W43300,WMT,Alghero (Sardinia),AHO,LIEA,Bucharest Otopeni,OTP,LROP,,,14:40,18:10,12:40,15:10,150,820,457,3,2026-09-04T16:59:09.000Z
W45164,WMT,Alghero (Sardinia),AHO,LIEA,Tirana,TIA,LATI,,,16:25,18:10,14:25,16:10,105,519,37,1,2026-09-09T18:00:23.000Z
W62364,WZZ,Alghero (Sardinia),AHO,LIEA,Budapest,BUD,LHBP,,,20:55,22:55,18:55,20:55,120,624,1356,3,2026-09-30T08:58:29.000Z
W43170,WMT,Alghero (Sardinia),AHO,LIEA,Bucharest Otopeni,OTP,LROP,,,21:25,00:55,19:25,21:55,150,820,134567,3,2026-09-28T22:59:38.000Z
W64452,WZZ,Alghero (Sardinia),AHO,LIEA,Sofia,SOF,LBSF,,,21:45,00:55,19:45,21:55,130,689,124567,5,2026-09-29T22:59:59.000Z
W64778,WZZ,Alghero (Sardinia),AHO,LIEA,Skopje,SKP,LWSK,,,22:15,00:15,20:15,22:15,120,606,26,2,2026-09-12T23:59:22.000Z
W62388,WZZ,Alicante,ALC,LEAL,Budapest,BUD,LHBP,,,09:15,12:15,07:15,10:15,180,1026,1234567,1,2026-09-30T08:58:29.000Z
W67024,WZZ,Alicante,ALC,LEAL,Bratislava,BTS,LZIB,,,09:35,12:25,07:35,10:25,170,974,1356,2,2026-09-30T08:58:29.000Z
W43188,WMT,Alicante,ALC,LEAL,Bucharest Otopeni,OTP,LROP,,,10:15,14:40,08:15,11:40,205,1252,1234567,1,2026-09-30T08:58:29.000Z
W61488,WZZ,Alicante,ALC,LEAL,Warsaw Chopin,WAW,EPWA,,,11:30,15:00,09:30,13:00,210,1226,1234567,2,2026-09-30T08:58:29.000Z
W46198,WMT,Alicante,ALC,LEAL,Rome Fiumicino,FCO,LIRF,,,16:50,19:00,14:50,17:00,130,625,1234567,1,2026-09-30T08:58:29.000Z
W46418,WMT,Alicante,ALC,LEAL,Milan Malpensa,MXP,LIMC,,,17:00,19:05,15:00,17:05,125,605,1234567,4,2026-09-30T08:58:29.000Z
W61490,WZZ,Alicante,ALC,LEAL,Warsaw Chopin,WAW,EPWA,,,19:30,23:00,17:30,21:00,210,1226,246,1,2026-09-29T22:59:59.000Z
W43414,WMT,Alicante,ALC,LEAL,Cluj-Napoca,CLJ,LRCL,,,20:00,00:15,18:00,21:15,195,1181,135,2,2026-09-30T08:58:29.000Z
W61080,WZZ,Alicante,ALC,LEAL,Katowice,KTW,EPKT,,,20:20,23:30,18:20,21:30,190,1110,1234567,4,2026-09-30T08:58:29.000Z
W95366,WUK,Alicante,ALC,LEAL,London Luton,LTN,EGGW,,,20:55,22:30,18:55,21:30,155,816,1234567,2,2026-09-30T08:58:29.000Z
W61708,WZZ,Alicante,ALC,LEAL,Gdansk,GDN,EPGD,,,21:10,00:40,19:10,22:40,210,1239,2467,2,2026-09-30T00:00:19.000Z
W43214,WMT,Alicante,ALC,LEAL,Bucharest Otopeni,OTP,LROP,,,21:10,01:35,19:10,22:35,205,1252,47,1,2026-09-27T23:58:58.000Z
W64038,WZZ,Alicante,ALC,LEAL,Belgrade,BEG,LYBE,,,21:25,00:10,19:25,22:10,165,1013,2467,1,2026-09-30T00:00:17.000Z
W46774,WMT,Alicante,ALC,LEAL,Venice,VCE,LIPZ,,,22:05,00:20,20:05,22:20,135,720,246,1,2026-09-26T23:59:19.000Z
W62498,WZZ,Alicante,ALC,LEAL,Budapest,BUD,LHBP,,,22:30,01:30,20:30,23:30,180,1026,15,2,2026-09-19T00:59:26.000Z
W46270,WMT,Alicante,ALC,LEAL,Rome Fiumicino,FCO,LIRF,,,22:35,00:45,20:35,22:45,130,625,5,1,2026-09-04T23:58:58.000Z
W62374,WZZ,Amman,AMM,OJAI,Budapest,BUD,LHBP,,,11:55,14:50,08:55,12:50,235,1215,26,1,2026-09-29T14:01:33.000Z
W45080,WMT,Ancona,AOI,LIPY,Tirana,TIA,LATI,,,07:55,09:15,05:55,07:15,80,311,1234567,1,2026-09-30T08:58:39.000Z
W61732,WZZ,Stockholm Arlanda,ARN,ESSA,Gdansk,GDN,EPGD,,,07:45,09:05,05:45,07:05,80,317,1234567,1,2026-09-28T09:00:41.000Z
W62404,WZZ,Stockholm Arlanda,ARN,ESSA,Budapest,BUD,LHBP,,,09:20,11:40,07:20,09:40,140,735,1357,3,2026-09-28T01:00:26.000Z
W64810,WZZ,Stockholm Arlanda,ARN,ESSA,Skopje,SKP,LWSK,,,09:35,12:45,07:35,10:45,190,1071,1357,3,2026-09-28T11:59:10.000Z
W43202,WMT,Stockholm Arlanda,ARN,ESSA,Bucharest Baneasa,BBU,LRBS,,,15:00,18:50,13:00,15:50,170,956,135,2,2026-09-30T08:58:33.000Z
W61734,WZZ,Stockholm Arlanda,ARN,ESSA,Gdansk,GDN,EPGD,,,17:15,18:35,15:15,16:35,80,317,47,2,2026-09-17T18:00:11.000Z
W45190,WMT,Stockholm Arlanda,ARN,ESSA,Tirana,TIA,LATI,,,20:55,00:05,18:55,22:05,190,1097,12357,2,2026-09-30T08:58:39.000Z
W67928,WZZ,Athens,ATH,LGAV,Kutaisi,KUT,UGKO,,,08:35,12:10,05:35,08:10,155,887,13457,1,2026-09-30T08:58:37.000Z
W64628,WZZ,Athens,ATH,LGAV,Larnaca,LCA,LCLK,,,08:55,10:40,05:55,07:40,105,502,1234567,3,2026-09-30T08:58:37.000Z
W62442,WZZ,Athens,ATH,LGAV,Budapest,BUD,LHBP,,,09:35,10:45,06:35,08:45,130,606,1234567,1,2026-09-30T08:58:33.000Z
W47512,WMT,Athens,ATH,LGAV,Tel-Aviv,TLV,LLBG,,,09:35,12:00,06:35,09:00,145,645,1234567,2,2026-09-30T08:58:29.000Z
W61122,WZZ,Athens,ATH,LGAV,Katowice,KTW,EPKT,,,11:10,12:40,08:10,10:40,150,781,37,1,2026-09-30T08:58:29.000Z
W95412,WUK,Athens,ATH,LGAV,London Luton,LTN,EGGW,,,13:00,15:15,10:00,14:15,255,1319,2467,1,2026-09-29T15:59:41.000Z
W43792,WMT,Athens,ATH,LGAV,Craiova,CRA,LRCV,,,15:35,17:35,12:35,14:35,120,383,137,3,2026-09-30T08:58:29.000Z
W46724,WMT,Athens,ATH,LGAV,Venice,VCE,LIPZ,,,15:35,16:55,12:35,14:55,140,689,1234567,4,2026-09-30T08:58:29.000Z
W45204,WMT,Athens,ATH,LGAV,Tirana,TIA,LATI,,,16:00,16:25,13:00,14:25,85,286,1234567,3,2026-09-30T08:58:29.000Z
W64630,WZZ,Athens,ATH,LGAV,Larnaca,LCA,LCLK,,,20:55,22:40,17:55,19:40,105,502,12357,4,2026-09-30T08:58:29.000Z
W61718,WZZ,Athens,ATH,LGAV,Gdansk,GDN,EPGD,,,21:25,23:25,18:25,21:25,180,1012,1235,2,2026-09-30T08:58:29.000Z
W64524,WZZ,Athens,ATH,LGAV,Varna (Black Sea),VAR,LBWN,,,21:30,22:55,18:30,19:55,85,364,135,1,2026-09-18T21:59:38.000Z
W62520,WZZ,Athens,ATH,LGAV,Budapest,BUD,LHBP,,,22:15,23:25,19:15,21:25,130,606,3,1,2026-09-02T23:00:48.000Z
W62526,WZZ,Athens,ATH,LGAV,Budapest,BUD,LHBP,,,22:15,23:25,19:15,21:25,130,606,6,1,2026-09-05T23:00:51.000Z
W43048,WMT,Athens,ATH,LGAV,Bucharest Otopeni,OTP,LROP,,,22:35,00:25,19:35,21:25,110,410,1234567,5,2026-09-28T22:59:38.000Z
W45214,WMT,Athens,ATH,LGAV,Tirana,TIA,LATI,,,22:55,23:20,19:55,21:20,85,286,26,1,2026-09-12T23:59:23.000Z
W61414,WZZ,Athens,ATH,LGAV,Warsaw Modlin,WMI,EPMO,,,23:45,01:25,20:45,23:25,160,882,12357,2,2026-09-29T00:59:28.000Z
W67036,WZZ,Athens,ATH,LGAV,Bratislava,BTS,LZIB,,,23:50,01:15,20:50,23:15,145,681,1235,2,2026-09-29T01:01:48.000Z
W43422,WMT,Antalya,AYT,LTAI,Cluj-Napoca,CLJ,LRCL,,,16:45,19:00,13:45,16:00,135,673,135,1,2026-09-30T08:58:29.000Z
W43042,WMT,Antalya,AYT,LTAI,Bucharest Otopeni,OTP,LROP,,,17:20,19:20,14:20,16:20,120,508,12346,5,2026-09-30T08:58:29.000Z
W62432,WZZ,Antalya,AYT,LTAI,Budapest,BUD,LHBP,,,21:10,22:55,18:10,20:55,165,813,124567,2,2026-09-29T22:00:59.000Z
W95332,WUK,Antalya,AYT,LTAI,London Luton,LTN,EGGW,,,22:15,00:40,19:15,23:40,265,1592,123467,2,2026-09-30T01:00:30.000Z
W95708,WUK,Antalya,AYT,LTAI,London Gatwick,LGW,EGKK,,,22:20,01:05,19:20,00:05,285,1570,1357,1,2026-09-29T02:00:49.000Z
W43131,WMT,Bucharest Baneasa,BBU,LRBS,Milan Bergamo,BGY,LIME,,,05:30,06:55,02:30,04:55,145,697,1234567,1,2026-09-30T05:59:38.000Z
W43089,WMT,Bucharest Baneasa,BBU,LRBS,Basel-Mulhouse-Freiburg,BSL,LFSB,,,06:00,07:35,03:00,05:35,155,794,1234567,1,2026-09-30T05:00:34.000Z
W43153,WMT,Bucharest Baneasa,BBU,LRBS,Naples,NAP,LIRN,,,10:10,11:20,07:10,09:20,130,564,1234567,1,2026-09-30T08:58:32.000Z
W43099,WMT,Bucharest Baneasa,BBU,LRBS,Memmingen / Munich West,FMM,EDJA,,,11:35,12:55,08:35,10:55,140,690,1234567,1,2026-09-30T08:58:30.000Z
W43201,WMT,Bucharest Baneasa,BBU,LRBS,Stockholm Arlanda,ARN,ESSA,,,12:30,14:25,09:30,12:25,175,956,135,2,2026-09-30T08:58:32.000Z
W43103,WMT,Bucharest Baneasa,BBU,LRBS,Basel-Mulhouse-Freiburg,BSL,LFSB,,,12:35,14:10,09:35,12:10,155,794,47,2,2026-09-27T11:00:37.000Z
W43243,WMT,Bucharest Baneasa,BBU,LRBS,Frankfurt Hahn,HHN,EDFH,,,12:40,14:15,09:40,12:15,155,832,246,1,2026-09-29T13:59:11.000Z
W62058,WZZ,Bucharest Baneasa,BBU,LRBS,Kraków,KRK,EPKK,,,14:45,15:25,11:45,13:25,100,422,124567,2,2026-09-29T14:59:38.000Z
W61842,WZZ,Bucharest Baneasa,BBU,LRBS,Wroclaw,WRO,EPWR,,,16:50,17:50,13:50,15:50,120,543,246,1,2026-09-19T17:59:10.000Z
W43095,WMT,Bucharest Baneasa,BBU,LRBS,Hamburg,HAM,EDDH,,,17:45,19:25,14:45,17:25,160,835,13457,1,2026-09-30T08:58:32.000Z
W43135,WMT,Bucharest Baneasa,BBU,LRBS,Milan Bergamo,BGY,LIME,,,19:35,21:00,16:35,19:00,145,697,1234567,3,2026-09-30T08:58:32.000Z
W61584,WZZ,Bucharest Baneasa,BBU,LRBS,Warsaw Chopin,WAW,EPWA,,,22:05,22:55,19:05,20:55,110,503,1234567,1,2026-09-29T22:01:07.000Z
W63291,WZZ,Bucharest Baneasa,BBU,LRBS,Budapest,BUD,LHBP,,,22:55,23:20,19:55,21:20,85,335,1234567,3,2026-09-29T22:59:54.000Z
W93905,WUK,Bacau,BCM,LRBC,London Luton,LTN,EGGW,,,01:20,02:45,22:20,01:45,205,1110,1246,1,2026-09-28T02:59:53.000Z
W46156,WMT,Bacau,BCM,LRBC,Rome Fiumicino,FCO,LIRF,,,09:20,10:40,06:20,08:40,140,691,246,2,2026-09-29T10:00:33.000Z
W93901,WUK,Bacau,BCM,LRBC,London Luton,LTN,EGGW,,,12:00,13:25,09:00,12:25,205,1110,2467,2,2026-09-29T13:59:12.000Z
W93903,WUK,Bacau,BCM,LRBC,London Luton,LTN,EGGW,,,21:10,22:30,18:10,21:30,200,1110,36,1,2026-09-30T08:58:29.000Z
W64528,WZZ,Barcelona El Prat,BCN,LEBL,Varna (Black Sea),VAR,LBWN,,,08:20,12:35,06:20,09:35,195,1145,246,2,2026-09-22T11:00:16.000Z
W43404,WMT,Barcelona El Prat,BCN,LEBL,Cluj-Napoca,CLJ,LRCL,,,08:30,12:30,06:30,09:30,180,985,15,1,2026-09-21T11:01:04.000Z
W62048,WZZ,Barcelona El Prat,BCN,LEBL,Kraków,KRK,EPKK,,,09:05,12:00,07:05,10:00,175,907,1234567,2,2026-09-30T08:58:29.000Z
W43176,WMT,Barcelona El Prat,BCN,LEBL,Bucharest Otopeni,OTP,LROP,,,09:05,13:20,07:05,10:20,195,1070,1234567,1,2026-09-30T08:58:29.000Z
W61476,WZZ,Barcelona El Prat,BCN,LEBL,Warsaw Chopin,WAW,EPWA,,,09:30,12:35,07:30,10:35,185,1010,1234567,2,2026-09-30T08:58:29.000Z
W61812,WZZ,Barcelona El Prat,BCN,LEBL,Wroclaw,WRO,EPWR,,,09:30,12:20,07:30,10:20,170,849,1234567,1,2026-09-30T08:58:29.000Z
W95362,WUK,Barcelona El Prat,BCN,LEBL,London Luton,LTN,EGGW,,,09:35,11:00,07:35,10:00,145,643,1234567,1,2026-09-30T08:58:29.000Z
W64462,WZZ,Barcelona El Prat,BCN,LEBL,Sofia,SOF,LBSF,,,09:50,13:50,07:50,10:50,180,953,4,1,2026-09-03T11:58:59.000Z
W46018,WMT,Barcelona El Prat,BCN,LEBL,Rome Fiumicino,FCO,LIRF,,,10:00,11:55,08:00,09:55,115,458,1234567,1,2026-09-30T08:58:29.000Z
W62376,WZZ,Barcelona El Prat,BCN,LEBL,Budapest,BUD,LHBP,,,10:10,12:50,08:10,10:50,160,822,1234567,1,2026-09-30T08:58:29.000Z
W67022,WZZ,Barcelona El Prat,BCN,LEBL,Bratislava,BTS,LZIB,,,12:25,14:50,10:25,12:50,145,764,1234567,3,2026-09-30T08:58:29.000Z
W46316,WMT,Barcelona El Prat,BCN,LEBL,Milan Malpensa,MXP,LIMC,,,13:10,15:00,11:10,13:00,110,389,1234567,1,2026-09-30T08:58:29.000Z
W46834,WMT,Barcelona El Prat,BCN,LEBL,Turin,TRN,LIMF,,,13:15,14:45,11:15,12:45,90,338,1234567,2,2026-09-30T08:58:29.000Z
W62416,WZZ,Barcelona El Prat,BCN,LEBL,Budapest,BUD,LHBP,,,15:00,17:40,13:00,15:40,160,822,1267,3,2026-09-29T19:00:52.000Z
W46022,WMT,Barcelona El Prat,BCN,LEBL,Rome Fiumicino,FCO,LIRF,,,15:15,17:10,13:15,15:10,115,458,2467,2,2026-09-29T20:00:26.000Z
W43938,WMT,Barcelona El Prat,BCN,LEBL,Chisinau,RMO,LUKK,,,15:25,19:50,13:25,16:50,205,1199,47,1,2026-08-30T17:59:27.000Z
W61412,WZZ,Barcelona El Prat,BCN,LEBL,Warsaw Modlin,WMI,EPMO,,,15:30,18:30,13:30,16:30,180,1009,1357,1,2026-09-30T08:58:29.000Z
W61176,WZZ,Barcelona El Prat,BCN,LEBL,Katowice,KTW,EPKT,,,16:10,19:00,14:10,17:00,170,896,1234567,2,2026-09-30T08:58:29.000Z
W45088,WMT,Barcelona El Prat,BCN,LEBL,Tirana,TIA,LATI,,,16:30,19:00,14:30,17:00,150,794,246,2,2026-09-29T20:00:31.000Z
W43564,WMT,Barcelona El Prat,BCN,LEBL,Timisoara,TSR,LRTR,,,16:30,20:15,14:30,17:15,165,878,13457,3,2026-09-30T08:58:29.000Z
W95360,WUK,Barcelona El Prat,BCN,LEBL,London Luton,LTN,EGGW,,,16:40,18:05,14:40,17:05,145,643,1234567,1,2026-09-30T08:58:29.000Z
W43686,WMT,Barcelona El Prat,BCN,LEBL,Iasi,IAS,LRIA,,,17:45,22:10,15:45,19:10,205,1148,2467,2,2026-09-29T21:01:01.000Z
W43180,WMT,Barcelona El Prat,BCN,LEBL,Bucharest Otopeni,OTP,LROP,,,17:45,22:00,15:45,19:00,195,1070,123567,5,2026-09-30T08:58:29.000Z
W67920,WZZ,Barcelona El Prat,BCN,LEBL,Kutaisi,KUT,UGKO,,,18:25,01:10,16:25,21:10,285,1794,246,1,2026-09-29T22:59:57.000Z
W61478,WZZ,Barcelona El Prat,BCN,LEBL,Warsaw Chopin,WAW,EPWA,,,19:45,22:50,17:45,20:50,185,1010,1234567,1,2026-09-30T08:58:29.000Z
W64666,WZZ,Barcelona El Prat,BCN,LEBL,Larnaca,LCA,LCLK,,,19:50,01:05,17:50,22:05,255,1531,23456,3,2026-09-30T00:00:20.000Z
W67642,WZZ,Barcelona El Prat,BCN,LEBL,Podgorica,TGD,LYPG,,,19:50,22:15,17:50,20:15,145,770,135,1,2026-09-30T08:58:29.000Z
W67030,WZZ,Barcelona El Prat,BCN,LEBL,Bratislava,BTS,LZIB,,,19:55,22:45,17:55,20:45,170,764,7,1,2026-09-20T22:00:39.000Z
W61914,WZZ,Barcelona El Prat,BCN,LEBL,Vilnius,VNO,EYVI,,,19:55,00:30,17:55,21:30,215,1219,23467,2,2026-09-29T22:59:59.000Z
W62096,WZZ,Barcelona El Prat,BCN,LEBL,Kraków,KRK,EPKK,,,20:05,23:00,18:05,21:00,175,907,123567,3,2026-09-30T08:58:29.000Z
W43758,WMT,Barcelona El Prat,BCN,LEBL,Craiova,CRA,LRCV,,,20:40,00:40,18:40,21:40,180,975,47,1,2026-09-27T23:00:55.000Z
W62378,WZZ,Barcelona El Prat,BCN,LEBL,Budapest,BUD,LHBP,,,20:55,23:40,18:55,21:40,165,822,1234567,1,2026-09-30T08:58:29.000Z
W43406,WMT,Barcelona El Prat,BCN,LEBL,Cluj-Napoca,CLJ,LRCL,,,21:15,01:15,19:15,22:15,180,985,1234567,4,2026-09-30T00:00:18.000Z
W43178,WMT,Barcelona El Prat,BCN,LEBL,Bucharest Otopeni,OTP,LROP,,,21:25,01:35,19:25,22:35,190,1070,1234567,2,2026-09-30T01:00:28.000Z
W64738,WZZ,Barcelona El Prat,BCN,LEBL,Skopje,SKP,LWSK,,,21:35,00:20,19:35,22:20,165,876,246,2,2026-09-30T01:00:31.000Z
W64406,WZZ,Barcelona El Prat,BCN,LEBL,Sofia,SOF,LBSF,,,21:35,01:35,19:35,22:35,180,953,1234567,1,2026-09-30T00:00:23.000Z
W46020,WMT,Barcelona El Prat,BCN,LEBL,Rome Fiumicino,FCO,LIRF,,,21:45,23:40,19:45,21:40,115,458,1234567,1,2026-09-28T23:59:35.000Z
W46728,WMT,Barcelona El Prat,BCN,LEBL,Venice,VCE,LIPZ,,,22:00,23:55,20:00,21:55,115,514,1234567,1,2026-09-30T00:00:23.000Z
W64116,WZZ,Barcelona El Prat,BCN,LEBL,Belgrade,BEG,LYBE,,,22:20,01:00,20:20,23:00,160,825,1234567,1,2026-09-30T02:01:29.000Z
W45154,WMT,Barcelona El Prat,BCN,LEBL,Tirana,TIA,LATI,,,22:20,00:55,20:20,22:55,155,794,1234567,1,2026-09-30T00:00:23.000Z
W61706,WZZ,Barcelona El Prat,BCN,LEBL,Gdansk,GDN,EPGD,,,22:25,01:35,20:25,23:35,190,1021,23467,1,2026-09-30T01:00:28.000Z
W46664,WMT,Barcelona El Prat,BCN,LEBL,Palermo (Sicily),PMO,LICJ,,,23:20,01:10,21:20,23:10,110,541,2467,2,2026-09-30T01:59:14.000Z
W61060,WZZ,Brindisi,BDS,LIBR,Katowice,KTW,EPKT,,,13:55,15:55,11:55,13:55,120,591,1357,2,2026-09-30T08:58:31.000Z
W61404,WZZ,Brindisi,BDS,LIBR,Warsaw Modlin,WMI,EPMO,,,20:35,22:50,18:35,20:50,135,717,246,3,2026-09-29T22:01:07.000Z
W43254,WMT,Brindisi,BDS,LIBR,Bucharest Otopeni,OTP,LROP,,,21:20,23:55,19:20,20:55,95,430,15,1,2026-09-28T22:00:46.000Z
W64093,WZZ,Belgrade,BEG,LYBE,Dortmund,DTM,EDLW,,,05:45,08:00,03:45,06:00,135,647,6,1,2026-09-26T07:59:57.000Z
W64027,WZZ,Belgrade,BEG,LYBE,Larnaca,LCA,LCLK,,,05:45,09:15,03:45,06:15,150,854,135,1,2026-09-30T08:00:15.000Z
W64151,WZZ,Belgrade,BEG,LYBE,Stockholm Skavsta,NYO,ESKN,,,05:45,08:20,03:45,06:20,155,848,2467,1,2026-09-29T07:59:20.000Z
W64109,WZZ,Belgrade,BEG,LYBE,Karlsruhe/Baden-Baden,FKB,EDSB,,,05:50,07:50,03:50,05:50,120,555,135,1,2026-09-28T07:02:32.000Z
W64071,WZZ,Belgrade,BEG,LYBE,Eindhoven,EIN,EHEH,,,06:00,08:20,04:00,06:20,140,717,1234567,1,2026-09-29T07:59:21.000Z
W64105,WZZ,Belgrade,BEG,LYBE,Memmingen / Munich West,FMM,EDJA,,,06:15,08:00,04:15,06:00,105,458,1234567,1,2026-09-30T08:00:06.000Z
W64059,WZZ,Belgrade,BEG,LYBE,Alghero (Sardinia),AHO,LIEA,,,07:00,09:00,05:00,07:00,120,586,135,2,2026-09-30T08:58:30.000Z
W64061,WZZ,Belgrade,BEG,LYBE,Palermo (Sicily),PMO,LICJ,,,07:00,08:35,05:00,06:35,95,514,246,1,2026-09-29T07:59:15.000Z
W64119,WZZ,Belgrade,BEG,LYBE,Friedrichshafen,FDH,EDNY,,,10:50,12:40,08:50,10:40,110,479,26,1,2026-09-29T12:00:44.000Z
W64031,WZZ,Belgrade,BEG,LYBE,Rome Fiumicino,FCO,LIRF,,,11:20,13:00,09:20,11:00,100,396,1357,2,2026-09-30T08:58:31.000Z
W94001,WUK,Belgrade,BEG,LYBE,London Luton,LTN,EGGW,,,11:30,13:30,09:30,12:30,180,923,13457,4,2026-09-30T08:58:31.000Z
W64091,WZZ,Belgrade,BEG,LYBE,Dortmund,DTM,EDLW,,,11:45,14:00,09:45,12:00,135,647,1234567,2,2026-09-30T08:58:31.000Z
W64125,WZZ,Belgrade,BEG,LYBE,Hamburg,HAM,EDDH,,,12:10,14:25,10:10,12:25,135,665,246,1,2026-09-29T13:59:11.000Z
W64045,WZZ,Belgrade,BEG,LYBE,Paris Beauvais,BVA,LFOB,,,12:25,15:05,10:25,13:05,160,791,1234567,1,2026-09-30T08:58:31.000Z
W64029,WZZ,Belgrade,BEG,LYBE,Larnaca,LCA,LCLK,,,15:05,18:35,13:05,15:35,150,854,2467,3,2026-09-29T11:00:09.000Z
W64025,WZZ,Belgrade,BEG,LYBE,Nice,NCE,LFMN,,,15:55,18:00,13:55,16:00,125,567,1357,2,2026-09-30T08:58:31.000Z
W64063,WZZ,Belgrade,BEG,LYBE,Pisa (Tuscany),PSA,LIRP,,,15:55,17:30,13:55,15:30,95,432,26,1,2026-09-19T17:00:15.000Z
W64021,WZZ,Belgrade,BEG,LYBE,Malta,MLA,LMML,,,16:00,18:05,14:00,16:05,125,601,2467,2,2026-09-29T17:59:52.000Z
W64009,WZZ,Belgrade,BEG,LYBE,Berlin Brandenburg,BER,EDDB,,,16:25,18:15,14:25,16:15,110,527,13457,2,2026-09-28T18:01:46.000Z
W64037,WZZ,Belgrade,BEG,LYBE,Alicante,ALC,LEAL,,,17:30,20:40,15:30,18:40,190,1013,2467,1,2026-09-29T20:00:22.000Z
W64039,WZZ,Belgrade,BEG,LYBE,Madrid,MAD,LEMD,,,18:00,21:35,16:00,19:35,215,1082,246,1,2026-09-29T21:00:53.000Z
W64155,WZZ,Belgrade,BEG,LYBE,Malmo,MMX,ESMS,,,18:10,20:25,16:10,18:25,135,696,135,1,2026-09-30T08:58:31.000Z
W64115,WZZ,Belgrade,BEG,LYBE,Barcelona El Prat,BCN,LEBL,,,18:50,21:35,16:50,19:35,165,825,1234567,1,2026-09-30T08:58:31.000Z
W64153,WZZ,Belgrade,BEG,LYBE,Gothenburg Landvetter,GOT,ESGG,,,19:30,22:05,17:30,20:05,155,827,135,2,2026-09-28T22:00:46.000Z
W64123,WZZ,Belgrade,BEG,LYBE,Milan Bergamo,BGY,LIME,,,21:15,23:00,19:15,21:00,105,451,1234567,1,2026-09-29T22:59:57.000Z
W64003,WZZ,Belgrade,BEG,LYBE,Chania (Crete),CHQ,LGSA,,,21:35,00:30,19:35,21:30,115,585,135,1,2026-09-28T22:59:36.000Z
W43536,WMT,Berlin Brandenburg,BER,EDDB,Timisoara,TSR,LRTR,,,07:20,10:05,05:20,07:05,105,499,47,1,2026-09-17T08:58:38.000Z
W43110,WMT,Berlin Brandenburg,BER,EDDB,Bucharest Otopeni,OTP,LROP,,,07:35,10:45,05:35,07:45,130,684,1234567,5,2026-09-30T08:58:36.000Z
W43358,WMT,Berlin Brandenburg,BER,EDDB,Cluj-Napoca,CLJ,LRCL,,,08:15,11:05,06:15,08:05,110,518,246,1,2026-09-29T10:00:29.000Z
W67038,WZZ,Berlin Brandenburg,BER,EDDB,Bratislava,BTS,LZIB,,,08:20,09:35,06:20,07:35,75,289,1357,2,2026-09-30T08:58:33.000Z
W64276,WZZ,Berlin Brandenburg,BER,EDDB,Tuzla,TZL,LQTZ,,,08:20,10:05,06:20,08:05,105,518,135,1,2026-09-30T08:58:39.000Z
W45148,WMT,Berlin Brandenburg,BER,EDDB,Tirana,TIA,LATI,,,08:45,11:00,06:45,09:00,135,704,1356,2,2026-09-28T10:59:43.000Z
W64740,WZZ,Berlin Brandenburg,BER,EDDB,Skopje,SKP,LWSK,,,09:05,11:20,07:05,09:20,135,706,1234567,3,2026-09-30T08:58:31.000Z
W45106,WMT,Berlin Brandenburg,BER,EDDB,Tirana,TIA,LATI,,,12:05,14:20,10:05,12:20,135,704,1234567,1,2026-09-30T08:58:31.000Z
W62316,WZZ,Berlin Brandenburg,BER,EDDB,Budapest,BUD,LHBP,,,12:10,13:40,10:10,11:40,90,370,1234567,1,2026-09-30T08:58:31.000Z
W64516,WZZ,Berlin Brandenburg,BER,EDDB,Varna (Black Sea),VAR,LBWN,,,14:40,18:00,12:40,15:00,140,794,1234567,3,2026-09-28T16:58:42.000Z
W43976,WMT,Berlin Brandenburg,BER,EDDB,Chisinau,RMO,LUKK,,,14:55,18:05,12:55,15:05,130,681,1457,1,2026-08-31T05:18:53.000Z
W64338,WZZ,Berlin Brandenburg,BER,EDDB,Sofia,SOF,LBSF,,,15:05,18:20,13:05,15:20,135,705,1357,2,2026-09-30T08:58:31.000Z
W64010,WZZ,Berlin Brandenburg,BER,EDDB,Belgrade,BEG,LYBE,,,18:50,20:40,16:50,18:40,110,527,13457,2,2026-09-28T20:00:02.000Z
W67910,WZZ,Berlin Brandenburg,BER,EDDB,Kutaisi,KUT,UGKO,,,18:55,00:45,16:55,20:45,230,1317,37,2,2026-09-30T08:58:31.000Z
W62318,WZZ,Berlin Brandenburg,BER,EDDB,Budapest,BUD,LHBP,,,21:45,23:15,19:45,21:15,90,370,123467,5,2026-09-29T22:59:54.000Z
W62154,WZZ,Bergen,BGO,ENBR,Szczecin,SZZ,EPSC,,,08:35,10:20,06:35,08:20,105,512,15,1,2026-09-28T09:58:56.000Z
W61420,WZZ,Bergen,BGO,ENBR,Warsaw Modlin,WMI,EPMO,,,08:40,10:50,06:40,08:50,130,693,13457,1,2026-09-28T09:58:56.000Z
W61746,WZZ,Bergen,BGO,ENBR,Gdansk,GDN,EPGD,,,08:45,10:30,06:45,08:30,105,555,1234567,2,2026-09-28T14:59:50.000Z
W62422,WZZ,Bergen,BGO,ENBR,Budapest,BUD,LHBP,,,14:40,17:20,12:40,15:20,160,914,135,1,2026-09-30T08:58:31.000Z
W62036,WZZ,Bergen,BGO,ENBR,Kraków,KRK,EPKK,,,21:10,23:30,19:10,21:30,140,787,2467,2,2026-09-30T00:00:20.000Z
W61978,WZZ,Bergen,BGO,ENBR,Vilnius,VNO,EYVI,,,21:30,00:40,19:30,21:40,130,728,2,1,2026-09-01T23:00:06.000Z
W61758,WZZ,Bergen,BGO,ENBR,Gdansk,GDN,EPGD,,,21:40,23:25,19:40,21:25,105,555,1234567,3,2026-09-30T08:58:31.000Z
W43132,WMT,Milan Bergamo,BGY,LIME,Bucharest Baneasa,BBU,LRBS,,,07:30,10:40,05:30,07:40,130,697,1234567,1,2026-09-30T08:58:33.000Z
W43672,WMT,Milan Bergamo,BGY,LIME,Iasi,IAS,LRIA,,,08:00,11:20,06:00,08:20,140,745,1234567,1,2026-09-30T08:58:36.000Z
W64352,WZZ,Milan Bergamo,BGY,LIME,Sofia,SOF,LBSF,,,08:10,11:10,06:10,08:10,120,616,1234567,1,2026-09-30T08:58:38.000Z
W43382,WMT,Milan Bergamo,BGY,LIME,Cluj-Napoca,CLJ,LRCL,,,08:25,11:25,06:25,08:25,120,584,13457,2,2026-09-30T08:58:34.000Z
W61432,WZZ,Milan Bergamo,BGY,LIME,Warsaw Chopin,WAW,EPWA,,,08:40,10:40,06:40,08:40,120,590,1234567,1,2026-09-30T08:58:35.000Z
W47691,WMT,Milan Bergamo,BGY,LIME,Oradea,OMR,LROD,,,08:40,11:25,06:40,08:25,105,511,47,1,2026-09-27T09:59:21.000Z
W43770,WMT,Milan Bergamo,BGY,LIME,Craiova,CRA,LRCV,,,13:25,16:20,11:25,13:20,115,607,7,1,2026-09-27T14:59:45.000Z
W43772,WMT,Milan Bergamo,BGY,LIME,Craiova,CRA,LRCV,,,15:20,18:15,13:20,15:15,115,607,13457,3,2026-09-30T08:58:34.000Z
W61216,WZZ,Milan Bergamo,BGY,LIME,Warsaw Chopin,WAW,EPWA,,,15:30,17:25,13:30,15:25,115,590,2,1,2026-09-29T17:59:55.000Z
W45018,WMT,Milan Bergamo,BGY,LIME,Tirana,TIA,LATI,,,15:45,17:30,13:45,15:30,105,505,1234567,1,2026-09-29T16:59:40.000Z
W64390,WZZ,Milan Bergamo,BGY,LIME,Sofia,SOF,LBSF,,,20:25,23:35,18:25,20:35,130,616,15,2,2026-09-28T21:58:43.000Z
W43608,WMT,Milan Bergamo,BGY,LIME,Suceava,SCV,LRSV,,,20:30,23:35,18:30,20:35,125,695,13457,2,2026-09-30T08:58:35.000Z
W43470,WMT,Milan Bergamo,BGY,LIME,Targu Mures,TGM,LRTM,,,20:35,23:35,18:35,20:35,120,613,2346,2,2026-09-29T22:01:07.000Z
W61434,WZZ,Milan Bergamo,BGY,LIME,Warsaw Chopin,WAW,EPWA,,,20:40,22:40,18:40,20:40,120,590,1234567,1,2026-09-30T08:58:35.000Z
W64774,WZZ,Milan Bergamo,BGY,LIME,Skopje,SKP,LWSK,,,21:25,23:15,19:25,21:15,110,561,2467,3,2026-09-29T22:59:59.000Z
W43136,WMT,Milan Bergamo,BGY,LIME,Bucharest Baneasa,BBU,LRBS,,,21:45,00:55,19:45,21:55,130,697,1234567,3,2026-09-29T22:59:54.000Z
W45020,WMT,Milan Bergamo,BGY,LIME,Tirana,TIA,LATI,,,21:45,23:30,19:45,21:30,105,505,1234567,1,2026-09-29T22:59:59.000Z
W43932,WMT,Milan Bergamo,BGY,LIME,Chisinau,RMO,LUKK,,,22:00,01:25,20:00,22:25,145,799,7,1,2026-08-31T00:00:02.000Z
W64508,WZZ,Milan Bergamo,BGY,LIME,Varna (Black Sea),VAR,LBWN,,,22:10,01:30,20:10,22:30,140,788,246,1,2026-09-30T00:00:23.000Z
W43552,WMT,Milan Bergamo,BGY,LIME,Timisoara,TSR,LRTR,,,22:20,01:05,20:20,22:05,105,487,13457,2,2026-09-28T23:59:37.000Z
W64124,WZZ,Milan Bergamo,BGY,LIME,Belgrade,BEG,LYBE,,,23:35,01:10,21:35,23:10,95,451,1234567,2,2026-09-30T01:00:26.000Z
W43020,WMT,Birmingham,BHX,EGBB,Bucharest Otopeni,OTP,LROP,,,09:10,14:30,08:10,11:30,200,1195,2467,1,2026-09-29T12:59:42.000Z
W43766,WMT,Birmingham,BHX,EGBB,Craiova,CRA,LRCV,,,19:30,00:35,18:30,21:35,185,1125,135,2,2026-09-28T22:59:36.000Z
W43634,WMT,Birmingham,BHX,EGBB,Suceava,SCV,LRSV,,,20:25,01:35,19:25,22:35,190,1112,246,1,2026-09-30T00:00:23.000Z
W46184,WMT,Birmingham,BHX,EGBB,Rome Fiumicino,FCO,LIRF,,,21:25,01:10,20:25,23:10,165,855,2467,3,2026-09-05T19:59:04.000Z
W46840,WMT,Bilbao,BIO,LEBB,Turin,TRN,LIMF,,,08:30,10:15,06:30,08:15,105,468,135,1,2026-09-30T08:58:39.000Z
W46772,WMT,Bilbao,BIO,LEBB,Venice,VCE,LIPZ,,,08:55,11:00,06:55,09:00,125,667,1357,1,2026-09-30T08:58:39.000Z
W46186,WMT,Bilbao,BIO,LEBB,Rome Fiumicino,FCO,LIRF,,,16:10,18:30,14:10,16:30,140,676,1234567,3,2026-09-30T08:58:32.000Z
W46412,WMT,Bilbao,BIO,LEBB,Milan Malpensa,MXP,LIMC,,,17:10,19:05,15:10,17:05,115,517,13457,4,2026-09-28T18:58:57.000Z
W62050,WZZ,Bilbao,BIO,LEBB,Kraków,KRK,EPKK,,,20:00,23:00,18:00,21:00,180,1014,246,2,2026-09-29T22:59:57.000Z
W61456,WZZ,Bilbao,BIO,LEBB,Warsaw Chopin,WAW,EPWA,,,20:00,23:20,18:00,21:20,200,1094,357,2,2026-09-30T08:58:32.000Z
W62414,WZZ,Bilbao,BIO,LEBB,Budapest,BUD,LHBP,,,20:10,22:55,18:10,20:55,165,964,2346,3,2026-09-29T22:59:54.000Z
W95364,WUK,Bilbao,BIO,LEBB,London Luton,LTN,EGGW,,,21:40,22:40,19:40,21:40,120,525,1234567,1,2026-09-29T22:59:57.000Z
W43212,WMT,Billund,BLL,EKBI,Bucharest Otopeni,OTP,LROP,,,07:25,11:05,05:25,08:05,160,930,23467,2,2026-09-29T10:00:31.000Z
W61098,WZZ,Billund,BLL,EKBI,Katowice,KTW,EPKT,,,08:20,10:00,06:20,08:00,100,477,1356,2,2026-09-30T08:58:36.000Z
W45192,WMT,Billund,BLL,EKBI,Tirana,TIA,LATI,,,09:30,12:15,07:30,10:15,165,955,26,1,2026-09-29T12:00:50.000Z
W61990,WZZ,Billund,BLL,EKBI,Vilnius,VNO,EYVI,,,11:25,14:10,09:25,11:10,105,556,246,1,2026-09-29T12:59:46.000Z
W62320,WZZ,Billund,BLL,EKBI,Budapest,BUD,LHBP,,,13:55,15:55,11:55,13:55,120,624,2467,2,2026-09-29T14:59:33.000Z
W43696,WMT,Billund,BLL,EKBI,Iasi,IAS,LRIA,,,14:20,17:55,12:20,14:55,155,857,137,2,2026-09-30T08:58:32.000Z
W43442,WMT,Billund,BLL,EKBI,Cluj-Napoca,CLJ,LRCL,,,16:00,19:15,14:00,16:15,135,763,26,1,2026-09-29T19:00:53.000Z
W43234,WMT,Billund,BLL,EKBI,Bucharest Otopeni,OTP,LROP,,,16:55,20:35,14:55,17:35,160,930,26,2,2026-09-19T18:59:43.000Z
W61778,WZZ,Billund,BLL,EKBI,Gdansk,GDN,EPGD,,,17:20,18:35,15:20,16:35,75,330,23467,4,2026-09-30T08:58:32.000Z
W43560,WMT,Bologna,BLQ,LIPE,Timisoara,TSR,LRTR,,,07:10,09:45,05:10,06:45,95,432,246,1,2026-09-29T07:59:21.000Z
W46508,WMT,Bologna,BLQ,LIPE,Catania (Sicily),CTA,LICC,,,08:20,10:05,06:20,08:05,105,457,1234567,1,2026-09-30T08:58:32.000Z
W45048,WMT,Bologna,BLQ,LIPE,Tirana,TIA,LATI,,,08:20,09:55,06:20,07:55,95,415,1234567,1,2026-09-28T09:00:45.000Z
W46620,WMT,Bologna,BLQ,LIPE,Palermo (Sicily),PMO,LICJ,,,12:35,14:10,10:35,12:10,95,390,1234567,3,2026-09-30T08:58:32.000Z
W43394,WMT,Bologna,BLQ,LIPE,Cluj-Napoca,CLJ,LRCL,,,13:30,16:20,11:30,13:20,110,537,1234567,3,2026-09-30T08:58:32.000Z
W43140,WMT,Bologna,BLQ,LIPE,Bucharest Otopeni,OTP,LROP,,,14:20,17:25,12:20,14:25,125,633,1234567,1,2026-09-30T08:58:32.000Z
W43926,WMT,Bologna,BLQ,LIPE,Chisinau,RMO,LUKK,,,14:55,18:30,12:55,15:30,155,752,7,1,2026-08-30T17:00:37.000Z
W46622,WMT,Bologna,BLQ,LIPE,Palermo (Sicily),PMO,LICJ,,,17:25,19:00,15:25,17:00,95,390,2467,2,2026-09-29T21:00:59.000Z
W61466,WZZ,Bologna,BLQ,LIPE,Warsaw Chopin,WAW,EPWA,,,20:05,21:55,18:05,19:55,110,598,1234567,6,2026-09-30T08:58:32.000Z
W43614,WMT,Bologna,BLQ,LIPE,Suceava,SCV,LRSV,,,20:30,23:30,18:30,20:30,120,654,246,1,2026-09-29T22:01:07.000Z
W43668,WMT,Bologna,BLQ,LIPE,Iasi,IAS,LRIA,,,20:45,23:55,18:45,20:55,130,700,134567,2,2026-09-30T08:58:32.000Z
W46510,WMT,Bologna,BLQ,LIPE,Catania (Sicily),CTA,LICC,,,20:50,22:45,18:50,20:45,115,457,47,2,2026-09-20T22:00:39.000Z
W64800,WZZ,Bologna,BLQ,LIPE,Skopje,SKP,LWSK,,,21:35,23:20,19:35,21:20,105,477,15,1,2026-09-28T22:59:41.000Z
W43164,WMT,Bologna,BLQ,LIPE,Bucharest Otopeni,OTP,LROP,,,22:15,01:20,20:15,22:20,125,633,247,3,2026-09-30T00:00:20.000Z
W43762,WMT,Bologna,BLQ,LIPE,Craiova,CRA,LRCV,,,22:25,01:15,20:25,22:15,110,540,246,1,2026-09-30T00:00:18.000Z
W45050,WMT,Bologna,BLQ,LIPE,Tirana,TIA,LATI,,,22:55,00:30,20:55,22:30,95,415,1234567,2,2026-09-30T00:00:23.000Z
W44353,WMT,Banja Luka,BNX,LQBK,Dortmund,DTM,EDLW,,,11:15,13:10,09:15,11:10,115,552,1357,1,2026-09-28T13:01:45.000Z
W46770,WMT,Bordeaux,BOD,LFBD,Venice,VCE,LIPZ,,,08:45,10:35,06:45,08:35,110,554,246,1,2026-09-29T10:00:35.000Z
W46200,WMT,Bordeaux,BOD,LFBD,Rome Fiumicino,FCO,LIRF,,,09:30,11:30,07:30,09:30,120,594,123456,4,2026-09-30T08:58:32.000Z
W95416,WUK,Bordeaux,BOD,LFBD,London Luton,LTN,EGGW,,,16:40,17:20,14:40,16:20,100,423,13457,1,2026-09-30T08:58:32.000Z
W43298,WMT,Bordeaux,BOD,LFBD,Bucharest Otopeni,OTP,LROP,,,19:50,00:05,17:50,21:05,195,1139,37,2,2026-09-30T08:58:32.000Z
W62176,WZZ,Bourgas (Black Sea),BOJ,LBBG,Warsaw Radom,RDO,EPRA,,,10:25,11:25,07:25,09:25,120,589,26,1,2026-09-12T10:59:19.000Z
W64223,WZZ,Bourgas (Black Sea),BOJ,LBBG,Lublin,LUZ,EPLB,,,10:40,11:40,07:40,09:40,120,556,47,1,2026-09-17T11:02:15.000Z
W61562,WZZ,Bourgas (Black Sea),BOJ,LBBG,Warsaw Chopin,WAW,EPWA,,,10:40,11:25,07:40,09:25,105,634,123456,3,2026-09-29T22:01:07.000Z
W61262,WZZ,Bourgas (Black Sea),BOJ,LBBG,Katowice,KTW,EPKT,,,16:10,17:00,13:10,15:00,110,588,1234567,3,2026-09-18T16:59:56.000Z
W95394,WUK,Bourgas (Black Sea),BOJ,LBBG,London Luton,LTN,EGGW,,,21:00,22:45,18:00,21:45,225,1256,12457,1,2026-09-30T02:59:36.000Z
W61644,WZZ,Bourgas (Black Sea),BOJ,LBBG,Gdansk,GDN,EPGD,,,21:05,22:30,18:05,20:30,145,794,246,1,2026-09-29T22:01:02.000Z
W62480,WZZ,Bourgas (Black Sea),BOJ,LBBG,Budapest,BUD,LHBP,,,22:35,23:15,19:35,21:15,100,456,23467,3,2026-09-19T23:00:14.000Z
W67822,WZZ,Bari,BRI,LIBD,Yerevan,EVN,UDYZ,,,06:55,11:55,04:55,07:55,180,1255,15,2,2026-09-28T09:58:57.000Z
W45042,WMT,Bari,BRI,LIBD,Tirana,TIA,LATI,,,07:35,08:35,05:35,06:35,60,135,1234567,4,2026-09-30T08:00:17.000Z
W61340,WZZ,Bari,BRI,LIBD,Warsaw Chopin,WAW,EPWA,,,08:20,10:30,06:20,08:30,130,684,23467,2,2026-09-30T08:58:29.000Z
W43166,WMT,Bari,BRI,LIBD,Bucharest Otopeni,OTP,LROP,,,09:05,11:50,07:05,08:50,105,460,2467,2,2026-09-29T11:00:07.000Z
W43774,WMT,Bari,BRI,LIBD,Craiova,CRA,LRCV,,,13:55,16:30,11:55,13:30,95,368,15,2,2026-09-28T14:59:49.000Z
W64362,WZZ,Bari,BRI,LIBD,Sofia,SOF,LBSF,,,14:05,16:30,12:05,13:30,85,312,13457,4,2026-09-30T08:58:29.000Z
W43168,WMT,Bari,BRI,LIBD,Bucharest Otopeni,OTP,LROP,,,14:55,17:40,12:55,14:40,105,460,1234567,2,2026-09-30T08:58:29.000Z
W43398,WMT,Bari,BRI,LIBD,Cluj-Napoca,CLJ,LRCL,,,15:05,17:45,13:05,14:45,100,452,246,2,2026-09-29T15:59:38.000Z
W62362,WZZ,Bari,BRI,LIBD,Budapest,BUD,LHBP,,,16:00,17:35,14:00,15:35,95,393,1234567,4,2026-09-30T08:58:29.000Z
W61860,WZZ,Bari,BRI,LIBD,Wroclaw,WRO,EPWR,,,21:30,23:35,19:30,21:35,125,598,1357,4,2026-09-28T22:59:41.000Z
W43550,WMT,Bari,BRI,LIBD,Timisoara,TSR,LRTR,,,21:55,00:15,19:55,21:15,80,344,47,2,2026-09-28T15:58:53.000Z
W64812,WZZ,Bari,BRI,LIBD,Skopje,SKP,LWSK,,,22:40,23:50,20:40,21:50,70,224,2456,3,2026-09-29T22:59:59.000Z
W45044,WMT,Bari,BRI,LIBD,Tirana,TIA,LATI,,,23:40,00:35,21:40,22:35,55,135,123457,3,2026-09-29T00:02:03.000Z
W61828,WZZ,Bâle / Mulhouse,BSL,LFSB,Wroclaw,WRO,EPWR,,,08:10,09:50,06:10,07:50,100,422,1357,2,2026-09-30T08:58:39.000Z
W43090,WMT,Bâle / Mulhouse,BSL,LFSB,Bucharest Baneasa,BBU,LRBS,,,08:10,11:35,06:10,08:35,145,794,1234567,1,2026-09-30T08:58:33.000Z
W62162,WZZ,Bâle / Mulhouse,BSL,LFSB,Poznan,POZ,EPPO,,,08:50,10:30,06:50,08:30,100,460,135,1,2026-09-28T09:58:56.000Z
W67034,WZZ,Bâle / Mulhouse,BSL,LFSB,Bratislava,BTS,LZIB,,,12:15,13:40,10:15,11:40,85,391,47,2,2026-09-27T13:01:13.000Z
W62270,WZZ,Bâle / Mulhouse,BSL,LFSB,Budapest,BUD,LHBP,,,14:35,16:20,12:35,14:20,105,476,1234567,2,2026-09-30T08:58:33.000Z
W43640,WMT,Bâle / Mulhouse,BSL,LFSB,Iasi,IAS,LRIA,,,14:40,18:10,12:40,15:10,150,815,15,1,2026-09-28T16:58:38.000Z
W43104,WMT,Bâle / Mulhouse,BSL,LFSB,Bucharest Baneasa,BBU,LRBS,,,14:45,18:10,12:45,15:10,145,794,47,2,2026-09-27T17:01:15.000Z
W62030,WZZ,Bâle / Mulhouse,BSL,LFSB,Kraków,KRK,EPKK,,,15:00,16:50,13:00,14:50,110,506,124567,3,2026-09-29T15:59:40.000Z
W64324,WZZ,Bâle / Mulhouse,BSL,LFSB,Sofia,SOF,LBSF,,,15:00,18:20,13:00,15:20,140,733,1234567,2,2026-09-30T08:58:38.000Z
W61386,WZZ,Bâle / Mulhouse,BSL,LFSB,Warsaw Modlin,WMI,EPMO,,,16:00,18:00,14:00,16:00,120,583,13457,2,2026-09-30T08:58:39.000Z
W43526,WMT,Bâle / Mulhouse,BSL,LFSB,Timisoara,TSR,LRTR,,,17:30,20:25,15:30,17:25,115,578,246,1,2026-09-17T18:59:18.000Z
W62268,WZZ,Bâle / Mulhouse,BSL,LFSB,Budapest,BUD,LHBP,,,17:55,19:40,15:55,17:40,105,476,1357,2,2026-09-30T08:58:33.000Z
W43372,WMT,Bâle / Mulhouse,BSL,LFSB,Cluj-Napoca,CLJ,LRCL,,,20:10,23:15,18:10,20:15,125,660,246,2,2026-09-29T22:01:01.000Z
W43464,WMT,Bâle / Mulhouse,BSL,LFSB,Targu Mures,TGM,LRTM,,,20:25,23:35,18:25,20:35,130,693,15,1,2026-09-28T21:58:43.000Z
W67023,WZZ,Bratislava,BTS,LZIB,Alicante,ALC,LEAL,,,05:40,08:50,03:40,06:50,190,974,1356,2,2026-09-30T08:00:08.000Z
W67047,WZZ,Bratislava,BTS,LZIB,Podgorica,TGD,LYPG,,,05:50,07:15,03:50,05:15,85,359,246,1,2026-09-29T07:00:59.000Z
W67039,WZZ,Bratislava,BTS,LZIB,Dortmund,DTM,EDLW,,,06:00,07:40,04:00,05:40,100,422,246,1,2026-09-29T07:00:54.000Z
W67001,WZZ,Bratislava,BTS,LZIB,Kosice,KSC,LZKZ,,,06:00,06:55,04:00,04:55,55,163,1234567,1,2026-09-30T05:59:36.000Z
W67041,WZZ,Bratislava,BTS,LZIB,Tirana,TIA,LATI,,,06:00,07:35,04:00,05:35,95,419,135,1,2026-09-30T07:01:19.000Z
W67037,WZZ,Bratislava,BTS,LZIB,Berlin Brandenburg,BER,EDDB,,,06:30,07:45,04:30,05:45,75,289,1357,2,2026-09-30T07:01:12.000Z
W67045,WZZ,Bratislava,BTS,LZIB,Prishtina,PRN,BKPR,,,06:30,07:50,04:30,05:50,80,373,2467,1,2026-09-29T07:59:19.000Z
W61424,WZZ,Bratislava,BTS,LZIB,Warsaw Chopin,WAW,EPWA,,,08:20,09:30,06:20,07:30,70,280,23467,4,2026-09-30T08:58:31.000Z
W67021,WZZ,Bratislava,BTS,LZIB,Barcelona El Prat,BCN,LEBL,,,09:10,11:40,07:10,09:40,150,764,1234567,2,2026-09-30T08:58:31.000Z
W67043,WZZ,Bratislava,BTS,LZIB,Ohrid,OHD,LWOH,,,09:50,11:25,07:50,09:25,95,446,2467,2,2026-09-27T06:59:11.000Z
W67033,WZZ,Bratislava,BTS,LZIB,Basel-Mulhouse-Freiburg,BSL,LFSB,,,10:05,11:40,08:05,09:40,95,391,47,2,2026-09-27T10:02:05.000Z
W67015,WZZ,Bratislava,BTS,LZIB,Lamezia Terme,SUF,LICA,,,10:10,12:10,08:10,10:10,120,558,145,3,2026-09-28T11:59:07.000Z
W67017,WZZ,Bratislava,BTS,LZIB,Rome Fiumicino,FCO,LIRF,,,10:35,12:15,08:35,10:15,100,436,1234567,2,2026-09-30T08:58:31.000Z
W67069,WZZ,Bratislava,BTS,LZIB,London Luton,LTN,EGGW,,,10:35,11:40,08:35,10:40,125,712,23467,2,2026-09-30T08:58:31.000Z
W64244,WZZ,Bratislava,BTS,LZIB,Tuzla,TZL,LQTZ,,,12:55,14:00,10:55,12:00,65,231,2467,2,2026-09-29T13:59:14.000Z
W67031,WZZ,Bratislava,BTS,LZIB,Oslo Gardermoen,OSL,ENGM,,,13:25,16:00,11:25,14:00,155,752,135,1,2026-09-28T15:58:52.000Z
W64762,WZZ,Bratislava,BTS,LZIB,Skopje,SKP,LWSK,,,14:15,15:45,12:15,13:45,90,417,1357,2,2026-09-30T08:58:31.000Z
W67011,WZZ,Bratislava,BTS,LZIB,Naples,NAP,LIRN,,,14:25,16:05,12:25,14:05,100,455,2467,1,2026-09-29T15:59:43.000Z
W67065,WZZ,Bratislava,BTS,LZIB,Kutaisi,KUT,UGKO,,,15:30,20:45,13:30,16:45,195,1123,1357,4,2026-09-30T08:58:31.000Z
W67025,WZZ,Bratislava,BTS,LZIB,Malaga,AGP,LEMG,,,15:50,19:25,13:50,17:25,215,1177,1357,1,2026-09-30T08:58:31.000Z
W67007,WZZ,Bratislava,BTS,LZIB,Plovdiv,PDV,LBPD,,,15:50,18:30,13:50,15:30,100,488,26,1,2026-09-29T17:59:54.000Z
W43996,WMT,Bratislava,BTS,LZIB,Chisinau,RMO,LUKK,,,16:05,18:25,14:05,15:25,80,480,1,1,2026-08-31T05:18:56.000Z
W67003,WZZ,Bratislava,BTS,LZIB,Kosice,KSC,LZKZ,,,16:10,17:05,14:10,15:05,55,163,124567,3,2026-09-29T16:59:39.000Z
W47017,WMT,Bratislava,BTS,LZIB,Rome Fiumicino,FCO,LIRF,,,16:15,17:50,14:15,15:50,95,436,4,1,2026-09-24T17:59:28.000Z
W67029,WZZ,Bratislava,BTS,LZIB,Barcelona El Prat,BCN,LEBL,,,16:55,19:10,14:55,17:10,135,764,7,1,2026-09-20T18:59:04.000Z
W67061,WZZ,Bratislava,BTS,LZIB,Tel-Aviv,TLV,LLBG,,,17:05,21:35,15:05,18:35,210,1259,1234567,1,2026-09-30T08:58:31.000Z
W67013,WZZ,Bratislava,BTS,LZIB,Palermo (Sicily),PMO,LICJ,,,18:50,21:05,16:50,19:05,135,626,2467,2,2026-09-29T21:00:59.000Z
W67059,WZZ,Bratislava,BTS,LZIB,Mykonos,JMK,LGMK,,,19:00,22:20,17:00,19:20,140,736,15,1,2026-09-28T21:00:02.000Z
W64626,WZZ,Bratislava,BTS,LZIB,Larnaca,LCA,LCLK,,,19:05,23:10,17:05,20:10,185,1082,357,3,2026-09-30T08:58:31.000Z
W67051,WZZ,Bratislava,BTS,LZIB,Nice,NCE,LFMN,,,19:20,21:15,17:20,19:15,115,497,246,2,2026-09-26T21:00:51.000Z
W67035,WZZ,Bratislava,BTS,LZIB,Athens,ATH,LGAV,,,19:55,23:10,17:55,20:10,135,681,135,1,2026-09-30T08:58:31.000Z
W67862,WZZ,Bratislava,BTS,LZIB,Yerevan,EVN,UDYZ,,,20:05,01:10,18:05,21:10,185,1258,246,3,2026-09-29T22:59:59.000Z
W67005,WZZ,Bratislava,BTS,LZIB,Varna (Black Sea),VAR,LBWN,,,20:25,23:15,18:25,20:15,110,534,2467,3,2026-09-29T22:59:59.000Z
W62389,WZZ,Budapest,BUD,LHBP,Malaga,AGP,LEMG,,,05:00,08:40,03:00,06:40,220,1233,1234567,2,2026-09-30T08:00:15.000Z
W62501,WZZ,Budapest,BUD,LHBP,Tel-Aviv,TLV,LLBG,,,05:00,09:15,03:00,06:15,195,1169,1,1,2026-09-28T08:00:22.000Z
W62503,WZZ,Budapest,BUD,LHBP,Tel-Aviv,TLV,LLBG,,,05:00,09:15,03:00,06:15,195,1169,2,1,2026-09-29T08:05:43.000Z
W62505,WZZ,Budapest,BUD,LHBP,Tel-Aviv,TLV,LLBG,,,05:00,09:15,03:00,06:15,195,1169,3,1,2026-09-30T08:00:09.000Z
W62507,WZZ,Budapest,BUD,LHBP,Tel-Aviv,TLV,LLBG,,,05:00,09:15,03:00,06:15,195,1169,45,1,2026-09-24T07:59:32.000Z
W62509,WZZ,Budapest,BUD,LHBP,Tel-Aviv,TLV,LLBG,,,05:00,09:15,03:00,06:15,195,1169,5,1,2026-09-25T08:01:23.000Z
W62511,WZZ,Budapest,BUD,LHBP,Tel-Aviv,TLV,LLBG,,,05:00,09:15,03:00,06:15,195,1169,6,1,2026-09-26T07:59:55.000Z
W62513,WZZ,Budapest,BUD,LHBP,Tel-Aviv,TLV,LLBG,,,05:00,09:15,03:00,06:15,195,1169,7,1,2026-09-27T08:00:07.000Z
W62387,WZZ,Budapest,BUD,LHBP,Alicante,ALC,LEAL,,,05:15,08:30,03:15,06:30,195,1026,1234567,1,2026-09-30T08:00:08.000Z
W62429,WZZ,Budapest,BUD,LHBP,Istanbul,IST,LTFM,,,05:30,08:45,03:30,05:45,135,549,1234567,1,2026-09-30T07:01:15.000Z
W62487,WZZ,Budapest,BUD,LHBP,Ankara,ESB,LTAC,,,05:45,09:15,03:45,06:15,150,738,135,3,2026-09-30T08:00:07.000Z
W62441,WZZ,Budapest,BUD,LHBP,Athens,ATH,LGAV,,,05:50,08:55,03:50,05:55,125,606,1234567,1,2026-09-30T07:01:12.000Z
W62201,WZZ,Budapest,BUD,LHBP,London Luton,LTN,EGGW,,,06:00,07:45,04:00,06:45,165,805,1234567,1,2026-09-28T08:00:28.000Z
W62391,WZZ,Budapest,BUD,LHBP,Madrid,MAD,LEMD,,,06:00,08:55,04:00,06:55,175,1066,1357,2,2026-09-30T08:58:32.000Z
W62455,WZZ,Budapest,BUD,LHBP,Zakynthos,ZTH,LGZA,,,06:00,09:05,04:00,06:05,125,586,2467,4,2026-09-29T07:59:21.000Z
W62463,WZZ,Budapest,BUD,LHBP,Yerevan,EVN,UDYZ,,,06:00,11:10,04:00,07:10,190,1167,4,1,2026-09-24T09:00:34.000Z
W62261,WZZ,Budapest,BUD,LHBP,Kalamata,KLX,LGKL,,,06:00,09:05,04:00,06:05,125,634,15,1,2026-09-18T07:59:33.000Z
W62339,WZZ,Budapest,BUD,LHBP,Rome Fiumicino,FCO,LIRF,,,06:05,07:55,04:05,05:55,110,451,1234567,1,2026-09-30T07:01:16.000Z
W62451,WZZ,Budapest,BUD,LHBP,Larnaca,LCA,LCLK,,,06:10,10:05,04:10,07:05,175,992,1234567,2,2026-09-30T08:58:37.000Z
W62213,WZZ,Budapest,BUD,LHBP,Hurghada,HRG,HEGN,,,06:10,11:00,04:10,08:00,230,1395,246,1,2026-09-29T10:00:31.000Z
W62367,WZZ,Budapest,BUD,LHBP,Paris Orly,ORY,LFPO,,,06:10,08:35,04:10,06:35,145,681,1234567,1,2026-09-30T08:00:16.000Z
W62365,WZZ,Budapest,BUD,LHBP,Naples,NAP,LIRN,32Q,A21N,06:15,08:00,04:15,06:00,105,447,26,1,2026-09-29T07:59:21.000Z
W62271,WZZ,Budapest,BUD,LHBP,Eindhoven,EIN,EHEH,,,06:15,08:20,04:15,06:20,125,592,123457,1,2026-09-30T08:00:11.000Z
W62403,WZZ,Budapest,BUD,LHBP,Stockholm Arlanda,ARN,ESSA,,,06:20,08:45,04:20,06:45,145,735,1357,3,2026-09-27T22:00:03.000Z
W62259,WZZ,Budapest,BUD,LHBP,Sharm El Sheikh,SSH,HESH,,,06:20,10:50,04:20,07:50,210,1366,267,2,2026-09-29T18:58:52.000Z
W62467,WZZ,Budapest,BUD,LHBP,Warsaw Chopin,WAW,EPWA,,,06:20,07:35,04:20,05:35,75,292,1234567,1,2026-09-29T06:58:41.000Z
W62427,WZZ,Budapest,BUD,LHBP,Reykjavik,KEF,BIKF,,,06:20,09:00,04:20,09:00,280,1682,2456,4,2026-09-29T11:00:09.000Z
W62257,WZZ,Budapest,BUD,LHBP,Kefalonia,EFL,LGKF,,,06:20,09:20,04:20,06:20,120,562,2456,4,2026-09-19T08:01:35.000Z
W62375,WZZ,Budapest,BUD,LHBP,Barcelona El Prat,BCN,LEBL,,,06:45,09:25,04:45,07:25,160,822,1234567,1,2026-09-30T08:58:31.000Z
W62269,WZZ,Budapest,BUD,LHBP,Basel-Mulhouse-Freiburg,BSL,LFSB,,,06:45,08:35,04:45,06:35,110,476,1234567,1,2026-09-30T05:59:36.000Z
W62373,WZZ,Budapest,BUD,LHBP,Amman,AMM,OJAI,,,06:50,11:20,04:50,08:20,210,1215,26,1,2026-09-29T10:00:34.000Z
W62279,WZZ,Budapest,BUD,LHBP,Nice,NCE,LFMN,,,06:50,08:55,04:50,06:55,125,554,26,1,2026-09-19T07:59:16.000Z
W62281,WZZ,Budapest,BUD,LHBP,Brussels Charleroi,CRL,EBCI,,,06:50,08:55,04:50,06:55,125,610,1234567,1,2026-09-29T08:05:44.000Z
W62419,WZZ,Budapest,BUD,LHBP,Kraków,KRK,EPKK,,,07:30,08:30,05:30,06:30,60,160,13457,3,2026-09-30T08:00:15.000Z
W67864,WZZ,Budapest,BUD,LHBP,Yerevan,EVN,UDYZ,,,07:55,13:05,05:55,09:05,190,1167,37,1,2026-09-30T08:58:39.000Z
W42333,WMT,Budapest,BUD,LHBP,Milan Malpensa,MXP,LIMC,,,08:25,10:10,06:25,08:10,105,448,1234567,1,2026-09-29T11:00:10.000Z
W62221,WZZ,Budapest,BUD,LHBP,London Gatwick,LGW,EGKK,,,08:30,10:20,06:30,09:20,170,791,1234567,1,2026-09-30T08:58:37.000Z
W62315,WZZ,Budapest,BUD,LHBP,Berlin Brandenburg,BER,EDDB,,,10:05,11:35,08:05,09:35,90,370,1234567,1,2026-09-30T08:58:32.000Z
W62291,WZZ,Budapest,BUD,LHBP,Dortmund,DTM,EDLW,,,10:40,12:35,08:40,10:35,115,516,1234567,6,2026-09-30T08:58:32.000Z
W62345,WZZ,Budapest,BUD,LHBP,Varna (Black Sea),VAR,LBWN,,,10:40,13:15,08:40,10:15,95,440,12357,4,2026-09-16T12:58:29.000Z
W62483,WZZ,Budapest,BUD,LHBP,Brasov,GHV,LRBV,,,11:00,13:20,09:00,10:20,80,278,1234567,6,2026-09-30T08:00:08.000Z
W62233,WZZ,Budapest,BUD,LHBP,Tirana,TIA,LATI,,,11:05,12:35,09:05,10:35,90,362,1234567,4,2026-09-30T08:58:32.000Z
W62319,WZZ,Budapest,BUD,LHBP,Billund,BLL,EKBI,,,11:15,13:20,09:15,11:20,125,624,2467,2,2026-09-29T12:59:39.000Z
W62347,WZZ,Budapest,BUD,LHBP,Lamezia Terme,SUF,LICA,,,11:15,13:05,09:15,11:05,110,528,2456,4,2026-09-29T12:59:44.000Z
W62421,WZZ,Budapest,BUD,LHBP,Bergen,BGO,ENBR,,,11:20,14:05,09:20,12:05,165,914,135,1,2026-09-30T08:58:32.000Z
W62369,WZZ,Budapest,BUD,LHBP,Rimini,RMI,LIPR,,,11:20,12:50,09:20,10:50,90,346,13567,4,2026-09-19T13:00:00.000Z
W62425,WZZ,Budapest,BUD,LHBP,Vilnius,VNO,EYVI,,,11:25,14:10,09:25,11:10,105,488,1357,1,2026-09-30T08:58:32.000Z
W62423,WZZ,Budapest,BUD,LHBP,Tallinn,TLL,EETN,,,11:30,14:50,09:30,11:50,140,746,12467,4,2026-09-29T12:59:46.000Z
W62415,WZZ,Budapest,BUD,LHBP,Barcelona El Prat,BCN,LEBL,,,11:35,14:15,09:35,12:15,160,822,1267,3,2026-09-29T15:59:37.000Z
W62295,WMT,Budapest,BUD,LHBP,Memmingen / Munich West,FMM,EDJA,,,11:35,13:10,09:35,11:10,95,366,2346,2,2026-09-30T08:58:30.000Z
W62289,WZZ,Budapest,BUD,LHBP,Stuttgart,STR,EDDS,,,11:35,13:15,09:35,11:15,100,410,1234567,2,2026-09-29T22:01:07.000Z
W62343,WZZ,Budapest,BUD,LHBP,Rome Fiumicino,FCO,LIRF,,,11:45,13:35,09:45,11:35,110,451,5,1,2026-09-04T12:58:47.000Z
W62485,WZZ,Budapest,BUD,LHBP,Targu Mures,TGM,LRTM,,,11:55,14:00,09:55,11:00,65,219,1234567,1,2026-09-30T08:58:32.000Z
W62251,WZZ,Budapest,BUD,LHBP,Copenhagen,CPH,EKCH,,,12:10,14:10,10:10,12:10,120,549,1234567,2,2026-09-30T08:58:32.000Z
W62255,WZZ,Budapest,BUD,LHBP,Dubrovnik,DBV,LDDU,,,12:10,13:25,10:10,11:25,75,295,1357,2,2026-09-18T13:01:21.000Z
W61840,WZZ,Budapest,BUD,LHBP,Wroclaw,WRO,EPWR,,,12:10,13:25,10:10,11:25,75,239,135,2,2026-09-30T08:58:32.000Z
W64350,WZZ,Budapest,BUD,LHBP,Sofia,SOF,LBSF,,,12:40,15:00,10:40,12:00,80,334,13457,3,2026-09-30T08:58:32.000Z
W62203,WZZ,Budapest,BUD,LHBP,London Luton,LTN,EGGW,,,12:50,14:35,10:50,13:35,165,805,1234567,1,2026-09-30T08:58:32.000Z
W62449,WZZ,Budapest,BUD,LHBP,Rhodes,RHO,LGRP,,,13:00,16:25,11:00,13:25,145,769,2346,3,2026-09-19T14:59:42.000Z
W62443,WZZ,Budapest,BUD,LHBP,Heraklion (Crete),HER,LGIR,,,13:05,16:25,11:05,13:25,140,773,12467,4,2026-09-29T20:00:25.000Z
W67638,WZZ,Budapest,BUD,LHBP,Podgorica,TGD,LYPG,,,13:10,14:25,11:10,12:25,75,304,47,1,2026-09-27T13:59:21.000Z
W62447,WZZ,Budapest,BUD,LHBP,Thessaloniki,SKG,LGTS,,,13:10,15:50,11:10,12:50,100,445,1356,3,2026-09-30T08:58:32.000Z
W62327,WZZ,Budapest,BUD,LHBP,Tel-Aviv,TLV,LLBG,,,13:40,17:55,11:40,14:55,195,1169,1234567,1,2026-09-30T08:58:32.000Z
W62263,WZZ,Budapest,BUD,LHBP,Nice,NCE,LFMN,,,13:45,15:50,11:45,13:50,125,554,1234567,1,2026-09-30T08:58:32.000Z
W62361,WZZ,Budapest,BUD,LHBP,Bari,BRI,LIBD,,,13:50,15:25,11:50,13:25,95,393,1234567,4,2026-09-30T08:58:30.000Z
W62493,WZZ,Budapest,BUD,LHBP,Tenerife (Canary Islands),TFS,GCTS,,,13:55,18:35,11:55,17:35,340,2034,1357,1,2026-09-30T08:58:32.000Z
W62229,WZZ,Budapest,BUD,LHBP,Skopje,SKP,LWSK,,,13:55,15:20,11:55,13:20,85,344,135,1,2026-09-28T14:59:56.000Z
W62381,WZZ,Budapest,BUD,LHBP,Larnaca,LCA,LCLK,,,14:10,18:05,12:10,15:05,175,992,3,1,2026-09-30T08:58:32.000Z
W62481,WZZ,Budapest,BUD,LHBP,Larnaca,LCA,LCLK,,,14:15,18:10,12:15,15:10,175,992,267,3,2026-09-29T17:59:52.000Z
W42359,WMT,Budapest,BUD,LHBP,Naples,NAP,LIRN,,,14:25,16:10,12:25,14:10,105,447,1234567,1,2026-09-30T08:58:32.000Z
W62273,WZZ,Budapest,BUD,LHBP,Eindhoven,EIN,EHEH,,,14:40,16:50,12:40,14:50,130,592,1234567,1,2026-09-30T08:58:32.000Z
W62349,WZZ,Budapest,BUD,LHBP,Turin,TRN,LIMF,,,14:40,16:30,12:40,14:30,110,499,135,2,2026-09-30T08:58:32.000Z
W66710,WZZ,Budapest,BUD,LHBP,Venice,VCE,LIPZ,,,14:50,16:20,12:50,14:20,90,308,3,1,2026-09-02T16:00:08.000Z
W62397,WZZ,Budapest,BUD,LHBP,Funchal (Madeira),FNC,LPMA,,,14:50,19:00,12:50,18:00,310,1854,135,3,2026-09-30T08:58:32.000Z
W62527,WZZ,Budapest,BUD,LHBP,Tel-Aviv,TLV,LLBG,,,15:05,18:55,13:05,15:55,170,1169,7,1,2026-09-27T18:00:42.000Z
W62411,WZZ,Budapest,BUD,LHBP,Malaga,AGP,LEMG,,,15:30,19:10,13:30,17:10,220,1233,14,1,2026-09-03T21:00:17.000Z
W62267,WZZ,Budapest,BUD,LHBP,Basel-Mulhouse-Freiburg,BSL,LFSB,,,15:30,17:20,13:30,15:20,110,476,1357,2,2026-09-30T08:58:32.000Z
W62371,WZZ,Budapest,BUD,LHBP,Madrid,MAD,LEMD,,,15:45,19:15,13:45,17:15,210,1066,1234567,2,2026-09-30T08:58:32.000Z
W62515,WZZ,Budapest,BUD,LHBP,Tel-Aviv,TLV,LLBG,,,15:45,20:00,13:45,17:00,195,1169,1,1,2026-09-28T19:01:09.000Z
W62517,WZZ,Budapest,BUD,LHBP,Tel-Aviv,TLV,LLBG,,,15:45,20:00,13:45,17:00,195,1169,2,1,2026-09-29T19:00:52.000Z
W62519,WZZ,Budapest,BUD,LHBP,Tel-Aviv,TLV,LLBG,,,15:45,20:00,13:45,17:00,195,1169,3,1,2026-09-30T08:58:32.000Z
W62521,WZZ,Budapest,BUD,LHBP,Tel-Aviv,TLV,LLBG,,,15:45,20:20,13:45,17:20,215,1169,4,1,2026-09-24T19:01:29.000Z
W62523,WZZ,Budapest,BUD,LHBP,Tel-Aviv,TLV,LLBG,,,15:45,20:00,13:45,17:00,195,1169,5,1,2026-09-25T18:59:59.000Z
W62525,WZZ,Budapest,BUD,LHBP,Tel-Aviv,TLV,LLBG,,,15:45,20:00,13:45,17:00,195,1169,6,1,2026-09-26T19:01:33.000Z
W62459,WZZ,Budapest,BUD,LHBP,Marrakesh,RAK,GMMX,,,15:55,18:25,13:55,18:25,270,1568,246,2,2026-09-29T20:00:27.000Z
W62471,WZZ,Budapest,BUD,LHBP,Zadar,ZAD,LDZD,,,15:55,17:10,13:55,15:10,75,258,2467,3,2026-09-19T17:00:17.000Z
W62385,WZZ,Budapest,BUD,LHBP,Valencia,VLC,LEVC,,,16:10,19:10,14:10,17:10,180,980,13457,2,2026-09-30T08:58:32.000Z
W64645,WZZ,Budapest,BUD,LHBP,Larnaca,LCA,LCLK,,,16:25,20:20,14:25,17:20,175,992,1,1,2026-09-21T19:00:10.000Z
W62413,WZZ,Budapest,BUD,LHBP,Bilbao,BIO,LEBB,,,16:30,19:30,14:30,17:30,180,964,2346,3,2026-09-29T19:00:52.000Z
W62431,WZZ,Budapest,BUD,LHBP,Antalya,AYT,LTAI,,,16:45,20:30,14:45,17:30,165,813,124567,2,2026-09-29T19:00:50.000Z
W62393,WZZ,Budapest,BUD,LHBP,Lisbon,LIS,LPPT,,,16:45,19:50,14:45,18:50,245,1339,1234567,1,2026-09-30T08:58:32.000Z
W61690,WZZ,Budapest,BUD,LHBP,Gdansk,GDN,EPGD,,,16:55,18:25,14:55,16:25,90,418,1357,1,2026-09-30T08:58:32.000Z
W46710,WMT,Budapest,BUD,LHBP,Venice,VCE,LIPZ,,,17:10,18:40,15:10,16:40,90,308,135,1,2026-09-30T08:58:32.000Z
W62457,WZZ,Budapest,BUD,LHBP,Menorca,MAH,LEMH,,,17:15,19:50,15:15,17:50,155,794,246,2,2026-09-29T20:00:27.000Z
W62377,WZZ,Budapest,BUD,LHBP,Barcelona El Prat,BCN,LEBL,,,17:30,20:10,15:30,18:10,160,822,1234567,1,2026-09-30T08:58:31.000Z
W62205,WZZ,Budapest,BUD,LHBP,London Luton,LTN,EGGW,,,17:30,19:15,15:30,18:15,165,805,1234567,1,2026-09-30T08:58:32.000Z
W62495,WZZ,Budapest,BUD,LHBP,Malta,MLA,LMML,,,17:40,20:00,15:40,18:00,140,727,1234567,4,2026-09-29T22:01:05.000Z
W62363,WZZ,Budapest,BUD,LHBP,Alghero (Sardinia),AHO,LIEA,,,18:10,20:20,16:10,18:20,130,624,1356,3,2026-09-30T08:58:30.000Z
W62453,WZZ,Budapest,BUD,LHBP,Santorini,JTR,LGSR,,,18:10,21:25,16:10,18:25,135,718,47,2,2026-09-27T20:00:11.000Z
W62353,WZZ,Budapest,BUD,LHBP,Catania (Sicily),CTA,LICC,,,18:20,20:35,16:20,18:35,135,626,13457,3,2026-09-30T08:58:32.000Z
W62395,WZZ,Budapest,BUD,LHBP,Alicante,ALC,LEAL,,,18:30,21:45,16:30,19:45,195,1026,15,2,2026-09-18T21:01:57.000Z
W62439,WZZ,Budapest,BUD,LHBP,Athens,ATH,LGAV,,,18:30,21:35,16:30,18:35,125,606,36,1,2026-09-05T20:01:48.000Z
W62341,WZZ,Budapest,BUD,LHBP,Rome Fiumicino,FCO,LIRF,,,18:50,20:40,16:50,18:40,110,451,123457,4,2026-09-30T08:58:32.000Z
W62351,WZZ,Budapest,BUD,LHBP,Genoa,GOA,LIMJ,,,18:50,20:35,16:50,18:35,105,471,246,1,2026-09-29T20:00:25.000Z
W62479,WZZ,Budapest,BUD,LHBP,Bourgas (Black Sea),BOJ,LBBG,,,19:20,22:00,17:20,19:00,100,456,23467,3,2026-09-19T20:59:30.000Z
W62445,WZZ,Budapest,BUD,LHBP,Corfu,CFU,LGKR,,,19:25,22:10,17:25,19:10,105,471,1357,2,2026-09-30T08:58:32.000Z
W62317,WZZ,Budapest,BUD,LHBP,Berlin Brandenburg,BER,EDDB,,,19:40,21:10,17:40,19:10,90,370,123467,5,2026-09-30T08:58:32.000Z
W62383,WZZ,Budapest,BUD,LHBP,Palma de Mallorca,PMI,LEPA,,,19:40,22:25,17:40,20:25,165,859,1357,1,2026-09-30T08:58:32.000Z
W62435,WZZ,Budapest,BUD,LHBP,Istanbul,IST,LTFM,,,19:40,22:55,17:40,19:55,135,549,26,2,2026-09-29T22:59:57.000Z
W62469,WZZ,Budapest,BUD,LHBP,Warsaw Chopin,WAW,EPWA,,,19:55,21:05,17:55,19:05,70,292,1357,1,2026-09-30T08:58:32.000Z
W63292,WZZ,Budapest,BUD,LHBP,Bucharest Baneasa,BBU,LRBS,,,20:15,22:35,18:15,19:35,80,335,1234567,3,2026-09-30T08:58:32.000Z
W62231,WZZ,Budapest,BUD,LHBP,Podgorica,TGD,LYPG,,,20:15,21:30,18:15,19:30,75,304,2,1,2026-09-01T21:00:40.000Z
W62409,WZZ,Budapest,BUD,LHBP,Istanbul,IST,LTFM,,,20:25,23:40,18:25,20:40,135,549,1,1,2026-09-28T22:00:46.000Z
W42341,WMT,Budapest,BUD,LHBP,Rome Fiumicino,FCO,LIRF,,,21:15,23:05,19:15,21:05,110,451,3,1,2026-09-10T00:00:58.000Z
W42343,WMT,Budapest,BUD,LHBP,Rome Fiumicino,FCO,LIRF,,,21:50,23:40,19:50,21:40,110,451,246,2,2026-09-30T01:00:30.000Z
W42335,WMT,Budapest,BUD,LHBP,Milan Malpensa,MXP,LIMC,,,21:55,23:35,19:55,21:35,100,448,1234567,2,2026-09-30T08:58:32.000Z
W62499,WZZ,Budapest,BUD,LHBP,Baku,GYD,UBBB,,,22:20,03:50,20:20,23:50,210,1384,1357,1,2026-09-29T03:00:58.000Z
W62247,WZZ,Budapest,BUD,LHBP,Kutaisi,KUT,UGKO,,,22:50,03:50,20:50,23:50,180,1034,1246,2,2026-09-30T01:00:29.000Z
W64538,WZZ,Paris Beauvais,BVA,LFOB,Varna (Black Sea),VAR,LBWN,,,07:55,12:05,05:55,09:05,190,1123,37,1,2026-09-20T10:58:59.000Z
W43456,WMT,Paris Beauvais,BVA,LFOB,Targu Mures,TGM,LRTM,,,08:10,11:50,06:10,08:50,160,911,15,1,2026-09-28T09:58:56.000Z
W43332,WMT,Paris Beauvais,BVA,LFOB,Cluj-Napoca,CLJ,LRCL,,,08:30,12:05,06:30,09:05,155,876,13457,1,2026-09-30T08:58:34.000Z
W43664,WMT,Paris Beauvais,BVA,LFOB,Iasi,IAS,LRIA,,,08:35,12:30,06:35,09:30,175,1023,1234567,1,2026-09-28T10:59:42.000Z
W43780,WMT,Paris Beauvais,BVA,LFOB,Craiova,CRA,LRCV,,,09:15,12:55,07:15,09:55,160,941,37,2,2026-09-30T08:58:32.000Z
W43950,WMT,Paris Beauvais,BVA,LFOB,Chisinau,RMO,LUKK,,,09:20,13:20,07:20,10:20,180,1078,14567,1,2026-08-31T05:18:53.000Z
W45140,WMT,Paris Beauvais,BVA,LFOB,Tirana,TIA,LATI,,,09:40,12:15,07:40,10:15,155,882,1234567,1,2026-09-30T08:58:32.000Z
W43052,WMT,Paris Beauvais,BVA,LFOB,Bucharest Otopeni,OTP,LROP,,,09:45,13:40,07:45,10:40,175,1020,1234567,1,2026-09-30T08:58:32.000Z
W67624,WZZ,Paris Beauvais,BVA,LFOB,Podgorica,TGD,LYPG,,,15:30,18:00,13:30,16:00,150,830,1357,2,2026-09-30T08:58:32.000Z
W64046,WZZ,Paris Beauvais,BVA,LFOB,Belgrade,BEG,LYBE,,,15:40,18:05,13:40,16:05,145,791,1234567,1,2026-09-30T08:58:32.000Z
W64720,WZZ,Paris Beauvais,BVA,LFOB,Skopje,SKP,LWSK,,,15:45,18:30,13:45,16:30,165,930,246,1,2026-09-26T17:59:00.000Z
W67830,WZZ,Paris Beauvais,BVA,LFOB,Yerevan,EVN,UDYZ,,,17:30,00:05,15:30,20:05,275,1859,246,2,2026-09-29T22:01:07.000Z
W67916,WZZ,Paris Beauvais,BVA,LFOB,Kutaisi,KUT,UGKO,,,18:45,01:15,16:45,21:15,270,1723,135,1,2026-09-30T08:58:32.000Z
W64322,WZZ,Paris Beauvais,BVA,LFOB,Sofia,SOF,LBSF,,,19:20,23:10,17:20,20:10,170,971,1357,2,2026-09-30T08:58:32.000Z
W43522,WMT,Paris Beauvais,BVA,LFOB,Timisoara,TSR,LRTR,,,20:05,23:30,18:05,20:30,145,806,135,1,2026-09-28T21:58:43.000Z
W43408,WMT,Castellon (Valencia),CDT,LECH,Cluj-Napoca,CLJ,LRCL,,,14:35,18:35,12:35,15:35,180,1096,26,1,2026-09-29T16:59:35.000Z
W43182,WMT,Castellon (Valencia),CDT,LECH,Bucharest Otopeni,OTP,LROP,,,15:20,19:35,13:20,16:35,195,1178,135,2,2026-09-30T08:58:32.000Z
W46482,WMT,Corfu,CFU,LGKR,Milan Malpensa,MXP,LIMC,,,00:45,01:55,21:45,23:55,130,612,7,1,2026-09-06T01:00:03.000Z
W43286,WMT,Corfu,CFU,LGKR,Bucharest Otopeni,OTP,LROP,,,08:20,10:00,05:20,07:00,100,406,124567,2,2026-09-19T08:59:10.000Z
W46092,WMT,Corfu,CFU,LGKR,Rome Fiumicino,FCO,LIRF,,,09:20,10:00,06:20,08:00,100,373,47,1,2026-09-03T10:00:54.000Z
W61248,WZZ,Corfu,CFU,LGKR,Katowice,KTW,EPKT,,,09:30,10:40,06:30,08:40,130,654,15,1,2026-09-28T09:58:53.000Z
W46432,WMT,Corfu,CFU,LGKR,Milan Malpensa,MXP,LIMC,,,09:35,10:30,06:35,08:30,115,612,124,2,2026-09-03T11:00:20.000Z
W43336,WMT,Corfu,CFU,LGKR,Cluj-Napoca,CLJ,LRCL,,,16:05,17:50,13:05,14:50,105,462,135,3,2026-09-18T15:59:40.000Z
W61544,WZZ,Corfu,CFU,LGKR,Warsaw Chopin,WAW,EPWA,,,16:10,17:30,13:10,15:30,140,756,246,2,2026-09-29T17:59:55.000Z
W46078,WMT,Corfu,CFU,LGKR,Rome Fiumicino,FCO,LIRF,,,18:50,19:30,15:50,17:30,100,373,1234567,4,2026-09-05T09:00:45.000Z
W95496,WUK,Corfu,CFU,LGKR,London Luton,LTN,EGGW,,,20:25,21:45,17:25,20:45,200,1118,36,2,2026-09-19T21:59:55.000Z
W64308,WZZ,Corfu,CFU,LGKR,Sofia,SOF,LBSF,,,22:00,23:10,19:00,20:10,70,244,27,2,2026-09-29T22:01:07.000Z
W62446,WZZ,Corfu,CFU,LGKR,Budapest,BUD,LHBP,,,22:50,23:30,19:50,21:30,100,471,1357,3,2026-09-28T22:59:35.000Z
W64782,WZZ,Cologne,CGN,EDDK,Skopje,SKP,LWSK,,,22:20,00:50,20:20,22:50,150,801,1357,3,2026-09-29T00:59:27.000Z
W45122,WMT,Cologne,CGN,EDDK,Tirana,TIA,LATI,,,22:40,01:05,20:40,23:05,145,770,12467,4,2026-09-30T00:00:23.000Z
W67604,WZZ,Cologne,CGN,EDDK,Podgorica,TGD,LYPG,,,22:45,01:05,20:45,23:05,140,713,2467,1,2026-09-30T01:00:30.000Z
W64300,WZZ,Cologne,CGN,EDDK,Tuzla,TZL,LQTZ,,,22:45,00:45,20:45,22:45,120,605,1357,3,2026-09-28T23:59:37.000Z
W43262,WMT,Cologne,CGN,EDDK,Bucharest Otopeni,OTP,LROP,,,22:55,02:30,20:55,23:30,155,851,1357,1,2026-09-29T00:59:24.000Z
W64004,WZZ,Chania (Crete),CHQ,LGSA,Belgrade,BEG,LYBE,,,01:05,02:05,22:05,00:05,120,585,246,1,2026-09-29T02:00:45.000Z
W46202,WMT,Chania (Crete),CHQ,LGSA,Rome Fiumicino,FCO,LIRF,,,09:35,10:55,06:35,08:55,140,672,15,2,2026-09-04T09:59:32.000Z
W61324,WMT,Chania (Crete),CHQ,LGSA,Warsaw Chopin,WAW,EPWA,,,11:10,13:10,08:10,11:10,180,1008,15,2,2026-09-28T12:59:05.000Z
W95490,WUK,Chania (Crete),CHQ,LGSA,London Luton,LTN,EGGW,,,21:50,23:55,18:50,22:55,245,1435,15,2,2026-09-28T23:59:35.000Z
W46345,WMT,Rome Ciampino,CIA,LIRA,Olbia (Sardinia),OLB,LIEO,,,10:00,11:05,08:00,09:05,65,149,1234567,1,2026-09-05T11:00:16.000Z
W45066,WMT,Comiso (Sicily),CIY,LICB,Tirana,TIA,LATI,,,08:00,09:25,06:00,07:25,85,356,26,1,2026-09-19T08:59:13.000Z
W61062,WZZ,Comiso (Sicily),CIY,LICB,Katowice,KTW,EPKT,,,10:00,12:40,08:00,10:40,160,832,37,2,2026-09-13T12:00:59.000Z
W43479,WMT,Cluj-Napoca,CLJ,LRCL,Tel-Aviv,TLV,LLBG,,,05:10,08:05,02:10,05:05,175,1026,15,2,2026-09-28T07:02:29.000Z
W43403,WMT,Cluj-Napoca,CLJ,LRCL,Barcelona El Prat,BCN,LEBL,,,05:40,07:45,02:40,05:45,185,985,15,1,2026-09-21T06:59:01.000Z
W43323,WMT,Cluj-Napoca,CLJ,LRCL,Heraklion (Crete),HER,LGIR,,,05:50,08:00,02:50,05:00,130,691,246,1,2026-09-29T07:00:56.000Z
W43331,WMT,Cluj-Napoca,CLJ,LRCL,Paris Beauvais,BVA,LFOB,,,06:00,07:45,03:00,05:45,165,876,1234567,1,2026-09-30T07:01:12.000Z
W43351,WMT,Cluj-Napoca,CLJ,LRCL,Brussels Charleroi,CRL,EBCI,,,06:10,07:40,03:10,05:40,150,792,1234567,1,2026-09-30T07:01:12.000Z
W43301,WMT,Cluj-Napoca,CLJ,LRCL,London Luton,LTN,EGGW,,,06:15,07:15,03:15,06:15,180,984,1234567,1,2026-09-30T08:00:16.000Z
W43373,WMT,Cluj-Napoca,CLJ,LRCL,Memmingen / Munich West,FMM,EDJA,,,06:30,07:25,03:30,05:25,115,551,1357,1,2026-09-30T07:01:11.000Z
W43357,WMT,Cluj-Napoca,CLJ,LRCL,Berlin Brandenburg,BER,EDDB,,,06:45,07:40,03:45,05:40,115,518,246,1,2026-09-29T07:00:53.000Z
W43381,WMT,Cluj-Napoca,CLJ,LRCL,Milan Bergamo,BGY,LIME,,,06:45,07:50,03:45,05:50,125,584,13457,2,2026-09-30T07:01:15.000Z
W43433,WMT,Cluj-Napoca,CLJ,LRCL,Dubrovnik,DBV,LDDU,,,06:45,07:05,03:45,05:05,80,343,26,1,2026-09-29T07:00:54.000Z
W43361,WMT,Cluj-Napoca,CLJ,LRCL,Dortmund,DTM,EDLW,,,07:10,08:30,04:10,06:30,140,690,1234567,1,2026-09-30T08:00:10.000Z
W43367,WMT,Cluj-Napoca,CLJ,LRCL,Stuttgart,STR,EDDS,,,07:10,08:15,04:10,06:15,125,594,246,2,2026-09-29T07:59:20.000Z
W43369,WMT,Cluj-Napoca,CLJ,LRCL,Nuremberg,NUE,EDDN,,,11:25,12:20,08:25,10:20,115,530,246,2,2026-09-29T12:00:48.000Z
W43407,WMT,Cluj-Napoca,CLJ,LRCL,Castellon (Valencia),CDT,LECH,,,11:40,14:00,08:40,12:00,200,1096,26,1,2026-09-29T14:01:33.000Z
W43393,WMT,Cluj-Napoca,CLJ,LRCL,Bologna,BLQ,LIPE,,,12:00,12:40,09:00,10:40,100,537,1234567,1,2026-09-30T08:58:33.000Z
W43387,WMT,Cluj-Napoca,CLJ,LRCL,Milan Malpensa,MXP,LIMC,,,12:15,13:20,09:15,11:20,125,624,267,2,2026-09-29T12:59:44.000Z
W43443,WMT,Cluj-Napoca,CLJ,LRCL,Stockholm Skavsta,NYO,ESKN,,,12:30,13:55,09:30,11:55,145,761,37,2,2026-09-30T08:58:33.000Z
W43445,WMT,Cluj-Napoca,CLJ,LRCL,Oslo Sandefjord Torp,TRF,ENTO,,,13:00,14:45,10:00,12:45,165,885,15,1,2026-09-28T14:00:41.000Z
W43439,WMT,Cluj-Napoca,CLJ,LRCL,Malmo,MMX,ESMS,,,13:05,14:15,10:05,12:15,130,652,37,1,2026-09-30T08:58:33.000Z
W43427,WMT,Cluj-Napoca,CLJ,LRCL,Naples,NAP,LIRN,,,13:15,14:15,10:15,12:15,120,539,1457,2,2026-09-28T13:57:57.000Z
W43391,WMT,Cluj-Napoca,CLJ,LRCL,Venice Treviso,TSF,LIPH,,,13:20,14:10,10:20,12:10,110,482,15,2,2026-09-28T14:00:42.000Z
W43397,WMT,Cluj-Napoca,CLJ,LRCL,Bari,BRI,LIBD,,,13:45,14:30,10:45,12:30,105,452,246,2,2026-09-29T14:01:32.000Z
W43335,WMT,Cluj-Napoca,CLJ,LRCL,Corfu,CFU,LGKR,,,13:45,15:30,10:45,12:30,105,462,135,3,2026-09-18T14:01:20.000Z
W43441,WMT,Cluj-Napoca,CLJ,LRCL,Billund,BLL,EKBI,,,13:55,15:25,10:55,13:25,150,763,26,1,2026-09-29T15:59:37.000Z
W43341,WMT,Cluj-Napoca,CLJ,LRCL,Eindhoven,EIN,EHEH,,,13:55,15:25,10:55,13:25,150,770,2467,1,2026-09-29T14:59:36.000Z
W43421,WMT,Cluj-Napoca,CLJ,LRCL,Antalya,AYT,LTAI,,,14:00,16:10,11:00,13:10,130,673,135,1,2026-09-30T08:58:30.000Z
W43317,WMT,Cluj-Napoca,CLJ,LRCL,Zakynthos,ZTH,LGZA,,,14:55,17:00,11:55,14:00,125,556,47,2,2026-09-27T15:59:03.000Z
W43415,WMT,Cluj-Napoca,CLJ,LRCL,Malaga,AGP,LEMG,,,16:35,19:30,13:35,17:30,235,1391,26,2,2026-09-29T19:00:56.000Z
W43413,WMT,Cluj-Napoca,CLJ,LRCL,Alicante,ALC,LEAL,,,16:40,19:15,13:40,17:15,215,1181,135,1,2026-09-30T08:58:30.000Z
W43417,WMT,Cluj-Napoca,CLJ,LRCL,Zaragoza,ZAZ,LEZG,,,17:05,19:25,14:05,17:25,200,1102,246,2,2026-09-29T18:58:52.000Z
W43401,WMT,Cluj-Napoca,CLJ,LRCL,Madrid,MAD,LEMD,,,17:15,20:05,14:15,18:05,230,1236,13457,1,2026-09-30T08:58:32.000Z
W43409,WMT,Cluj-Napoca,CLJ,LRCL,Lisbon,LIS,LPPT,,,17:20,19:45,14:20,18:45,265,1511,47,2,2026-09-27T20:00:09.000Z
W43411,WMT,Cluj-Napoca,CLJ,LRCL,Valencia,VLC,LEVC,,,17:20,19:45,14:20,17:45,205,1140,47,2,2026-09-27T18:59:48.000Z
W43371,WMT,Cluj-Napoca,CLJ,LRCL,Basel-Mulhouse-Freiburg,BSL,LFSB,,,18:20,19:35,15:20,17:35,135,660,246,2,2026-09-29T16:59:35.000Z
W43385,WMT,Cluj-Napoca,CLJ,LRCL,Rome Fiumicino,FCO,LIRF,,,18:20,19:30,15:20,17:30,130,574,1234567,1,2026-09-30T08:58:33.000Z
W43313,WMT,Cluj-Napoca,CLJ,LRCL,Leeds,LBA,EGNM,,,18:30,19:40,15:30,18:40,190,1053,15,1,2026-09-28T20:00:07.000Z
W43405,WMT,Cluj-Napoca,CLJ,LRCL,Barcelona El Prat,BCN,LEBL,,,18:35,20:40,15:35,18:40,185,985,1234567,3,2026-09-30T08:58:31.000Z
W43399,WMT,Cluj-Napoca,CLJ,LRCL,Malta,MLA,LMML,,,19:45,21:05,16:45,19:05,140,776,135,2,2026-09-30T08:58:33.000Z
W43419,WMT,Cluj-Napoca,CLJ,LRCL,Palma de Mallorca,PMI,LEPA,,,19:45,21:50,16:45,19:50,185,1011,36,1,2026-09-30T08:58:33.000Z
W43303,WMT,Cluj-Napoca,CLJ,LRCL,London Luton,LTN,EGGW,,,19:55,21:05,16:55,20:05,190,984,1357,1,2026-09-30T08:58:33.000Z
W43481,WMT,Cluj-Napoca,CLJ,LRCL,Larnaca,LCA,LCLK,,,20:00,22:35,17:00,19:35,155,844,246,2,2026-09-29T21:01:02.000Z
W43327,WMT,Cluj-Napoca,CLJ,LRCL,Catania (Sicily),CTA,LICC,,,20:15,21:35,17:15,19:35,140,678,246,1,2026-09-29T21:00:54.000Z
W46082,WMT,Constanta,CND,LRCK,Rome Fiumicino,FCO,LIRF,,,10:10,11:30,07:10,09:30,140,727,26,1,2026-09-29T11:00:09.000Z
W95402,WUK,Constanta,CND,LRCK,London Luton,LTN,EGGW,,,12:25,14:15,09:25,13:15,230,1231,135,2,2026-09-28T14:59:53.000Z
W43994,WMT,Copenhagen,CPH,EKCH,Chisinau,RMO,LUKK,,,08:30,12:00,06:30,09:00,150,800,15,1,2026-08-31T05:18:58.000Z
W61368,WZZ,Copenhagen,CPH,EKCH,Warsaw Chopin,WAW,EPWA,,,08:45,10:20,06:45,08:20,95,359,1234567,1,2026-09-29T10:00:35.000Z
W43124,WMT,Copenhagen,CPH,EKCH,Bucharest Otopeni,OTP,LROP,,,09:25,12:55,07:25,09:55,150,838,15,2,2026-09-28T11:59:07.000Z
W62252,WZZ,Copenhagen,CPH,EKCH,Budapest,BUD,LHBP,,,14:40,16:35,12:40,14:35,115,549,1234567,2,2026-09-30T08:58:33.000Z
W61742,WZZ,Copenhagen,CPH,EKCH,Gdansk,GDN,EPGD,,,15:20,16:25,13:20,14:25,65,213,1234567,1,2026-09-30T08:58:34.000Z
W43114,WMT,Copenhagen,CPH,EKCH,Bucharest Otopeni,OTP,LROP,,,21:00,00:35,19:00,21:35,155,838,1234567,2,2026-09-30T08:58:34.000Z
W43751,WMT,Craiova,CRA,LRCV,London Luton,LTN,EGGW,,,06:00,07:20,03:00,06:20,200,1067,1234567,1,2026-09-30T08:00:16.000Z
W43775,WMT,Craiova,CRA,LRCV,Naples,NAP,LIRN,,,06:30,07:25,03:30,05:25,115,471,26,1,2026-09-29T07:00:58.000Z
W43779,WMT,Craiova,CRA,LRCV,Paris Beauvais,BVA,LFOB,,,06:45,08:40,03:45,06:40,175,941,37,2,2026-09-30T08:00:08.000Z
W43767,WMT,Craiova,CRA,LRCV,Dortmund,DTM,EDLW,,,06:45,08:20,03:45,06:20,155,782,15,1,2026-09-28T08:00:25.000Z
W43769,WMT,Craiova,CRA,LRCV,Milan Bergamo,BGY,LIME,,,07:00,08:05,04:00,06:05,125,607,7,1,2026-09-27T08:00:11.000Z
W43777,WMT,Craiova,CRA,LRCV,Venice Treviso,TSF,LIPH,,,11:40,12:30,08:40,10:30,110,503,26,2,2026-09-29T12:00:50.000Z
W43773,WMT,Craiova,CRA,LRCV,Bari,BRI,LIBD,,,12:50,13:20,09:50,11:20,90,368,15,1,2026-09-28T13:01:43.000Z
W43791,WMT,Craiova,CRA,LRCV,Athens,ATH,LGAV,,,13:35,14:55,10:35,11:55,80,383,37,2,2026-09-30T08:58:30.000Z
W43755,WMT,Craiova,CRA,LRCV,Rome Fiumicino,FCO,LIRF,,,14:05,15:05,11:05,13:05,120,532,135,3,2026-09-30T08:58:33.000Z
W43831,WMT,Craiova,CRA,LRCV,Brussels Charleroi,CRL,EBCI,,,14:10,15:55,11:10,13:55,165,868,246,1,2026-09-29T14:59:33.000Z
W43763,WMT,Craiova,CRA,LRCV,Madrid,MAD,LEMD,,,16:45,19:40,13:45,17:40,235,1233,236,2,2026-09-29T19:00:51.000Z
W43765,WMT,Craiova,CRA,LRCV,Birmingham,BHX,EGBB,,,17:30,18:55,14:30,17:55,205,1125,135,2,2026-09-30T08:58:33.000Z
W43757,WMT,Craiova,CRA,LRCV,Barcelona El Prat,BCN,LEBL,,,17:55,19:55,14:55,17:55,180,975,47,1,2026-09-27T18:59:39.000Z
W43771,WMT,Craiova,CRA,LRCV,Milan Bergamo,BGY,LIME,,,18:50,19:55,15:50,17:55,125,607,13457,2,2026-09-30T08:58:33.000Z
W43761,WMT,Craiova,CRA,LRCV,Bologna,BLQ,LIPE,,,20:50,21:50,17:50,19:50,120,540,246,1,2026-09-29T21:00:54.000Z
W43662,WMT,Brussels Charleroi,CRL,EBCI,Iasi,IAS,LRIA,,,07:30,11:10,05:30,08:10,160,933,1234567,2,2026-09-29T10:00:33.000Z
W43624,WMT,Brussels Charleroi,CRL,EBCI,Suceava,SCV,LRSV,,,07:40,11:15,05:40,08:15,155,874,2346,4,2026-09-30T08:58:38.000Z
W43084,WMT,Brussels Charleroi,CRL,EBCI,Bucharest Otopeni,OTP,LROP,,,08:05,11:50,06:05,08:50,165,942,13457,1,2026-09-30T08:58:36.000Z
W64328,WZZ,Brussels Charleroi,CRL,EBCI,Sofia,SOF,LBSF,,,08:10,11:50,06:10,08:50,160,907,1357,2,2026-09-28T09:58:56.000Z
W43948,WMT,Brussels Charleroi,CRL,EBCI,Chisinau,RMO,LUKK,,,08:20,12:05,06:20,09:05,165,988,467,1,2026-08-30T11:01:27.000Z
W43352,WMT,Brussels Charleroi,CRL,EBCI,Cluj-Napoca,CLJ,LRCL,,,08:25,11:45,06:25,08:45,140,792,23467,2,2026-09-30T08:58:34.000Z
W43454,WMT,Brussels Charleroi,CRL,EBCI,Targu Mures,TGM,LRTM,,,08:30,12:00,06:30,09:00,150,827,37,1,2026-09-30T08:58:39.000Z
W64718,WZZ,Brussels Charleroi,CRL,EBCI,Skopje,SKP,LWSK,,,09:20,11:55,07:20,09:55,155,874,13457,3,2026-09-30T08:58:32.000Z
W62282,WZZ,Brussels Charleroi,CRL,EBCI,Budapest,BUD,LHBP,,,09:30,11:30,07:30,09:30,120,610,1234567,1,2026-09-29T11:00:03.000Z
W45132,WMT,Brussels Charleroi,CRL,EBCI,Tirana,TIA,LATI,,,09:40,12:10,07:40,10:10,150,834,1234567,1,2026-09-30T08:58:32.000Z
W43082,WMT,Brussels Charleroi,CRL,EBCI,Bucharest Otopeni,OTP,LROP,,,14:30,18:15,12:30,15:15,165,942,1234567,1,2026-09-30T08:58:32.000Z
W64536,WZZ,Brussels Charleroi,CRL,EBCI,Varna (Black Sea),VAR,LBWN,,,15:15,19:10,13:15,16:10,175,1047,124567,4,2026-09-29T17:59:55.000Z
W43524,WMT,Brussels Charleroi,CRL,EBCI,Timisoara,TSR,LRTR,,,15:35,18:45,13:35,15:45,130,730,246,1,2026-09-29T16:59:40.000Z
W43832,WMT,Brussels Charleroi,CRL,EBCI,Craiova,CRA,LRCV,,,16:30,20:00,14:30,17:00,150,868,246,1,2026-09-29T19:00:53.000Z
W67936,WZZ,Brussels Charleroi,CRL,EBCI,Kutaisi,KUT,UGKO,,,19:05,01:25,17:05,21:25,260,1633,47,2,2026-09-27T23:00:58.000Z
W61384,WZZ,Brussels Charleroi,CRL,EBCI,Warsaw Chopin,WAW,EPWA,,,20:15,22:15,18:15,20:15,120,626,1234567,3,2026-09-30T08:58:32.000Z
W45134,WMT,Brussels Charleroi,CRL,EBCI,Tirana,TIA,LATI,,,21:05,23:35,19:05,21:35,150,834,1234567,1,2026-09-29T22:59:59.000Z
W46507,WMT,Catania (Sicily),CTA,LICC,Bologna,BLQ,LIPE,,,06:00,07:45,04:00,05:45,105,457,1234567,1,2026-09-30T08:58:33.000Z
W46464,WMT,Catania (Sicily),CTA,LICC,Milan Malpensa,MXP,LIMC,,,06:15,08:20,04:15,06:20,125,566,123457,2,2026-09-30T08:00:16.000Z
W46533,WMT,Catania (Sicily),CTA,LICC,Prague,PRG,LKPR,,,06:15,08:40,04:15,06:40,145,759,26,1,2026-09-29T11:00:11.000Z
W46525,WMT,Catania (Sicily),CTA,LICC,Turin,TRN,LIMF,,,06:15,08:20,04:15,06:20,125,572,1234567,1,2026-09-30T08:00:17.000Z
W61958,WZZ,Catania (Sicily),CTA,LICC,Vilnius,VNO,EYVI,,,08:15,12:25,06:15,09:25,190,1113,26,2,2026-09-29T11:00:12.000Z
W46505,WMT,Catania (Sicily),CTA,LICC,Venice,VCE,LIPZ,,,08:30,10:20,06:30,08:20,110,498,13,2,2026-09-02T10:00:26.000Z
W61042,WZZ,Catania (Sicily),CTA,LICC,Katowice,KTW,EPKT,,,08:45,11:20,06:45,09:20,155,800,1256,4,2026-09-29T12:00:46.000Z
W46551,WMT,Catania (Sicily),CTA,LICC,Verona,VRN,LIPX,,,10:40,12:35,08:40,10:35,115,512,1234567,1,2026-09-30T08:58:32.000Z
W46468,WMT,Catania (Sicily),CTA,LICC,Milan Malpensa,MXP,LIMC,,,12:35,14:40,10:35,12:40,125,566,1234567,2,2026-09-30T08:58:32.000Z
W46514,WMT,Catania (Sicily),CTA,LICC,Venice,VCE,LIPZ,,,13:40,15:30,11:40,13:30,110,498,1234567,1,2026-09-30T08:58:32.000Z
W43152,WMT,Catania (Sicily),CTA,LICC,Bucharest Otopeni,OTP,LROP,,,15:40,18:50,13:40,15:50,130,656,123457,4,2026-09-30T08:58:32.000Z
W46555,WMT,Catania (Sicily),CTA,LICC,Turin,TRN,LIMF,,,16:10,18:15,14:10,16:15,125,572,1234567,3,2026-09-30T08:58:32.000Z
W41454,WMT,Catania (Sicily),CTA,LICC,Warsaw Chopin,WAW,EPWA,,,16:15,18:55,14:15,16:55,160,917,1234567,3,2026-09-30T08:58:32.000Z
W46517,WMT,Catania (Sicily),CTA,LICC,Memmingen / Munich West,FMM,EDJA,,,17:35,19:55,15:35,17:55,140,666,135,1,2026-09-30T08:58:30.000Z
W46509,WMT,Catania (Sicily),CTA,LICC,Bologna,BLQ,LIPE,,,17:40,19:25,15:40,17:25,105,457,47,2,2026-09-20T19:02:13.000Z
W41686,WMT,Catania (Sicily),CTA,LICC,Gdansk,GDN,EPGD,,,18:00,21:00,16:00,19:00,180,1025,7,1,2026-08-30T21:00:16.000Z
W46470,WMT,Catania (Sicily),CTA,LICC,Milan Malpensa,MXP,LIMC,,,18:00,20:05,16:00,18:05,125,566,26,1,2026-09-05T19:59:05.000Z
W46527,WMT,Catania (Sicily),CTA,LICC,Tel-Aviv,TLV,LLBG,,,18:00,21:55,16:00,18:55,175,1029,2467,2,2026-09-29T21:00:54.000Z
W62354,WZZ,Catania (Sicily),CTA,LICC,Budapest,BUD,LHBP,,,21:10,23:15,19:10,21:15,125,626,13457,3,2026-09-28T23:59:30.000Z
W46539,WMT,Catania (Sicily),CTA,LICC,Podgorica,TGD,LYPG,,,21:20,22:45,19:20,20:45,85,351,246,1,2026-09-30T00:00:22.000Z
W45064,WMT,Catania (Sicily),CTA,LICC,Tirana,TIA,LATI,,,21:20,22:45,19:20,20:45,85,320,1357,1,2026-09-28T21:58:43.000Z
W43328,WMT,Catania (Sicily),CTA,LICC,Cluj-Napoca,CLJ,LRCL,,,22:10,01:25,20:10,22:25,135,678,246,1,2026-09-30T00:00:18.000Z
W46466,WMT,Catania (Sicily),CTA,LICC,Milan Malpensa,MXP,LIMC,,,22:25,00:30,20:25,22:30,125,566,1234567,1,2026-09-30T00:00:22.000Z
W61686,WZZ,Catania (Sicily),CTA,LICC,Gdansk,GDN,EPGD,,,22:55,01:55,20:55,23:55,180,1025,246,3,2026-09-30T01:00:28.000Z
W61854,WZZ,Catania (Sicily),CTA,LICC,Wroclaw,WRO,EPWR,,,22:55,01:30,20:55,23:30,155,822,15,1,2026-09-29T00:59:28.000Z
W61044,WZZ,Catania (Sicily),CTA,LICC,Katowice,KTW,EPKT,,,23:35,02:10,21:35,00:10,155,800,4,1,2026-09-25T02:00:11.000Z
W43434,WMT,Dubrovnik,DBV,LDDU,Cluj-Napoca,CLJ,LRCL,,,07:55,10:20,05:55,07:20,85,343,26,1,2026-09-29T09:03:52.000Z
W43030,WMT,Dubrovnik,DBV,LDDU,Bucharest Otopeni,OTP,LROP,,,08:50,11:15,06:50,08:15,85,362,135,1,2026-09-28T09:58:53.000Z
W62256,WZZ,Dubrovnik,DBV,LDDU,Budapest,BUD,LHBP,,,14:10,15:30,12:10,13:30,80,295,135,2,2026-09-18T14:59:29.000Z
W61330,WZZ,Dubrovnik,DBV,LDDU,Warsaw Chopin,WAW,EPWA,,,15:00,16:55,13:00,14:55,115,587,2467,2,2026-09-29T15:59:45.000Z
W61256,WZZ,Dubrovnik,DBV,LDDU,Katowice,KTW,EPKT,,,16:25,18:05,14:25,16:05,100,476,47,2,2026-09-13T17:59:51.000Z
W62528,WZZ,Dubrovnik,DBV,LDDU,Budapest,BUD,LHBP,,,21:40,23:25,19:40,21:25,105,295,7,1,2026-08-30T23:01:03.000Z
W61794,WZZ,Dubrovnik,DBV,LDDU,Gdansk,GDN,EPGD,,,22:10,00:30,20:10,22:30,140,709,47,1,2026-09-27T23:58:57.000Z
W92701,WUK,Debrecen,DEB,LHDC,London Luton,LTN,EGGW,,,11:30,13:30,09:30,12:30,180,890,1357,3,2026-09-28T14:00:39.000Z
W62593,WZZ,Debrecen,DEB,LHDC,Eindhoven,EIN,EHEH,,,11:55,14:10,09:55,12:10,135,675,26,1,2026-09-29T13:59:09.000Z
W62719,WZZ,Debrecen,DEB,LHDC,Larnaca,LCA,LCLK,,,15:00,18:40,13:00,15:40,160,929,367,3,2026-09-30T08:58:33.000Z
W62591,WMT,Debrecen,DEB,LHDC,Istanbul,IST,LTFM,,,18:15,21:25,16:15,18:25,130,482,37,1,2026-09-30T08:58:33.000Z
W42591,WMT,Debrecen,DEB,LHDC,Istanbul,IST,LTFM,,,18:15,21:25,16:15,18:25,130,482,37,1,2026-09-30T08:58:33.000Z
W64534,WZZ,Debrecen,DEB,LHDC,Varna (Black Sea),VAR,LBWN,,,20:25,22:50,18:25,19:50,85,366,246,1,2026-09-22T20:59:14.000Z
W95710,WUK,Dalaman,DLM,LTBS,London Gatwick,LGW,EGKK,,,23:55,02:20,20:55,01:20,265,1508,2467,2,2026-09-30T02:59:36.000Z
W43818,WMT,Dortmund,DTM,EDLW,Sibiu,SBZ,LRSB,,,07:40,10:55,05:40,07:55,135,736,2467,3,2026-09-29T09:03:58.000Z
W43656,WMT,Dortmund,DTM,EDLW,Iasi,IAS,LRIA,,,07:55,11:25,05:55,08:25,150,822,2346,2,2026-09-30T08:58:36.000Z
W44691,WMT,Dortmund,DTM,EDLW,Suceava,SCV,LRSV,,,07:55,11:20,05:55,08:20,145,762,1357,2,2026-09-30T08:58:33.000Z
W43944,WMT,Dortmund,DTM,EDLW,Chisinau,RMO,LUKK,,,08:10,11:45,06:10,08:45,155,877,15,1,2026-08-31T05:18:58.000Z
W61832,WZZ,Dortmund,DTM,EDLW,Wroclaw,WRO,EPWR,,,08:15,09:35,06:15,07:35,80,349,246,1,2026-09-29T09:03:59.000Z
W67040,WZZ,Dortmund,DTM,EDLW,Bratislava,BTS,LZIB,,,08:25,09:55,06:25,07:55,90,422,246,1,2026-09-29T09:03:52.000Z
W43092,WMT,Dortmund,DTM,EDLW,Bucharest Otopeni,OTP,LROP,,,08:25,12:00,06:25,09:00,155,848,1234567,1,2026-09-30T08:58:36.000Z
W64094,WZZ,Dortmund,DTM,EDLW,Belgrade,BEG,LYBE,,,08:35,10:40,06:35,08:40,125,647,6,1,2026-09-26T09:59:30.000Z
W61092,WZZ,Dortmund,DTM,EDLW,Katowice,KTW,EPKT,,,08:35,10:10,06:35,08:10,95,437,1234567,1,2026-09-30T08:58:36.000Z
W64298,WZZ,Dortmund,DTM,EDLW,Tuzla,TZL,LQTZ,,,08:40,10:40,06:40,08:40,120,614,2467,1,2026-09-29T10:00:35.000Z
W64332,WZZ,Dortmund,DTM,EDLW,Sofia,SOF,LBSF,,,08:45,12:15,06:45,09:15,150,832,1234567,1,2026-09-30T08:58:38.000Z
W64722,WZZ,Dortmund,DTM,EDLW,Skopje,SKP,LWSK,,,08:50,11:15,06:50,09:15,145,811,1234567,1,2026-09-30T08:58:38.000Z
W44354,WMT,Dortmund,DTM,EDLW,Banja Luka,BNX,LQBK,,,08:50,10:40,06:50,08:40,110,552,1357,1,2026-09-28T10:01:59.000Z
W43768,WMT,Dortmund,DTM,EDLW,Craiova,CRA,LRCV,,,08:55,12:15,06:55,09:15,140,782,15,1,2026-09-28T10:59:38.000Z
W45102,WMT,Dortmund,DTM,EDLW,Tirana,TIA,LATI,,,08:55,11:15,06:55,09:15,140,784,1234567,1,2026-09-30T08:58:39.000Z
W67602,WZZ,Dortmund,DTM,EDLW,Podgorica,TGD,LYPG,,,09:00,11:15,07:00,09:15,135,726,1357,2,2026-09-30T08:58:33.000Z
W42186,WMT,Dortmund,DTM,EDLW,Olsztyn-Mazury,SZY,EPSY,,,09:05,10:45,07:05,08:45,100,500,12356,1,2026-09-30T08:58:33.000Z
W64192,WZZ,Dortmund,DTM,EDLW,Niš,INI,LYNI,,,09:50,12:10,07:50,10:10,140,757,15,1,2026-09-28T13:57:57.000Z
W64978,WZZ,Dortmund,DTM,EDLW,Ohrid,OHD,LWOH,,,09:50,12:20,07:50,10:20,150,823,37,1,2026-09-30T08:58:33.000Z
W64786,WZZ,Dortmund,DTM,EDLW,Prishtina,PRN,BKPR,,,09:50,12:20,07:50,10:20,150,766,246,1,2026-09-29T12:00:49.000Z
W47690,WMT,Dortmund,DTM,EDLW,Oradea,OMR,LROD,,,11:40,14:40,09:40,11:40,120,620,37,1,2026-09-30T08:58:33.000Z
W61094,WZZ,Dortmund,DTM,EDLW,Katowice,KTW,EPKT,,,12:55,14:30,10:55,12:30,95,437,1234567,3,2026-09-30T08:58:33.000Z
W63874,WZZ,Dortmund,DTM,EDLW,Brasov,GHV,LRBV,,,13:05,16:35,11:05,13:35,150,789,37,2,2026-09-30T08:58:33.000Z
W62292,WZZ,Dortmund,DTM,EDLW,Budapest,BUD,LHBP,,,13:10,14:55,11:10,12:55,105,516,1234567,6,2026-09-30T08:58:33.000Z
W61664,WZZ,Dortmund,DTM,EDLW,Gdansk,GDN,EPGD,,,13:20,14:55,11:20,12:55,95,428,6,1,2026-09-26T13:59:25.000Z
W64510,WZZ,Dortmund,DTM,EDLW,Varna (Black Sea),VAR,LBWN,,,13:40,17:25,11:40,14:25,165,956,234567,3,2026-09-30T08:58:33.000Z
W61362,WZZ,Dortmund,DTM,EDLW,Warsaw Chopin,WAW,EPWA,,,13:40,15:25,11:40,13:25,105,496,13457,4,2026-09-30T08:58:33.000Z
W43362,WMT,Dortmund,DTM,EDLW,Cluj-Napoca,CLJ,LRCL,,,13:45,16:55,11:45,13:55,130,690,13457,3,2026-09-30T08:58:33.000Z
W46652,WMT,Dortmund,DTM,EDLW,Palermo (Sicily),PMO,LICJ,,,13:45,16:20,11:45,14:20,155,834,246,1,2026-09-29T16:59:36.000Z
W43532,WMT,Dortmund,DTM,EDLW,Timisoara,TSR,LRTR,,,13:50,16:50,11:50,13:50,120,642,1357,1,2026-09-28T14:59:56.000Z
W64092,WZZ,Dortmund,DTM,EDLW,Belgrade,BEG,LYBE,,,14:35,16:40,12:35,14:40,125,647,1234567,2,2026-09-30T08:58:33.000Z
W43460,WMT,Dortmund,DTM,EDLW,Targu Mures,TGM,LRTM,,,15:20,18:35,13:20,15:35,135,726,37,1,2026-09-30T08:58:33.000Z
W95464,WUK,Dortmund,DTM,EDLW,London Luton,LTN,EGGW,,,15:25,15:45,13:25,14:45,80,298,1234567,1,2026-09-29T15:59:41.000Z
W43094,WMT,Dortmund,DTM,EDLW,Bucharest Otopeni,OTP,LROP,,,15:30,19:05,13:30,16:05,155,848,2467,3,2026-09-27T16:58:57.000Z
W45126,WMT,Dortmund,DTM,EDLW,Tirana,TIA,LATI,,,15:30,17:50,13:30,15:50,140,784,13567,2,2026-09-30T08:58:33.000Z
W61662,WZZ,Dortmund,DTM,EDLW,Gdansk,GDN,EPGD,,,16:10,17:45,14:10,15:45,95,428,1234567,2,2026-09-30T08:58:33.000Z
W64724,WZZ,Dortmund,DTM,EDLW,Skopje,SKP,LWSK,,,16:35,19:00,14:35,17:00,145,811,246,3,2026-09-26T18:58:58.000Z
W61934,WZZ,Dortmund,DTM,EDLW,Vilnius,VNO,EYVI,,,17:10,20:15,15:10,17:15,125,662,23467,2,2026-09-30T08:58:33.000Z
W67802,WZZ,Dortmund,DTM,EDLW,Yerevan,EVN,UDYZ,,,17:45,00:05,15:45,20:05,260,1661,1357,2,2026-09-30T08:58:33.000Z
W61096,WZZ,Dortmund,DTM,EDLW,Katowice,KTW,EPKT,,,18:05,19:40,16:05,17:40,95,437,1234567,3,2026-09-30T08:58:33.000Z
W67908,WZZ,Dortmund,DTM,EDLW,Kutaisi,KUT,UGKO,,,18:55,01:05,16:55,21:05,250,1520,26,1,2026-09-29T22:59:57.000Z
W46146,WMT,Kefalonia,EFL,LGKF,Rome Fiumicino,FCO,LIRF,,,09:35,10:25,06:35,08:25,110,439,1345,4,2026-09-04T09:59:32.000Z
W62258,WZZ,Kefalonia,EFL,LGKF,Budapest,BUD,LHBP,,,09:55,10:40,06:55,08:40,105,562,2456,4,2026-09-19T10:00:37.000Z
W43222,WMT,Kefalonia,EFL,LGKF,Bucharest Otopeni,OTP,LROP,,,16:55,18:35,13:55,15:35,100,462,246,2,2026-09-19T17:00:12.000Z
W61070,WZZ,Eindhoven,EIN,EHEH,Katowice,KTW,EPKT,,,09:00,10:45,07:00,08:45,105,521,2,1,2026-09-29T10:00:31.000Z
W64072,WZZ,Eindhoven,EIN,EHEH,Belgrade,BEG,LYBE,,,09:05,11:20,07:05,09:20,135,717,2467,1,2026-09-29T11:00:03.000Z
W62272,WZZ,Eindhoven,EIN,EHEH,Budapest,BUD,LHBP,,,09:05,11:00,07:05,09:00,115,592,123457,1,2026-09-30T08:58:33.000Z
W61642,WZZ,Eindhoven,EIN,EHEH,Gdansk,GDN,EPGD,,,09:05,10:50,07:05,08:50,105,505,1234567,1,2026-09-30T08:58:34.000Z
W62594,WZZ,Eindhoven,EIN,EHEH,Debrecen,DEB,LHDC,,,09:10,11:20,07:10,09:20,130,675,26,1,2026-09-29T11:00:05.000Z
W43072,WMT,Eindhoven,EIN,EHEH,Bucharest Otopeni,OTP,LROP,,,09:20,13:00,07:20,10:00,160,925,1234567,2,2026-09-30T08:58:34.000Z
W45136,WMT,Eindhoven,EIN,EHEH,Tirana,TIA,LATI,,,10:10,12:40,08:10,10:40,150,843,1234567,1,2026-09-30T08:58:34.000Z
W61072,WZZ,Eindhoven,EIN,EHEH,Katowice,KTW,EPKT,,,13:15,15:00,11:15,13:00,105,521,1234567,1,2026-09-30T08:58:34.000Z
W64326,WZZ,Eindhoven,EIN,EHEH,Sofia,SOF,LBSF,,,14:20,18:00,12:20,15:00,160,902,1234567,1,2026-09-30T08:58:34.000Z
W43660,WMT,Eindhoven,EIN,EHEH,Iasi,IAS,LRIA,,,14:25,18:05,12:25,15:05,160,904,2467,1,2026-09-29T16:59:37.000Z
W62076,WZZ,Eindhoven,EIN,EHEH,Kraków,KRK,EPKK,,,15:20,17:15,13:20,15:15,115,552,234567,1,2026-09-29T16:59:37.000Z
W61922,WZZ,Eindhoven,EIN,EHEH,Vilnius,VNO,EYVI,,,15:30,18:45,13:30,15:45,135,741,15,2,2026-09-28T16:58:42.000Z
W61372,WZZ,Eindhoven,EIN,EHEH,Warsaw Chopin,WAW,EPWA,,,15:30,17:25,13:30,15:25,115,579,1234567,1,2026-09-30T08:58:34.000Z
W64716,WZZ,Eindhoven,EIN,EHEH,Skopje,SKP,LWSK,,,15:50,18:30,13:50,16:30,160,875,135,1,2026-09-30T08:58:34.000Z
W43342,WMT,Eindhoven,EIN,EHEH,Cluj-Napoca,CLJ,LRCL,,,16:00,19:20,14:00,16:20,140,770,2467,1,2026-09-29T17:59:49.000Z
W43074,WMT,Eindhoven,EIN,EHEH,Bucharest Otopeni,OTP,LROP,,,16:35,20:15,14:35,17:15,160,925,47,1,2026-09-27T18:59:45.000Z
W61826,WZZ,Eindhoven,EIN,EHEH,Wroclaw,WRO,EPWR,,,17:05,18:45,15:05,16:45,100,432,2467,2,2026-09-29T17:59:55.000Z
W62274,WZZ,Eindhoven,EIN,EHEH,Budapest,BUD,LHBP,,,17:25,19:20,15:25,17:20,115,592,1234567,1,2026-09-30T08:58:33.000Z
W64514,WZZ,Eindhoven,EIN,EHEH,Varna (Black Sea),VAR,LBWN,,,18:45,22:40,16:45,19:40,175,1032,135,1,2026-09-30T08:58:34.000Z
W62488,WZZ,Ankara,ESB,LTAC,Budapest,BUD,LHBP,,,09:55,11:25,06:55,09:25,150,738,135,3,2026-09-30T08:58:29.000Z
W67821,WZZ,Yerevan,EVN,UDYZ,Bari,BRI,LIBD,,,04:05,05:50,00:05,03:50,225,1255,15,1,2026-09-28T05:01:22.000Z
W67863,WZZ,Yerevan,EVN,UDYZ,Budapest,BUD,LHBP,,,05:30,07:05,01:30,05:05,215,1167,37,1,2026-09-30T07:01:13.000Z
W67837,WZZ,Yerevan,EVN,UDYZ,Larnaca,LCA,LCLK,,,05:30,06:45,01:30,03:45,135,602,2367,3,2026-09-30T08:58:37.000Z
W67803,WZZ,Yerevan,EVN,UDYZ,Memmingen / Munich West,FMM,EDJA,,,06:30,08:55,02:30,06:55,265,1533,26,1,2026-09-29T08:05:42.000Z
W67805,WZZ,Yerevan,EVN,UDYZ,Hamburg,HAM,EDDH,,,06:30,09:20,02:30,07:20,290,1605,135,1,2026-09-28T09:00:41.000Z
W62464,WZZ,Yerevan,EVN,UDYZ,Budapest,BUD,LHBP,,,11:45,13:20,07:45,11:20,215,1167,4,1,2026-09-24T13:00:48.000Z
W46928,WMT,Yerevan,EVN,UDYZ,Naples,NAP,LIRN,,,12:05,14:30,08:05,12:30,265,1368,135,1,2026-09-28T13:57:57.000Z
W67847,WZZ,Yerevan,EVN,UDYZ,Rhodes,RHO,LGRP,,,12:30,14:00,08:30,11:00,150,800,47,2,2026-09-27T15:59:03.000Z
W46168,WMT,Yerevan,EVN,UDYZ,Rome Fiumicino,FCO,LIRF,,,12:45,15:00,08:45,13:00,255,1452,1234567,3,2026-09-30T08:58:37.000Z
W67829,WZZ,Yerevan,EVN,UDYZ,Paris Beauvais,BVA,LFOB,,,13:25,16:55,09:25,14:55,330,1859,246,2,2026-09-29T15:59:37.000Z
W67801,WZZ,Yerevan,EVN,UDYZ,Dortmund,DTM,EDLW,,,14:20,17:10,10:20,15:10,290,1661,1357,2,2026-09-30T08:58:34.000Z
W67861,WZZ,Yerevan,EVN,UDYZ,Bratislava,BTS,LZIB,,,17:20,19:30,13:20,17:30,250,1258,246,2,2026-09-29T19:00:52.000Z
W67859,WZZ,Yerevan,EVN,UDYZ,Prague,PRG,LKPR,,,17:35,19:45,13:35,17:45,250,1397,135,1,2026-09-30T08:58:38.000Z
W63242,WZZ,Yerevan,EVN,UDYZ,Bucharest Otopeni,OTP,LROP,,,19:00,20:40,15:00,17:40,160,852,47,2,2026-09-27T23:00:57.000Z
W67839,WZZ,Yerevan,EVN,UDYZ,Larnaca,LCA,LCLK,,,19:35,20:50,15:35,17:50,135,602,34,2,2026-09-30T08:58:37.000Z
W46176,WMT,Yerevan,EVN,UDYZ,Rome Fiumicino,FCO,LIRF,,,21:10,23:30,17:10,21:30,260,1452,7,1,2026-09-27T23:00:59.000Z
W64570,WZZ,Yerevan,EVN,UDYZ,Larnaca,LCA,LCLK,,,21:25,22:40,17:25,19:40,135,602,156,2,2026-09-28T21:00:01.000Z
W46456,WMT,Yerevan,EVN,UDYZ,Milan Malpensa,MXP,LIMC,,,22:35,01:10,18:35,23:10,275,1589,2346,1,2026-09-30T08:58:39.000Z
W46764,WMT,Yerevan,EVN,UDYZ,Venice,VCE,LIPZ,,,22:55,01:10,18:55,23:10,255,1437,47,1,2026-09-28T01:00:34.000Z
W64668,WZZ,Yerevan,EVN,UDYZ,Larnaca,LCA,LCLK,,,23:10,00:25,19:10,21:25,135,602,7,1,2026-09-27T23:00:58.000Z
W95312,WUK,Yerevan,EVN,UDYZ,London Luton,LTN,EGGW,,,23:10,01:40,19:10,00:40,330,1958,15,1,2026-09-29T01:58:25.000Z
W64566,WZZ,Yerevan,EVN,UDYZ,Larnaca,LCA,LCLK,,,23:15,00:20,19:15,21:20,125,602,1245,4,2026-09-29T22:59:57.000Z
W95732,WUK,Faro (Algarve),FAO,LPFR,London Gatwick,LGW,EGKK,,,11:20,14:10,10:20,13:10,170,911,1234567,3,2026-09-30T08:58:35.000Z
W61498,WZZ,Faro (Algarve),FAO,LPFR,Warsaw Chopin,WAW,EPWA,,,17:15,22:25,16:15,20:25,250,1519,26,1,2026-09-29T22:01:07.000Z
W43038,WMT,Faro (Algarve),FAO,LPFR,Bucharest Otopeni,OTP,LROP,,,18:05,00:25,17:05,21:25,260,1601,246,2,2026-09-29T22:59:57.000Z
W95438,WUK,Faro (Algarve),FAO,LPFR,London Luton,LTN,EGGW,,,19:20,22:10,18:20,21:10,170,949,2467,1,2026-09-30T00:00:21.000Z
W61088,WZZ,Faro (Algarve),FAO,LPFR,Katowice,KTW,EPKT,,,20:30,01:25,19:30,23:25,235,1412,15,1,2026-09-29T00:59:25.000Z
W43964,WMT,Rome Fiumicino,FCO,LIRF,Chisinau,RMO,LUKK,,,05:20,08:50,03:20,05:50,150,777,14567,2,2026-08-31T05:18:59.000Z
W46235,WMT,Rome Fiumicino,FCO,LIRF,Ibiza,IBZ,LEIB,,,05:20,07:15,03:20,05:15,115,528,13457,2,2026-09-04T07:00:11.000Z
W46155,WMT,Rome Fiumicino,FCO,LIRF,Bacau,BCM,LRBC,,,05:25,08:45,03:25,05:45,140,691,246,2,2026-09-29T07:00:51.000Z
W43612,WMT,Rome Fiumicino,FCO,LIRF,Suceava,SCV,LRSV,,,05:25,08:45,03:25,05:45,140,696,134567,1,2026-09-30T07:01:18.000Z
W46041,WMT,Rome Fiumicino,FCO,LIRF,Tel-Aviv,TLV,LLBG,,,05:30,10:00,03:30,07:00,210,1230,1234567,2,2026-09-30T08:58:33.000Z
W46029,WMT,Rome Fiumicino,FCO,LIRF,Valencia,VLC,LEVC,,,05:40,07:50,03:40,05:50,130,596,27,2,2026-09-27T06:59:13.000Z
W46201,WMT,Rome Fiumicino,FCO,LIRF,Chania (Crete),CHQ,LGSA,,,05:45,09:00,03:45,06:00,135,672,15,1,2026-09-04T08:00:24.000Z
W46165,WMT,Rome Fiumicino,FCO,LIRF,Brasov,GHV,LRBV,,,05:45,08:55,03:45,05:55,130,620,246,1,2026-09-29T05:00:15.000Z
W46069,WMT,Rome Fiumicino,FCO,LIRF,Cairo (Sphinx),SPX,HESX,,,05:45,10:15,03:45,07:15,210,1142,23467,4,2026-09-29T21:01:00.000Z
W46067,WMT,Rome Fiumicino,FCO,LIRF,Rzeszów,RZE,EPRZ,,,05:45,08:00,03:45,06:00,135,643,26,1,2026-09-29T07:59:19.000Z
W46099,WMT,Rome Fiumicino,FCO,LIRF,Larnaca,LCA,LCLK,,,05:55,10:05,03:55,07:05,190,1085,1357,2,2026-09-30T08:58:37.000Z
W46039,WMT,Rome Fiumicino,FCO,LIRF,Seville,SVQ,LEZL,,,05:55,08:45,03:55,06:45,170,878,2467,1,2026-09-29T07:59:20.000Z
W46011,WMT,Rome Fiumicino,FCO,LIRF,Madrid,MAD,LEMD,,,06:00,08:40,04:00,06:40,160,719,1234567,1,2026-09-30T08:00:07.000Z
W46121,WMT,Rome Fiumicino,FCO,LIRF,Zakynthos,ZTH,LGZA,,,06:00,08:50,04:00,05:50,110,466,134567,3,2026-09-05T06:59:30.000Z
W46091,WMT,Rome Fiumicino,FCO,LIRF,Corfu,CFU,LGKR,,,06:05,08:45,04:05,05:45,100,373,4,1,2026-09-03T07:00:52.000Z
W46081,WMT,Rome Fiumicino,FCO,LIRF,Constanta,CND,LRCK,,,06:10,09:35,04:10,06:35,145,727,26,1,2026-09-29T07:59:18.000Z
W46145,WMT,Rome Fiumicino,FCO,LIRF,Kefalonia,EFL,LGKF,,,06:10,09:00,04:10,06:00,110,439,1345,4,2026-09-04T08:00:24.000Z
W46167,WMT,Rome Fiumicino,FCO,LIRF,Yerevan,EVN,UDYZ,,,06:10,12:10,04:10,08:10,240,1452,1234567,1,2026-09-30T08:58:39.000Z
W42032,WMT,Rome Fiumicino,FCO,LIRF,Kraków,KRK,EPKK,,,06:10,08:20,04:10,06:20,130,587,135,1,2026-09-30T08:00:15.000Z
W46035,WMT,Rome Fiumicino,FCO,LIRF,Tenerife (Canary Islands),TFS,GCTS,,,06:10,09:55,04:10,08:55,285,1630,13457,1,2026-09-30T08:58:39.000Z
W46179,WMT,Rome Fiumicino,FCO,LIRF,Marsa Alam,RMF,HEMA,,,06:10,10:55,04:10,07:55,225,1474,124567,4,2026-09-29T10:00:34.000Z
W46007,WMT,Rome Fiumicino,FCO,LIRF,Glasgow,GLA,EGPF,,,06:15,08:45,04:15,07:45,210,1066,246,1,2026-09-29T09:03:54.000Z
W46117,WMT,Rome Fiumicino,FCO,LIRF,Sharm El Sheikh,SSH,HESH,,,06:15,11:10,04:15,08:10,235,1364,1357,1,2026-09-30T08:58:39.000Z
W47922,WMT,Rome Fiumicino,FCO,LIRF,Kutaisi,KUT,UGKO,,,06:15,12:00,04:15,08:00,225,1342,4,1,2026-09-03T10:00:52.000Z
W46047,WMT,Rome Fiumicino,FCO,LIRF,Porto,OPO,LPPR,,,06:20,08:15,04:20,07:15,175,939,1234567,1,2026-09-30T08:58:35.000Z
W46199,WMT,Rome Fiumicino,FCO,LIRF,Bordeaux,BOD,LFBD,,,06:40,08:55,04:40,06:55,135,594,123456,4,2026-09-30T08:58:33.000Z
W46001,WMT,Rome Fiumicino,FCO,LIRF,London Luton,LTN,EGGW,,,06:40,08:30,04:40,07:30,170,794,1234567,1,2026-09-30T08:58:37.000Z
W46804,WMT,Rome Fiumicino,FCO,LIRF,Turin,TRN,LIMF,,,06:40,07:55,04:40,05:55,75,286,1357,3,2026-09-30T07:01:19.000Z
W46259,WMT,Rome Fiumicino,FCO,LIRF,Malta,MLA,LMML,,,06:40,08:20,04:40,06:20,100,373,15,1,2026-09-11T07:59:18.000Z
W46237,WMT,Rome Fiumicino,FCO,LIRF,Oradea,OMR,LROD,,,06:40,09:25,04:40,06:25,105,519,37,1,2026-09-30T08:58:38.000Z
W46135,WMT,Rome Fiumicino,FCO,LIRF,Prague,PRG,LKPR,,,06:45,08:40,04:45,06:40,115,505,1234567,1,2026-09-29T07:59:19.000Z
W46061,WMT,Rome Fiumicino,FCO,LIRF,Paris Orly,ORY,LFPO,,,07:10,09:20,05:10,07:20,130,589,123567,1,2026-09-30T08:58:38.000Z
W46017,WMT,Rome Fiumicino,FCO,LIRF,Barcelona El Prat,BCN,LEBL,,,07:25,09:15,05:25,07:15,110,458,1234567,1,2026-09-30T08:58:31.000Z
W45012,WMT,Rome Fiumicino,FCO,LIRF,Tirana,TIA,LATI,,,08:20,09:55,06:20,07:55,95,336,1234567,1,2026-09-30T08:58:39.000Z
W62340,WZZ,Rome Fiumicino,FCO,LIRF,Budapest,BUD,LHBP,,,08:35,10:25,06:35,08:25,110,451,1234567,1,2026-09-30T08:58:33.000Z
W67922,WZZ,Rome Fiumicino,FCO,LIRF,Kutaisi,KUT,UGKO,,,08:40,14:15,06:40,10:15,215,1342,1357,2,2026-09-30T08:58:37.000Z
W61700,WZZ,Rome Fiumicino,FCO,LIRF,Gdansk,GDN,EPGD,,,08:45,11:20,06:45,09:20,155,794,13457,2,2026-09-30T08:58:35.000Z
W46251,WMT,Rome Fiumicino,FCO,LIRF,Palermo (Sicily),PMO,LICJ,,,08:50,10:00,06:50,08:00,70,221,1234567,3,2026-09-30T08:58:35.000Z
W61442,WZZ,Rome Fiumicino,FCO,LIRF,Warsaw Chopin,WAW,EPWA,,,09:10,11:35,07:10,09:35,145,716,1234567,1,2026-09-30T08:58:37.000Z
W43142,WMT,Rome Fiumicino,FCO,LIRF,Bucharest Otopeni,OTP,LROP,,,09:40,12:55,07:40,09:55,135,628,1234567,1,2026-09-30T08:58:36.000Z
W46139,WMT,Rome Fiumicino,FCO,LIRF,Lampedusa,LMP,LICD,,,11:05,12:40,09:05,10:40,95,379,12567,3,2026-09-05T12:01:19.000Z
W46025,WMT,Rome Fiumicino,FCO,LIRF,Malaga,AGP,LEMG,,,11:40,14:30,09:40,12:30,170,836,1234567,1,2026-09-30T08:58:37.000Z
W46239,WMT,Rome Fiumicino,FCO,LIRF,Varna (Black Sea),VAR,LBWN,,,11:45,15:05,09:45,12:05,140,693,1246,4,2026-09-29T13:59:14.000Z
W46217,WMT,Rome Fiumicino,FCO,LIRF,Malta,MLA,LMML,,,12:05,13:45,10:05,11:45,100,373,1234567,1,2026-09-29T13:59:12.000Z
W46087,WMT,Rome Fiumicino,FCO,LIRF,Heraklion (Crete),HER,LGIR,,,12:10,15:30,10:10,12:30,140,719,123456,4,2026-09-28T14:00:38.000Z
W46005,WMT,Rome Fiumicino,FCO,LIRF,London Luton,LTN,EGGW,,,12:10,14:00,10:10,13:00,170,794,23467,4,2026-09-29T14:59:38.000Z
W46151,WMT,Rome Fiumicino,FCO,LIRF,Rhodes,RHO,LGRP,,,12:10,15:45,10:10,12:45,155,804,1357,2,2026-09-04T13:59:37.000Z
W46037,WMT,Rome Fiumicino,FCO,LIRF,Menorca,MAH,LEMH,,,12:10,13:50,10:10,11:50,100,383,2467,3,2026-09-05T12:59:46.000Z
W46215,WMT,Rome Fiumicino,FCO,LIRF,Paris Orly,ORY,LFPO,,,12:20,14:25,10:20,12:25,125,589,4,1,2026-09-24T14:59:50.000Z
W46027,WMT,Rome Fiumicino,FCO,LIRF,Valencia,VLC,LEVC,,,12:35,14:45,10:35,12:45,130,596,1234567,1,2026-09-30T08:58:37.000Z
W46157,WMT,Rome Fiumicino,FCO,LIRF,Kosice,KSC,LZKZ,,,12:35,14:35,10:35,12:35,120,560,26,1,2026-09-29T13:59:12.000Z
W46021,WMT,Rome Fiumicino,FCO,LIRF,Barcelona El Prat,BCN,LEBL,,,12:40,14:30,10:40,12:30,110,458,2467,1,2026-09-29T16:59:33.000Z
W46065,WMT,Rome Fiumicino,FCO,LIRF,Prague,PRG,LKPR,,,12:40,14:35,10:40,12:35,115,505,135,1,2026-09-30T08:58:37.000Z
W67018,WZZ,Rome Fiumicino,FCO,LIRF,Bratislava,BTS,LZIB,,,12:55,14:35,10:55,12:35,100,436,1234567,2,2026-09-30T08:58:33.000Z
W46183,WMT,Rome Fiumicino,FCO,LIRF,Birmingham,BHX,EGBB,,,13:05,15:05,11:05,14:05,180,855,2467,2,2026-09-05T16:01:03.000Z
W46185,WMT,Rome Fiumicino,FCO,LIRF,Bilbao,BIO,LEBB,,,13:05,15:30,11:05,13:30,145,676,1234567,3,2026-09-30T08:58:33.000Z
W43828,WMT,Rome Fiumicino,FCO,LIRF,Sibiu,SBZ,LRSB,,,13:20,16:20,11:20,13:20,120,565,26,2,2026-09-29T14:59:41.000Z
W67652,WZZ,Rome Fiumicino,FCO,LIRF,Podgorica,TGD,LYPG,,,13:25,14:55,11:25,12:55,90,314,26,1,2026-09-29T14:59:41.000Z
W46189,WMT,Rome Fiumicino,FCO,LIRF,Zaragoza,ZAZ,LEZG,,,13:30,15:40,11:30,13:40,130,595,1357,2,2026-09-30T08:58:37.000Z
W64032,WZZ,Rome Fiumicino,FCO,LIRF,Belgrade,BEG,LYBE,,,13:40,15:20,11:40,13:20,100,396,1357,2,2026-09-30T08:58:33.000Z
W46197,WMT,Rome Fiumicino,FCO,LIRF,Alicante,ALC,LEAL,,,13:45,16:05,11:45,14:05,140,625,1234567,1,2026-09-30T08:58:30.000Z
W46147,WMT,Rome Fiumicino,FCO,LIRF,Skiathos,JSI,LGSK,,,13:45,16:40,11:45,13:40,115,537,24567,3,2026-09-05T07:57:13.000Z
W61046,WZZ,Rome Fiumicino,FCO,LIRF,Katowice,KTW,EPKT,,,13:50,16:00,11:50,14:00,130,593,1457,3,2026-09-28T15:58:49.000Z
W46229,WMT,Rome Fiumicino,FCO,LIRF,Jeddah,JED,OEJN,,,13:55,19:50,11:55,16:50,295,1815,135,1,2026-09-30T08:58:36.000Z
W47018,WMT,Rome Fiumicino,FCO,LIRF,Bratislava,BTS,LZIB,,,14:05,15:40,12:05,13:40,95,436,4,1,2026-09-24T15:59:31.000Z
W62344,WZZ,Rome Fiumicino,FCO,LIRF,Budapest,BUD,LHBP,,,14:20,16:05,12:20,14:05,105,451,5,1,2026-09-04T16:00:26.000Z
W43676,WMT,Rome Fiumicino,FCO,LIRF,Iasi,IAS,LRIA,,,14:25,17:50,12:25,14:50,145,731,1234567,3,2026-09-30T08:58:36.000Z
W43468,WMT,Rome Fiumicino,FCO,LIRF,Targu Mures,TGM,LRTM,,,14:35,17:35,12:35,14:35,120,593,157,2,2026-09-28T15:58:53.000Z
W46175,WMT,Rome Fiumicino,FCO,LIRF,Yerevan,EVN,UDYZ,,,14:40,20:35,12:40,16:35,235,1452,7,1,2026-09-27T18:00:50.000Z
W46231,WMT,Rome Fiumicino,FCO,LIRF,Palma de Mallorca,PMI,LEPA,,,14:50,16:40,12:50,14:40,110,454,1234567,1,2026-09-30T08:58:37.000Z
W46203,WMT,Rome Fiumicino,FCO,LIRF,Baku,GYD,UBBB,,,15:00,21:20,13:00,17:20,260,1697,246,2,2026-09-29T19:00:54.000Z
W46077,WMT,Rome Fiumicino,FCO,LIRF,Corfu,CFU,LGKR,,,15:35,18:15,13:35,15:15,100,373,1234567,4,2026-09-05T06:59:25.000Z
W46131,WMT,Rome Fiumicino,FCO,LIRF,Nice,NCE,LFMN,,,15:45,17:05,13:45,15:05,80,248,135,3,2026-09-30T08:58:37.000Z
W62032,WZZ,Rome Fiumicino,FCO,LIRF,Kraków,KRK,EPKK,,,15:50,18:00,13:50,16:00,130,587,246,1,2026-09-29T17:59:51.000Z
W46159,WMT,Rome Fiumicino,FCO,LIRF,Sarajevo,SJJ,LQSA,,,16:00,17:30,14:00,15:30,90,294,2467,4,2026-09-29T16:59:40.000Z
W46137,WMT,Rome Fiumicino,FCO,LIRF,Lampedusa,LMP,LICD,,,16:10,17:45,14:10,15:45,95,379,1234567,2,2026-09-28T16:01:05.000Z
W46089,WMT,Rome Fiumicino,FCO,LIRF,Hurghada,HRG,HEGN,,,16:25,21:15,14:25,18:15,230,1374,1357,3,2026-09-30T08:58:36.000Z
W46043,WMT,Rome Fiumicino,FCO,LIRF,Tel-Aviv,TLV,LLBG,,,16:30,21:00,14:30,18:00,210,1230,1234567,3,2026-09-30T08:58:33.000Z
W46049,WMT,Rome Fiumicino,FCO,LIRF,Tel-Aviv,TLV,LLBG,,,16:30,21:00,14:30,18:00,210,1230,157,1,2026-09-27T20:00:05.000Z
W45016,WMT,Rome Fiumicino,FCO,LIRF,Tirana,TIA,LATI,,,17:00,18:35,15:00,16:35,95,336,1234567,1,2026-09-30T08:58:37.000Z
W46111,WMT,Rome Fiumicino,FCO,LIRF,Sharm El Sheikh,SSH,HESH,,,17:00,21:55,15:00,18:55,235,1364,1234567,1,2026-09-30T08:58:37.000Z
W46013,WMT,Rome Fiumicino,FCO,LIRF,Madrid,MAD,LEMD,,,17:10,19:50,15:10,17:50,160,719,1234567,1,2026-09-30T08:58:32.000Z
W46133,WMT,Rome Fiumicino,FCO,LIRF,Tallinn,TLL,EETN,,,17:10,21:45,15:10,18:45,215,1156,135,1,2026-09-30T08:58:37.000Z
W46802,WMT,Rome Fiumicino,FCO,LIRF,Turin,TRN,LIMF,,,17:35,18:50,15:35,16:50,75,286,1234567,1,2026-09-29T18:58:52.000Z
W46023,WMT,Rome Fiumicino,FCO,LIRF,Seville,SVQ,LEZL,,,18:00,20:50,16:00,18:50,170,878,1234567,2,2026-09-30T08:58:37.000Z
W46245,WMT,Rome Fiumicino,FCO,LIRF,Oslo Gardermoen,OSL,ENGM,,,18:00,21:20,16:00,19:20,200,1105,2467,1,2026-09-29T22:59:58.000Z
W46219,WMT,Rome Fiumicino,FCO,LIRF,Lisbon,LIS,LPPT,,,18:20,20:35,16:20,19:35,195,993,1234567,2,2026-09-30T08:58:37.000Z
W42342,WMT,Rome Fiumicino,FCO,LIRF,Budapest,BUD,LHBP,,,18:30,20:20,16:30,18:20,110,451,3,1,2026-09-09T21:59:56.000Z
W41444,WMT,Rome Fiumicino,FCO,LIRF,Warsaw Chopin,WAW,EPWA,,,18:30,20:45,16:30,18:45,135,716,1234567,2,2026-09-30T08:58:37.000Z
W46095,WMT,Rome Fiumicino,FCO,LIRF,Santorini,JTR,LGSR,,,18:30,21:45,16:30,18:45,135,695,1234567,5,2026-09-05T20:59:40.000Z
W64758,WZZ,Rome Fiumicino,FCO,LIRF,Skopje,SKP,LWSK,,,18:35,20:20,16:35,18:20,105,419,2467,3,2026-09-29T20:00:30.000Z
W46113,WMT,Rome Fiumicino,FCO,LIRF,Malaga,AGP,LEMG,,,18:45,21:35,16:45,19:35,170,836,1234567,2,2026-09-30T08:58:37.000Z
W46253,WMT,Rome Fiumicino,FCO,LIRF,Palermo (Sicily),PMO,LICJ,,,18:55,20:05,16:55,18:05,70,221,1234567,4,2026-09-30T08:58:35.000Z
W46019,WMT,Rome Fiumicino,FCO,LIRF,Barcelona El Prat,BCN,LEBL,,,19:10,21:00,17:10,19:00,110,458,1234567,1,2026-09-28T22:00:42.000Z
W46003,WMT,Rome Fiumicino,FCO,LIRF,London Luton,LTN,EGGW,,,19:15,21:05,17:15,20:05,170,794,1234567,1,2026-09-30T08:58:37.000Z
W42344,WMT,Rome Fiumicino,FCO,LIRF,Budapest,BUD,LHBP,,,19:25,21:15,17:25,19:15,110,451,246,2,2026-09-29T22:59:54.000Z
W46015,WMT,Rome Fiumicino,FCO,LIRF,Madrid,MAD,LEMD,,,19:35,21:55,17:35,19:55,140,719,123457,2,2026-09-30T08:58:37.000Z
W46255,WMT,Rome Fiumicino,FCO,LIRF,Palermo (Sicily),PMO,LICJ,,,19:40,20:50,17:40,18:50,70,221,1234567,5,2026-09-29T20:00:24.000Z
W46269,WMT,Rome Fiumicino,FCO,LIRF,Alicante,ALC,LEAL,,,19:50,21:50,17:50,19:50,120,625,5,1,2026-09-04T22:00:26.000Z
W46045,WMT,Rome Fiumicino,FCO,LIRF,Valencia,VLC,LEVC,,,19:50,22:00,17:50,20:00,130,596,1234567,2,2026-09-29T00:59:28.000Z
W46247,WMT,Rome Fiumicino,FCO,LIRF,Santorini,JTR,LGSR,,,19:50,23:05,17:50,20:05,135,695,7,1,2026-08-30T22:00:30.000Z
W43756,WMT,Rome Fiumicino,FCO,LIRF,Craiova,CRA,LRCV,,,19:55,22:55,17:55,19:55,120,532,135,2,2026-09-30T08:58:37.000Z
W43386,WMT,Rome Fiumicino,FCO,LIRF,Cluj-Napoca,CLJ,LRCL,,,20:05,23:10,18:05,20:10,125,574,1234567,1,2026-09-30T08:58:37.000Z
W46093,WMT,Rome Fiumicino,FCO,LIRF,Mykonos,JMK,LGMK,,,20:10,23:20,18:10,20:20,130,659,1234567,1,2026-09-05T21:59:45.000Z
W46103,WMT,Rome Fiumicino,FCO,LIRF,Prishtina,PRN,BKPR,,,20:15,21:55,18:15,19:55,100,393,26,2,2026-09-29T22:01:06.000Z
W46033,WMT,Rome Fiumicino,FCO,LIRF,Ibiza,IBZ,LEIB,,,20:15,22:10,18:15,20:10,115,528,1234567,2,2026-09-05T21:59:44.000Z
W64316,WZZ,Rome Fiumicino,FCO,LIRF,Sofia,SOF,LBSF,,,20:40,23:35,18:40,20:35,115,499,1234567,4,2026-09-29T17:59:55.000Z
W61446,WZZ,Rome Fiumicino,FCO,LIRF,Warsaw Chopin,WAW,EPWA,,,20:45,23:10,18:45,21:10,145,716,246,3,2026-09-29T22:59:59.000Z
W46031,WMT,Rome Fiumicino,FCO,LIRF,Palma de Mallorca,PMI,LEPA,,,20:55,22:45,18:55,20:45,110,454,1234567,2,2026-09-13T21:58:58.000Z
W62342,WZZ,Rome Fiumicino,FCO,LIRF,Budapest,BUD,LHBP,,,21:20,23:10,19:20,21:10,110,451,123457,3,2026-09-29T02:00:45.000Z
W62062,WZZ,Rome Fiumicino,FCO,LIRF,Kraków,KRK,EPKK,,,21:25,23:35,19:25,21:35,130,587,1234567,1,2026-09-29T22:59:57.000Z
W43554,WMT,Rome Fiumicino,FCO,LIRF,Timisoara,TSR,LRTR,,,21:40,00:25,19:40,21:25,105,461,1357,2,2026-09-27T09:59:22.000Z
W43146,WMT,Rome Fiumicino,FCO,LIRF,Bucharest Otopeni,OTP,LROP,,,22:20,01:35,20:20,22:35,135,628,1234567,1,2026-09-30T00:00:20.000Z
W64120,WZZ,Friedrichshafen,FDH,EDNY,Belgrade,BEG,LYBE,,,13:15,14:50,11:15,12:50,95,479,26,1,2026-09-29T14:01:33.000Z
W64726,WZZ,Friedrichshafen,FDH,EDNY,Skopje,SKP,LWSK,,,15:35,17:35,13:35,15:35,120,618,2467,3,2026-09-29T17:59:54.000Z
W43546,WMT,Karlsruhe/Baden-Baden,FKB,EDSB,Timisoara,TSR,LRTR,,,08:00,10:55,06:00,07:55,115,568,135,3,2026-09-30T08:58:39.000Z
W64110,WZZ,Karlsruhe/Baden-Baden,FKB,EDSB,Belgrade,BEG,LYBE,,,08:25,10:15,06:25,08:15,110,555,135,2,2026-09-28T10:02:00.000Z
W67610,WZZ,Karlsruhe/Baden-Baden,FKB,EDSB,Podgorica,TGD,LYPG,,,08:40,10:40,06:40,08:40,120,606,246,2,2026-09-29T10:00:35.000Z
W43816,WMT,Karlsruhe/Baden-Baden,FKB,EDSB,Sibiu,SBZ,LRSB,,,13:25,16:30,11:25,13:30,125,675,37,2,2026-09-30T08:58:36.000Z
W43620,WMT,Karlsruhe/Baden-Baden,FKB,EDSB,Suceava,SCV,LRSV,,,14:15,17:30,12:15,14:30,135,732,135,2,2026-09-28T15:58:53.000Z
W64764,WZZ,Karlsruhe/Baden-Baden,FKB,EDSB,Skopje,SKP,LWSK,,,16:00,18:15,14:00,16:15,135,701,2467,2,2026-09-29T17:59:54.000Z
W45112,WMT,Karlsruhe/Baden-Baden,FKB,EDSB,Tirana,TIA,LATI,,,21:00,23:05,19:00,21:05,125,661,2467,1,2026-09-29T22:59:59.000Z
W64512,WZZ,Memmingen / Munich West,FMM,EDJA,Varna (Black Sea),VAR,LBWN,,,07:00,10:20,05:00,07:20,140,790,23467,2,2026-09-29T09:03:59.000Z
W64340,WZZ,Memmingen / Munich West,FMM,EDJA,Sofia,SOF,LBSF,,,07:45,10:50,05:45,07:50,125,639,13567,1,2026-09-30T08:58:38.000Z
W44194,WMT,Memmingen / Munich West,FMM,EDJA,Niš,INI,LYNI,,,08:00,09:55,06:00,07:55,115,561,1357,1,2026-09-30T08:58:37.000Z
W43814,WMT,Memmingen / Munich West,FMM,EDJA,Sibiu,SBZ,LRSB,,,08:15,11:10,06:15,08:10,115,583,135,2,2026-09-30T08:58:39.000Z
W64106,WZZ,Memmingen / Munich West,FMM,EDJA,Belgrade,BEG,LYBE,,,08:35,10:15,06:35,08:15,100,458,1234567,2,2026-09-30T08:58:33.000Z
W67804,WZZ,Memmingen / Munich West,FMM,EDJA,Yerevan,EVN,UDYZ,,,09:30,15:40,07:30,11:40,250,1533,26,2,2026-09-29T12:59:46.000Z
W64790,WZZ,Memmingen / Munich West,FMM,EDJA,Prishtina,PRN,BKPR,,,09:40,11:40,07:40,09:40,120,559,1234567,4,2026-09-30T08:58:29.000Z
W45104,WMT,Memmingen / Munich West,FMM,EDJA,Tirana,TIA,LATI,,,09:40,11:35,07:40,09:35,115,564,1234567,3,2026-09-30T08:58:29.000Z
W43872,WMT,Memmingen / Munich West,FMM,EDJA,Brasov,GHV,LRBV,,,09:55,13:05,07:55,10:05,130,641,26,1,2026-09-29T09:03:49.000Z
W44974,WMT,Memmingen / Munich West,FMM,EDJA,Ohrid,OHD,LWOH,,,10:00,11:50,08:00,09:50,110,606,13457,2,2026-09-27T11:00:44.000Z
W43540,WMT,Memmingen / Munich West,FMM,EDJA,Timisoara,TSR,LRTR,,,12:15,14:55,10:15,11:55,100,473,1357,2,2026-09-30T08:58:29.000Z
W64280,WZZ,Memmingen / Munich West,FMM,EDJA,Tuzla,TZL,LQTZ,,,12:50,14:25,10:50,12:25,95,411,1234567,3,2026-09-30T08:58:29.000Z
W43374,WMT,Memmingen / Munich West,FMM,EDJA,Cluj-Napoca,CLJ,LRCL,,,13:05,15:55,11:05,12:55,110,551,1357,1,2026-09-30T08:58:29.000Z
W62296,WMT,Memmingen / Munich West,FMM,EDJA,Budapest,BUD,LHBP,,,13:15,14:45,11:15,12:45,90,366,2346,3,2026-09-30T08:58:29.000Z
W43100,WMT,Memmingen / Munich West,FMM,EDJA,Bucharest Baneasa,BBU,LRBS,,,13:40,16:55,11:40,13:55,135,690,1234567,1,2026-09-30T08:58:29.000Z
W43946,WMT,Memmingen / Munich West,FMM,EDJA,Chisinau,RMO,LUKK,,,14:30,17:50,12:30,14:50,140,760,1,1,2026-08-31T05:18:52.000Z
W43618,WMT,Memmingen / Munich West,FMM,EDJA,Suceava,SCV,LRSV,,,14:35,17:40,12:35,14:40,125,649,246,3,2026-09-29T15:59:44.000Z
W64728,WZZ,Memmingen / Munich West,FMM,EDJA,Skopje,SKP,LWSK,,,14:50,16:50,12:50,14:50,120,603,1234567,1,2026-09-30T08:58:29.000Z
W67606,WZZ,Memmingen / Munich West,FMM,EDJA,Podgorica,TGD,LYPG,,,15:10,16:55,13:10,14:55,105,509,2467,2,2026-09-29T15:59:43.000Z
W43462,WMT,Memmingen / Munich West,FMM,EDJA,Targu Mures,TGM,LRTM,,,15:30,18:25,13:30,15:25,115,584,246,1,2026-09-29T16:59:40.000Z
W45130,WMT,Memmingen / Munich West,FMM,EDJA,Tirana,TIA,LATI,,,18:15,20:10,16:15,18:10,115,564,2467,1,2026-09-29T20:00:31.000Z
W67912,WZZ,Memmingen / Munich West,FMM,EDJA,Kutaisi,KUT,UGKO,,,18:25,00:15,16:25,20:15,230,1400,123456,1,2026-09-30T08:58:29.000Z
W64808,WZZ,Memmingen / Munich West,FMM,EDJA,Skopje,SKP,LWSK,,,20:00,22:00,18:00,20:00,120,603,45,2,2026-09-25T21:59:43.000Z
W43638,WMT,Memmingen / Munich West,FMM,EDJA,Iasi,IAS,LRIA,,,20:10,23:25,18:10,20:25,135,704,26,1,2026-09-29T22:01:02.000Z
W46518,WMT,Memmingen / Munich West,FMM,EDJA,Catania (Sicily),CTA,LICC,,,20:30,22:40,18:30,20:40,130,666,135,1,2026-09-30T08:58:29.000Z
W61536,WZZ,Funchal (Madeira),FNC,LPMA,Warsaw Chopin,WAW,EPWA,,,16:45,22:50,15:45,20:50,305,2005,2467,1,2026-09-27T22:00:03.000Z
W62398,WZZ,Funchal (Madeira),FNC,LPMA,Budapest,BUD,LHBP,,,17:15,22:50,16:15,20:50,275,1854,15,2,2026-09-28T22:00:44.000Z
W61030,WZZ,Funchal (Madeira),FNC,LPMA,Katowice,KTW,EPKT,,,17:40,23:30,16:40,21:30,290,1904,37,1,2026-09-30T08:58:37.000Z
W61716,WZZ,Funchal (Madeira),FNC,LPMA,Gdansk,GDN,EPGD,,,18:05,00:05,17:05,22:05,300,1976,47,1,2026-09-27T23:58:57.000Z
W61617,WZZ,Gdansk,GDN,EPGD,Aberdeen,ABZ,EGPD,,,05:30,06:50,03:30,05:50,140,715,2467,1,2026-09-29T07:00:51.000Z
W61699,WZZ,Gdansk,GDN,EPGD,Rome Fiumicino,FCO,LIRF,,,05:30,08:05,03:30,06:05,155,794,13457,2,2026-09-30T08:00:16.000Z
W61731,WZZ,Gdansk,GDN,EPGD,Stockholm Arlanda,ARN,ESSA,,,05:45,07:10,03:45,05:10,85,317,1234567,1,2026-09-28T06:58:47.000Z
W61783,WZZ,Gdansk,GDN,EPGD,Oslo Gardermoen,OSL,ENGM,,,06:00,07:35,04:00,05:35,95,423,1234567,1,2026-09-30T07:01:18.000Z
W61745,WZZ,Gdansk,GDN,EPGD,Bergen,BGO,ENBR,,,06:05,08:00,04:05,06:00,115,555,1234567,1,2026-09-28T08:00:21.000Z
W61601,WZZ,Gdansk,GDN,EPGD,London Luton,LTN,EGGW,,,06:10,07:35,04:10,06:35,145,693,1234567,1,2026-09-30T08:00:16.000Z
W61701,WZZ,Gdansk,GDN,EPGD,Madrid,MAD,LEMD,,,06:20,09:45,04:20,07:45,205,1214,135,1,2026-09-30T08:58:32.000Z
W61761,WZZ,Gdansk,GDN,EPGD,Trondheim,TRD,ENVA,32Q,A21N,06:20,08:20,04:20,06:20,120,592,2467,1,2026-09-29T07:59:21.000Z
W61725,WZZ,Gdansk,GDN,EPGD,Tallinn,TLL,EETN,,,06:30,08:55,04:30,05:55,85,367,13457,1,2026-09-30T07:01:19.000Z
W61737,WZZ,Gdansk,GDN,EPGD,Rijeka,RJK,LDRI,,,06:30,08:25,04:30,06:25,115,570,26,1,2026-09-19T07:59:17.000Z
W61641,WZZ,Gdansk,GDN,EPGD,Eindhoven,EIN,EHEH,,,06:45,08:30,04:45,06:30,105,505,1234567,1,2026-09-30T08:00:11.000Z
W61661,WZZ,Gdansk,GDN,EPGD,Dortmund,DTM,EDLW,,,07:30,09:10,05:30,07:10,100,428,1234567,1,2026-09-30T08:58:34.000Z
W61675,WZZ,Gdansk,GDN,EPGD,Hamburg,HAM,EDDH,,,09:40,11:00,07:40,09:00,80,302,1234567,1,2026-09-30T08:58:35.000Z
W61719,WZZ,Gdansk,GDN,EPGD,Nice,NCE,LFMN,,,10:30,13:00,08:30,11:00,150,779,2467,3,2026-09-29T22:01:05.000Z
W61645,WZZ,Gdansk,GDN,EPGD,Podgorica,TGD,LYPG,,,10:30,12:50,08:30,10:50,140,722,1357,1,2026-09-30T08:58:35.000Z
W61663,WZZ,Gdansk,GDN,EPGD,Dortmund,DTM,EDLW,,,11:05,12:45,09:05,10:45,100,428,6,1,2026-09-26T12:59:12.000Z
W61751,WZZ,Gdansk,GDN,EPGD,Turku,TKU,EFTU,,,11:05,13:35,09:05,10:35,90,388,1234567,2,2026-09-30T08:58:35.000Z
W61765,WZZ,Gdansk,GDN,EPGD,Alesund,AES,ENAL,,,11:25,13:25,09:25,11:25,120,624,1234567,1,2026-09-30T08:58:30.000Z
W61749,WZZ,Gdansk,GDN,EPGD,Haugesund,HAU,ENHD,,,11:25,13:15,09:25,11:15,110,526,2467,1,2026-09-29T12:59:43.000Z
W61799,WZZ,Gdansk,GDN,EPGD,Tirana,TIA,LATI,,,12:35,15:00,10:35,13:00,145,780,2467,2,2026-09-29T14:59:41.000Z
W61795,WZZ,Gdansk,GDN,EPGD,Split,SPU,LDSP,,,12:40,14:55,10:40,12:55,135,656,15,1,2026-09-28T14:00:41.000Z
W61715,WZZ,Gdansk,GDN,EPGD,Funchal (Madeira),FNC,LPMA,,,12:55,17:20,10:55,16:20,325,1976,47,1,2026-09-27T18:00:47.000Z
W61741,WZZ,Gdansk,GDN,EPGD,Copenhagen,CPH,EKCH,,,13:40,14:50,11:40,12:50,70,213,1234567,1,2026-09-30T08:58:35.000Z
W61689,WZZ,Gdansk,GDN,EPGD,Budapest,BUD,LHBP,,,14:45,16:20,12:45,14:20,95,418,1357,1,2026-09-30T08:58:33.000Z
W61733,WZZ,Gdansk,GDN,EPGD,Stockholm Arlanda,ARN,ESSA,,,15:15,16:40,13:15,14:40,85,317,47,2,2026-09-17T16:00:05.000Z
W61613,WZZ,Gdansk,GDN,EPGD,Malaga,AGP,LEMG,,,15:20,19:30,13:20,17:30,250,1423,135,3,2026-09-30T08:58:35.000Z
W64530,WZZ,Gdansk,GDN,EPGD,Varna (Black Sea),VAR,LBWN,,,15:20,18:50,13:20,15:50,150,763,135,1,2026-09-21T17:00:19.000Z
W61777,WZZ,Gdansk,GDN,EPGD,Billund,BLL,EKBI,,,15:25,16:45,13:25,14:45,80,330,23467,4,2026-09-30T08:58:33.000Z
W61735,WZZ,Gdansk,GDN,EPGD,Gothenburg Landvetter,GOT,ESGG,,,15:55,17:10,13:55,15:10,75,286,13457,1,2026-09-28T17:59:12.000Z
W43086,WMT,Gdansk,GDN,EPGD,Bucharest Otopeni,OTP,LROP,,,16:25,19:30,14:25,16:30,125,659,1357,3,2026-09-30T08:58:36.000Z
W61707,WZZ,Gdansk,GDN,EPGD,Alicante,ALC,LEAL,,,16:45,20:25,14:45,18:25,220,1239,2467,2,2026-09-29T20:00:22.000Z
W61717,WZZ,Gdansk,GDN,EPGD,Athens,ATH,LGAV,,,16:45,20:45,14:45,17:45,180,1012,135,1,2026-09-30T08:58:31.000Z
W61643,WZZ,Gdansk,GDN,EPGD,Bourgas (Black Sea),BOJ,LBBG,,,17:00,20:30,15:00,17:30,150,794,246,1,2026-09-29T19:00:52.000Z
W61727,WZZ,Gdansk,GDN,EPGD,Vilnius,VNO,EYVI,,,17:05,19:10,15:05,16:10,65,238,2467,3,2026-09-29T07:59:21.000Z
W61797,WZZ,Gdansk,GDN,EPGD,Heraklion (Crete),HER,LGIR,,,17:20,21:35,15:20,18:35,195,1177,15,2,2026-09-28T21:00:00.000Z
W61773,WZZ,Gdansk,GDN,EPGD,Reykjavik,KEF,BIKF,,,17:20,19:15,15:20,19:15,235,1358,23467,2,2026-09-30T08:58:35.000Z
W61703,WZZ,Gdansk,GDN,EPGD,Palma de Mallorca,PMI,LEPA,,,18:25,21:50,16:25,19:50,205,1094,125,2,2026-09-29T13:59:13.000Z
W61705,WZZ,Gdansk,GDN,EPGD,Barcelona El Prat,BCN,LEBL,,,18:35,21:40,16:35,19:40,185,1021,23467,1,2026-09-29T21:00:53.000Z
W61791,WZZ,Gdansk,GDN,EPGD,Larnaca,LCA,LCLK,,,18:35,23:10,16:35,20:10,215,1332,135,1,2026-09-30T08:58:35.000Z
W61771,WZZ,Gdansk,GDN,EPGD,Tromso,TOS,ENTC,,,18:50,21:35,16:50,19:35,165,919,135,1,2026-09-30T08:58:35.000Z
W61607,WZZ,Gdansk,GDN,EPGD,London Luton,LTN,EGGW,,,19:05,20:30,17:05,19:30,145,693,1357,1,2026-09-30T08:58:35.000Z
W61713,WZZ,Gdansk,GDN,EPGD,Milan Malpensa,MXP,LIMC,,,19:05,21:25,17:05,19:25,140,645,1357,3,2026-09-30T08:58:35.000Z
W61757,WZZ,Gdansk,GDN,EPGD,Bergen,BGO,ENBR,,,19:10,21:05,17:10,19:05,115,555,1234567,3,2026-09-30T08:58:33.000Z
W61793,WZZ,Gdansk,GDN,EPGD,Dubrovnik,DBV,LDDU,,,19:10,21:20,17:10,19:20,130,709,47,1,2026-09-27T20:59:21.000Z
W61685,WZZ,Gdansk,GDN,EPGD,Catania (Sicily),CTA,LICC,,,19:15,22:20,17:15,20:20,185,1025,246,3,2026-09-29T22:01:00.000Z
W61755,WZZ,Gdansk,GDN,EPGD,Stavanger,SVG,ENZV,,,19:30,21:15,17:30,19:15,105,501,1234567,1,2026-09-30T08:58:35.000Z
W61785,WZZ,Gdansk,GDN,EPGD,Oslo Gardermoen,OSL,ENGM,,,20:25,22:00,18:25,20:00,95,423,47,1,2026-09-24T22:00:14.000Z
W61687,WZZ,Gdansk,GDN,EPGD,Poprad-Tatry,TAT,LZTT,,,20:25,21:45,18:25,19:45,80,325,47,2,2026-09-27T20:59:27.000Z
W41685,WMT,Gdansk,GDN,EPGD,Catania (Sicily),CTA,LICC,,,21:35,00:40,19:35,22:40,185,1025,7,1,2026-08-31T00:00:01.000Z
W61266,WZZ,Brasov,GHV,LRBV,Katowice,KTW,EPKT,,,09:00,09:30,06:00,07:30,90,385,246,1,2026-09-29T09:03:55.000Z
W46166,WMT,Brasov,GHV,LRBV,Rome Fiumicino,FCO,LIRF,,,09:30,10:45,06:30,08:45,135,620,246,1,2026-09-29T10:00:33.000Z
W46416,WMT,Brasov,GHV,LRBV,Milan Malpensa,MXP,LIMC,,,10:20,11:45,07:20,09:45,145,703,26,1,2026-09-29T11:00:10.000Z
W63873,WZZ,Brasov,GHV,LRBV,Dortmund,DTM,EDLW,,,10:55,12:30,07:55,10:30,155,789,37,2,2026-09-30T08:58:34.000Z
W43538,WMT,Brasov,GHV,LRBV,Nuremberg,NUE,EDDN,,,11:30,12:40,08:30,10:40,130,626,246,1,2026-09-15T12:59:44.000Z
W46950,WMT,Brasov,GHV,LRBV,Naples,NAP,LIRN,,,12:55,14:00,09:55,12:00,125,569,37,1,2026-09-30T08:58:38.000Z
W43871,WMT,Brasov,GHV,LRBV,Memmingen / Munich West,FMM,EDJA,,,13:40,14:55,10:40,12:55,135,641,26,1,2026-09-29T14:01:32.000Z
W62484,WZZ,Brasov,GHV,LRBV,Budapest,BUD,LHBP,,,13:55,14:10,10:55,12:10,75,278,1234567,6,2026-09-30T08:58:33.000Z
W61378,WZZ,Brasov,GHV,LRBV,Warsaw Chopin,WAW,EPWA,,,16:10,16:50,13:10,14:50,100,427,26,1,2026-09-29T15:59:45.000Z
W95400,WUK,Brasov,GHV,LRBV,London Luton,LTN,EGGW,,,20:50,22:10,17:50,21:10,200,1082,1234567,4,2026-09-30T08:58:37.000Z
W46420,WMT,Glasgow,GLA,EGPF,Milan Malpensa,MXP,LIMC,,,08:40,12:10,07:40,10:10,150,790,1357,3,2026-09-04T17:59:53.000Z
W46008,WMT,Glasgow,GLA,EGPF,Rome Fiumicino,FCO,LIRF,,,09:20,13:30,08:20,11:30,190,1066,246,1,2026-09-29T12:59:46.000Z
W62028,WZZ,Genoa,GOA,LIMJ,Kraków,KRK,EPKK,,,09:05,10:40,07:05,08:40,95,560,246,1,2026-09-29T10:00:31.000Z
W61358,WZZ,Genoa,GOA,LIMJ,Warsaw Chopin,WAW,EPWA,,,09:10,11:15,07:10,09:15,125,670,246,2,2026-09-29T11:00:12.000Z
W45084,WMT,Genoa,GOA,LIMJ,Tirana,TIA,LATI,,,13:00,14:45,11:00,12:45,105,511,1234567,1,2026-09-30T08:58:35.000Z
W62352,WZZ,Genoa,GOA,LIMJ,Budapest,BUD,LHBP,,,21:10,22:40,19:10,20:40,90,471,246,1,2026-09-29T22:00:59.000Z
W45098,WMT,Genoa,GOA,LIMJ,Tirana,TIA,LATI,,,23:05,00:50,21:05,22:50,105,511,47,1,2026-09-27T23:59:03.000Z
W64296,WZZ,Gothenburg Landvetter,GOT,ESGG,Tuzla,TZL,LQTZ,,,09:20,11:50,07:20,09:50,150,828,237,2,2026-09-30T08:58:35.000Z
W61736,WZZ,Gothenburg Landvetter,GOT,ESGG,Gdansk,GDN,EPGD,,,17:45,18:55,15:45,16:55,70,286,13457,1,2026-09-28T19:01:11.000Z
W64154,WZZ,Gothenburg Landvetter,GOT,ESGG,Belgrade,BEG,LYBE,,,22:40,01:10,20:40,23:10,150,827,135,2,2026-09-29T01:01:47.000Z
W64710,WZZ,Gothenburg Landvetter,GOT,ESGG,Skopje,SKP,LWSK,,,22:40,01:35,20:40,23:35,175,1008,2467,3,2026-09-27T22:58:34.000Z
W62500,WZZ,Baku,GYD,UBBB,Budapest,BUD,LHBP,,,04:50,07:00,00:50,05:00,250,1384,1246,1,2026-09-29T07:00:53.000Z
W46204,WMT,Baku,GYD,UBBB,Rome Fiumicino,FCO,LIRF,,,22:20,01:15,18:20,23:15,295,1697,246,1,2026-09-30T01:00:30.000Z
W43970,WMT,Hamburg,HAM,EDDH,Chisinau,RMO,LUKK,,,07:45,11:10,05:45,08:10,145,827,15,1,2026-08-31T05:18:59.000Z
W64520,WZZ,Hamburg,HAM,EDDH,Varna (Black Sea),VAR,LBWN,,,07:55,11:35,05:55,08:35,160,941,12467,1,2026-09-29T10:00:35.000Z
W64240,WZZ,Hamburg,HAM,EDDH,Tuzla,TZL,LQTZ,,,09:00,11:05,07:00,09:05,125,648,135,2,2026-09-30T08:58:35.000Z
W64750,WZZ,Hamburg,HAM,EDDH,Skopje,SKP,LWSK,,,09:25,12:00,07:25,10:00,155,841,123467,4,2026-09-30T08:58:35.000Z
W67608,WZZ,Hamburg,HAM,EDDH,Podgorica,TGD,LYPG,,,09:25,11:50,07:25,09:50,145,771,246,1,2026-09-29T11:00:10.000Z
W67806,WZZ,Hamburg,HAM,EDDH,Yerevan,EVN,UDYZ,,,10:00,16:10,08:00,12:10,250,1605,15,1,2026-09-28T14:00:42.000Z
W61676,WZZ,Hamburg,HAM,EDDH,Gdansk,GDN,EPGD,,,11:35,12:50,09:35,10:50,75,302,1234567,1,2026-09-30T08:58:35.000Z
W64346,WZZ,Hamburg,HAM,EDDH,Sofia,SOF,LBSF,,,14:55,18:30,12:55,15:30,155,846,135,2,2026-09-28T21:58:43.000Z
W64126,WZZ,Hamburg,HAM,EDDH,Belgrade,BEG,LYBE,,,15:00,17:10,13:00,15:10,130,665,246,1,2026-09-29T16:59:34.000Z
W45108,WMT,Hamburg,HAM,EDDH,Tirana,TIA,LATI,,,16:20,18:50,14:20,16:50,150,831,1234567,1,2026-09-30T08:58:35.000Z
W67944,WZZ,Hamburg,HAM,EDDH,Kutaisi,KUT,UGKO,,,18:25,00:30,16:25,20:30,245,1460,26,1,2026-09-30T00:00:21.000Z
W43096,WMT,Hamburg,HAM,EDDH,Bucharest Baneasa,BBU,LRBS,,,20:00,23:35,18:00,20:35,155,835,13457,1,2026-09-30T08:58:35.000Z
W61750,WZZ,Haugesund,HAU,ENHD,Gdansk,GDN,EPGD,,,13:50,15:35,11:50,13:35,105,526,2467,1,2026-09-29T14:59:37.000Z
W43068,WMT,Heraklion (Crete),HER,LGIR,Bucharest Otopeni,OTP,LROP,,,00:15,02:10,21:15,23:10,115,556,3,1,2026-09-30T01:00:28.000Z
W66440,WMT,Heraklion (Crete),HER,LGIR,Milan Malpensa,MXP,LIMC,,,08:30,10:30,05:30,08:30,180,969,7,1,2026-08-30T09:59:31.000Z
W43324,WMT,Heraklion (Crete),HER,LGIR,Cluj-Napoca,CLJ,LRCL,,,08:35,10:40,05:35,07:40,125,691,246,1,2026-09-29T09:03:52.000Z
W62022,WZZ,Heraklion (Crete),HER,LGIR,Kraków,KRK,EPKK,,,09:55,11:35,06:55,09:35,160,916,135,3,2026-09-30T08:58:35.000Z
W61546,WZZ,Heraklion (Crete),HER,LGIR,Warsaw Chopin,WAW,EPWA,,,10:05,12:00,07:05,10:00,175,1026,246,2,2026-09-29T11:58:31.000Z
W46088,WMT,Heraklion (Crete),HER,LGIR,Rome Fiumicino,FCO,LIRF,,,16:05,17:35,13:05,15:35,150,719,1234567,3,2026-09-28T17:59:14.000Z
W62444,WZZ,Heraklion (Crete),HER,LGIR,Budapest,BUD,LHBP,,,17:00,18:25,14:00,16:25,145,773,12467,4,2026-09-29T22:59:54.000Z
W61798,WZZ,Heraklion (Crete),HER,LGIR,Gdansk,GDN,EPGD,,,22:10,00:25,19:10,22:25,195,1177,15,2,2026-09-29T00:59:24.000Z
W46440,WMT,Heraklion (Crete),HER,LGIR,Milan Malpensa,MXP,LIMC,,,22:10,00:10,19:10,22:10,180,969,1234567,6,2026-09-29T11:00:10.000Z
W43056,WMT,Heraklion (Crete),HER,LGIR,Bucharest Otopeni,OTP,LROP,,,23:35,01:30,20:35,22:30,115,556,134567,6,2026-09-29T02:00:47.000Z
W43544,WMT,Frankfurt Hahn,HHN,EDFH,Timisoara,TSR,LRTR,,,11:55,14:50,09:55,11:50,115,618,26,1,2026-09-15T12:59:45.000Z
W43244,WMT,Frankfurt Hahn,HHN,EDFH,Bucharest Baneasa,BBU,LRBS,,,14:50,18:15,12:50,15:15,145,832,246,1,2026-09-29T16:59:34.000Z
W67948,WZZ,Frankfurt Hahn,HHN,EDFH,Kutaisi,KUT,UGKO,,,19:20,01:30,17:20,21:30,250,1524,15,1,2026-09-28T22:59:39.000Z
W64542,WZZ,Frankfurt Hahn,HHN,EDFH,Varna (Black Sea),VAR,LBWN,,,21:15,00:55,19:15,21:55,160,935,15,1,2026-09-28T23:59:37.000Z
W64284,WZZ,Frankfurt Hahn,HHN,EDFH,Tuzla,TZL,LQTZ,,,22:20,00:15,20:20,22:15,115,571,246,1,2026-09-30T00:00:23.000Z
W64730,WZZ,Frankfurt Hahn,HHN,EDFH,Skopje,SKP,LWSK,,,22:30,00:50,20:30,22:50,140,765,123467,2,2026-09-30T00:00:22.000Z
W45110,WMT,Frankfurt Hahn,HHN,EDFH,Tirana,TIA,LATI,,,23:05,01:20,21:05,23:20,135,730,13457,3,2026-09-29T00:59:28.000Z
W62214,WZZ,Hurghada,HRG,HEGN,Budapest,BUD,LHBP,,,11:35,14:45,08:35,12:45,250,1395,246,1,2026-09-29T14:01:33.000Z
W46090,WMT,Hurghada,HRG,HEGN,Rome Fiumicino,FCO,LIRF,,,21:50,01:00,18:50,23:00,250,1374,1357,3,2026-09-30T08:58:35.000Z
W43661,WMT,Iasi,IAS,LRIA,Brussels Charleroi,CRL,EBCI,,,05:10,07:00,02:10,05:00,170,933,1234567,1,2026-09-29T07:00:53.000Z
W43663,WMT,Iasi,IAS,LRIA,Paris Beauvais,BVA,LFOB,,,05:45,07:50,02:45,05:50,185,1023,1234567,1,2026-09-28T07:02:29.000Z
W43655,WMT,Iasi,IAS,LRIA,Dortmund,DTM,EDLW,,,05:45,07:25,02:45,05:25,160,822,2346,2,2026-09-30T07:01:14.000Z
W43671,WMT,Iasi,IAS,LRIA,Milan Bergamo,BGY,LIME,,,06:00,07:30,03:00,05:30,150,745,1234567,1,2026-09-30T07:01:15.000Z
W43651,WMT,Iasi,IAS,LRIA,London Luton,LTN,EGGW,,,06:10,07:30,03:10,06:30,200,1119,1234567,1,2026-09-30T08:00:16.000Z
W63693,WZZ,Iasi,IAS,LRIA,Larnaca,LCA,LCLK,,,09:35,12:10,06:35,09:10,155,787,4,1,2026-09-17T11:02:14.000Z
W43695,WMT,Iasi,IAS,LRIA,Billund,BLL,EKBI,,,12:05,13:50,09:05,11:50,165,857,137,2,2026-09-30T08:58:33.000Z
W43659,WMT,Iasi,IAS,LRIA,Eindhoven,EIN,EHEH,,,12:05,13:55,09:05,11:55,170,904,246,1,2026-09-29T12:59:40.000Z
W43675,WMT,Iasi,IAS,LRIA,Rome Fiumicino,FCO,LIRF,,,12:15,13:50,09:15,11:50,155,731,1234567,5,2026-09-30T08:58:35.000Z
W43639,WMT,Iasi,IAS,LRIA,Bâle / Mulhouse,BSL,LFSB,,,12:30,14:05,09:30,12:05,155,815,15,1,2026-09-28T10:59:42.000Z
W43689,WMT,Iasi,IAS,LRIA,Tel-Aviv,TLV,LLBG,,,13:25,16:20,10:25,13:20,175,970,47,1,2026-09-27T14:59:44.000Z
W43705,WMT,Iasi,IAS,LRIA,Prague,PRG,LKPR,,,13:30,14:25,10:30,12:25,115,557,246,2,2026-09-29T13:59:13.000Z
W43669,WMT,Iasi,IAS,LRIA,Venice Treviso,TSF,LIPH,,,13:30,14:45,10:30,12:45,135,644,1357,3,2026-09-30T08:58:35.000Z
W43717,WMT,Iasi,IAS,LRIA,Istanbul,IST,LTFM,,,14:15,16:05,11:15,13:05,110,358,37,1,2026-09-30T08:58:35.000Z
W43691,WMT,Iasi,IAS,LRIA,Madrid,MAD,LEMD,,,14:20,17:35,11:20,15:35,255,1399,15,1,2026-09-28T17:01:41.000Z
W43685,WMT,Iasi,IAS,LRIA,Barcelona El Prat,BCN,LEBL,,,14:40,17:05,11:40,15:05,205,1148,246,1,2026-09-29T16:59:33.000Z
W43727,WMT,Iasi,IAS,LRIA,Pisa (Tuscany),PSA,LIRP,,,17:35,19:00,14:35,17:00,145,754,47,2,2026-09-27T18:59:47.000Z
W43637,WMT,Iasi,IAS,LRIA,Memmingen / Munich West,FMM,EDJA,,,18:20,19:40,15:20,17:40,140,704,26,1,2026-09-29T19:00:50.000Z
W43697,WMT,Iasi,IAS,LRIA,Liverpool,LPL,EGGP,,,18:40,20:20,15:40,19:20,220,1216,15,1,2026-09-28T21:00:02.000Z
W43723,WMT,Iasi,IAS,LRIA,Valencia,VLC,LEVC,,,18:45,21:30,15:45,19:30,225,1303,37,2,2026-09-30T08:58:35.000Z
W43653,WMT,Iasi,IAS,LRIA,London Luton,LTN,EGGW,,,18:50,20:15,15:50,19:15,205,1119,1234567,1,2026-09-29T21:01:03.000Z
W43667,WMT,Iasi,IAS,LRIA,Bologna,BLQ,LIPE,,,18:55,20:15,15:55,18:15,140,700,134567,2,2026-09-30T08:58:33.000Z
W43701,WMT,Iasi,IAS,LRIA,Milan Malpensa,MXP,LIMC,,,19:00,20:30,16:00,18:30,150,786,135,1,2026-09-30T08:58:35.000Z
W43693,WMT,Iasi,IAS,LRIA,Larnaca,LCA,LCLK,,,19:05,21:40,16:05,18:40,155,787,23467,1,2026-09-30T00:00:20.000Z
W43677,WMT,Iasi,IAS,LRIA,Turin,TRN,LIMF,,,21:15,23:00,18:15,21:00,165,836,47,1,2026-09-27T22:58:35.000Z
W46236,WMT,Ibiza,IBZ,LEIB,Rome Fiumicino,FCO,LIRF,,,08:00,09:55,06:00,07:55,115,528,13457,2,2026-09-04T08:59:09.000Z
W46034,WMT,Ibiza,IBZ,LEIB,Rome Fiumicino,FCO,LIRF,,,22:55,00:50,20:55,22:50,115,528,1234567,2,2026-09-05T23:59:48.000Z
W44193,WMT,Niš,INI,LYNI,Memmingen / Munich West,FMM,EDJA,,,10:30,12:30,08:30,10:30,120,561,1357,1,2026-09-30T08:58:30.000Z
W64191,WZZ,Niš,INI,LYNI,Dortmund,DTM,EDLW,,,12:45,15:15,10:45,13:15,150,757,15,1,2026-09-28T16:01:08.000Z
W62430,WZZ,Istanbul,IST,LTFM,Budapest,BUD,LHBP,,,09:25,10:25,06:25,08:25,120,549,1234567,1,2026-09-30T08:58:33.000Z
W95328,WUK,Istanbul,IST,LTFM,London Luton,LTN,EGGW,,,13:50,15:55,10:50,14:55,245,1347,1234567,2,2026-09-30T08:58:36.000Z
W62592,WMT,Istanbul,IST,LTFM,Debrecen,DEB,LHDC,,,16:40,17:40,13:40,15:40,120,482,37,1,2026-09-30T08:58:34.000Z
W42592,WMT,Istanbul,IST,LTFM,Debrecen,DEB,LHDC,,,16:40,17:40,13:40,15:40,120,482,37,1,2026-09-30T08:58:34.000Z
W95730,WUK,Istanbul,IST,LTFM,London Gatwick,LGW,EGKK,,,20:10,22:20,17:10,21:20,250,1328,1234567,2,2026-09-30T08:58:36.000Z
W43718,WMT,Istanbul,IST,LTFM,Iasi,IAS,LRIA,,,22:00,23:35,19:00,20:35,95,358,37,1,2026-09-30T08:58:36.000Z
W62436,WZZ,Istanbul,IST,LTFM,Budapest,BUD,LHBP,,,23:35,00:35,20:35,22:35,120,549,26,2,2026-09-30T01:00:26.000Z
W46392,WMT,Jeddah,JED,OEJN,Milan Malpensa,MXP,LIMC,,,19:55,00:35,16:55,22:35,340,2070,1357,1,2026-09-30T08:58:35.000Z
W46230,WMT,Jeddah,JED,OEJN,Rome Fiumicino,FCO,LIRF,,,20:30,00:35,17:30,22:35,305,1815,135,1,2026-09-30T08:58:35.000Z
W43078,WMT,Mykonos,JMK,LGMK,Bucharest Otopeni,OTP,LROP,,,09:05,10:45,06:05,07:45,100,430,13457,2,2026-09-18T08:58:59.000Z
W95492,WUK,Mykonos,JMK,LGMK,London Luton,LTN,EGGW,,,21:35,23:35,18:35,22:35,240,1387,247,1,2026-09-30T01:00:30.000Z
W67060,WZZ,Mykonos,JMK,LGMK,Bratislava,BTS,LZIB,,,22:55,00:15,19:55,22:15,140,736,15,1,2026-09-28T23:59:29.000Z
W46094,WMT,Mykonos,JMK,LGMK,Rome Fiumicino,FCO,LIRF,,,23:55,01:15,20:55,23:15,140,659,1234567,1,2026-09-06T01:00:02.000Z
W46472,WMT,Skiathos,JSI,LGSK,Milan Malpensa,MXP,LIMC,,,16:00,17:30,13:00,15:30,150,759,2346,2,2026-09-05T17:59:28.000Z
W46148,WMT,Skiathos,JSI,LGSK,Rome Fiumicino,FCO,LIRF,,,17:20,18:30,14:20,16:30,130,537,24567,3,2026-09-05T11:00:15.000Z
W43076,WMT,Santorini,JTR,LGSR,Bucharest Otopeni,OTP,LROP,,,08:40,10:30,05:40,07:30,110,491,1357,1,2026-09-18T08:58:59.000Z
W61548,WZZ,Santorini,JTR,LGSR,Warsaw Chopin,WAW,EPWA,,,10:10,12:00,07:10,10:00,170,966,26,1,2026-09-19T11:58:51.000Z
W95744,WUK,Santorini,JTR,LGSR,London Gatwick,LGW,EGKK,,,20:20,22:20,17:20,21:20,240,1409,37,2,2026-09-06T23:00:59.000Z
W62454,WZZ,Santorini,JTR,LGSR,Budapest,BUD,LHBP,,,22:00,23:10,19:00,21:10,130,718,47,2,2026-09-27T23:00:54.000Z
W46096,WMT,Santorini,JTR,LGSR,Rome Fiumicino,FCO,LIRF,,,22:20,23:45,19:20,21:45,145,695,1234567,5,2026-09-05T23:59:48.000Z
W46248,WMT,Santorini,JTR,LGSR,Rome Fiumicino,FCO,LIRF,,,23:40,01:05,20:40,23:05,145,695,7,1,2026-08-31T01:00:24.000Z
W43080,WMT,Santorini,JTR,LGSR,Bucharest Otopeni,OTP,LROP,,,23:55,01:35,20:55,22:35,100,491,47,1,2026-09-18T00:00:25.000Z
W62428,WZZ,Reykjavik,KEF,BIKF,Budapest,BUD,LHBP,,,09:40,16:05,09:40,14:05,265,1682,246,3,2026-09-29T15:59:38.000Z
W61964,WZZ,Reykjavik,KEF,BIKF,Vilnius,VNO,EYVI,,,17:25,00:20,17:25,21:20,235,1527,15,2,2026-09-28T22:59:41.000Z
W61168,WZZ,Reykjavik,KEF,BIKF,Katowice,KTW,EPKT,,,17:30,23:30,17:30,21:30,240,1538,123467,5,2026-09-30T00:00:20.000Z
W46454,WMT,Reykjavik,KEF,BIKF,Milan Malpensa,MXP,LIMC,,,19:00,01:15,19:00,23:15,255,1517,1457,4,2026-09-28T01:00:31.000Z
W61898,WZZ,Reykjavik,KEF,BIKF,Wroclaw,WRO,EPWR,,,19:20,01:10,19:20,23:10,230,1454,246,2,2026-09-30T01:00:32.000Z
W61774,WZZ,Reykjavik,KEF,BIKF,Gdansk,GDN,EPGD,,,19:55,01:30,19:55,23:30,215,1358,23467,2,2026-09-30T01:00:28.000Z
W61540,WZZ,Reykjavik,KEF,BIKF,Warsaw Chopin,WAW,EPWA,,,23:50,05:50,23:50,03:50,240,1514,23467,1,2026-09-30T05:00:42.000Z
W62262,WZZ,Kalamata,KLX,LGKL,Budapest,BUD,LHBP,,,09:40,10:45,06:40,08:45,125,634,15,1,2026-09-18T09:59:17.000Z
W62047,WZZ,Kraków,KRK,EPKK,Barcelona El Prat,BCN,LEBL,,,05:30,08:20,03:30,06:20,170,907,1234567,2,2026-09-30T08:00:07.000Z
W62051,WZZ,Kraków,KRK,EPKK,Larnaca,LCA,LCLK,,,05:30,09:40,03:30,06:40,190,1096,134567,5,2026-09-30T08:58:36.000Z
W62023,WZZ,Kraków,KRK,EPKK,Rhodes,RHO,LGRP,,,05:30,09:15,03:30,06:15,165,896,246,3,2026-09-29T07:59:19.000Z
W62079,WZZ,Kraków,KRK,EPKK,Valencia,VLC,LEVC,,,05:30,08:40,03:30,06:40,190,1067,1234567,5,2026-09-30T08:00:18.000Z
W62021,WZZ,Kraków,KRK,EPKK,Heraklion (Crete),HER,LGIR,,,05:35,09:20,03:35,06:20,165,916,135,2,2026-09-30T08:00:12.000Z
W62097,WZZ,Kraków,KRK,EPKK,Tel-Aviv,TLV,LLBG,,,05:40,10:10,03:40,07:10,210,1277,1234567,1,2026-09-30T08:58:33.000Z
W62007,WZZ,Kraków,KRK,EPKK,London Gatwick,LGW,EGKK,,,06:00,07:40,04:00,06:40,160,761,1234567,1,2026-09-28T08:00:28.000Z
W62027,WZZ,Kraków,KRK,EPKK,Genoa,GOA,LIMJ,,,06:30,08:25,04:30,06:25,115,560,246,1,2026-09-29T07:59:15.000Z
W62039,WZZ,Kraków,KRK,EPKK,Vilnius,VNO,EYVI,,,06:30,08:50,04:30,05:50,80,340,1357,1,2026-09-30T07:01:19.000Z
W42031,WMT,Kraków,KRK,EPKK,Rome Fiumicino,FCO,LIRF,,,08:55,11:05,06:55,09:05,130,587,135,1,2026-09-30T08:58:36.000Z
W62420,WZZ,Kraków,KRK,EPKK,Budapest,BUD,LHBP,,,09:05,10:05,07:05,08:05,60,160,13457,3,2026-09-30T08:58:33.000Z
W62091,WZZ,Kraków,KRK,EPKK,Lyon,LYS,LFLL,,,10:25,12:40,08:25,10:40,135,645,135,1,2026-09-30T08:58:36.000Z
W62075,WZZ,Kraków,KRK,EPKK,Eindhoven,EIN,EHEH,,,12:45,14:45,10:45,12:45,120,552,2467,1,2026-09-29T14:59:36.000Z
W65178,WZZ,Kraków,KRK,EPKK,Tirana,TIA,LATI,,,12:50,14:40,10:50,12:40,110,520,1235,3,2026-09-30T08:58:36.000Z
W62031,WZZ,Kraków,KRK,EPKK,Rome Fiumicino,FCO,LIRF,,,13:00,15:10,11:00,13:10,130,587,246,1,2026-09-29T14:59:39.000Z
W62033,WZZ,Kraków,KRK,EPKK,Oslo Gardermoen,OSL,ENGM,,,13:00,15:15,11:00,13:15,135,675,1234567,4,2026-09-30T08:58:36.000Z
W64454,WZZ,Kraków,KRK,EPKK,Sofia,SOF,LBSF,,,13:15,15:55,11:15,12:55,100,468,1357,4,2026-09-28T14:59:56.000Z
W62057,WZZ,Kraków,KRK,EPKK,Bucharest Baneasa,BBU,LRBS,,,13:35,16:10,11:35,13:10,95,422,124567,3,2026-09-29T12:59:39.000Z
W62043,WZZ,Kraków,KRK,EPKK,Stavanger,SVG,ENZV,,,13:35,15:55,11:35,13:55,140,720,135,2,2026-09-30T08:58:36.000Z
W62029,WZZ,Kraków,KRK,EPKK,Basel-Mulhouse-Freiburg,BSL,LFSB,,,13:50,15:40,11:50,13:40,110,506,124567,5,2026-09-29T12:00:45.000Z
W62045,WZZ,Kraków,KRK,EPKK,Tallinn,TLL,EETN,,,14:05,16:55,12:05,13:55,110,587,2467,2,2026-09-29T16:59:40.000Z
W62073,WZZ,Kraków,KRK,EPKK,Malaga,AGP,LEMG,,,15:00,19:00,13:00,17:00,240,1321,124567,3,2026-09-28T17:59:14.000Z
W62099,WZZ,Kraków,KRK,EPKK,Tel-Aviv,TLV,LLBG,,,15:15,19:45,13:15,16:45,210,1277,6,1,2026-09-26T18:01:41.000Z
W62049,WZZ,Kraków,KRK,EPKK,Bilbao,BIO,LEBB,,,16:10,19:20,14:10,17:20,190,1014,246,2,2026-09-29T19:00:52.000Z
W62095,WZZ,Kraków,KRK,EPKK,Barcelona El Prat,BCN,LEBL,,,16:30,19:20,14:30,17:20,170,907,123567,1,2026-09-30T08:58:31.000Z
W46742,WMT,Kraków,KRK,EPKK,Venice,VCE,LIPZ,,,17:05,18:40,15:05,16:40,95,406,246,1,2026-09-29T18:58:52.000Z
W62071,WZZ,Kraków,KRK,EPKK,Nice,NCE,LFMN,,,17:25,19:45,15:25,17:45,140,643,124567,3,2026-09-29T18:58:51.000Z
W62035,WZZ,Kraków,KRK,EPKK,Bergen,BGO,ENBR,,,18:20,20:35,16:20,18:35,135,787,2467,3,2026-09-29T20:00:22.000Z
W62061,WZZ,Kraków,KRK,EPKK,Rome Fiumicino,FCO,LIRF,,,18:35,20:45,16:35,18:45,130,587,1234567,2,2026-09-30T08:58:36.000Z
W62067,WZZ,Kraków,KRK,EPKK,Milan Malpensa,MXP,LIMC,,,19:05,21:00,17:05,19:00,115,519,1234567,2,2026-09-30T08:58:36.000Z
W62011,WZZ,Kraków,KRK,EPKK,Split,SPU,LDSP,,,19:20,21:10,17:20,19:10,110,418,135,1,2026-09-30T08:58:36.000Z
W67002,WZZ,Kosice,KSC,LZKZ,Bratislava,BTS,LZIB,,,07:30,08:25,05:30,06:25,55,163,1234567,1,2026-09-30T08:00:08.000Z
W46158,WMT,Kosice,KSC,LZKZ,Rome Fiumicino,FCO,LIRF,,,15:10,17:15,13:10,15:15,125,560,26,1,2026-09-29T16:59:39.000Z
W95454,WUK,Kosice,KSC,LZKZ,London Luton,LTN,EGGW,,,16:55,18:40,14:55,17:40,165,848,1357,1,2026-09-30T08:58:36.000Z
W67004,WZZ,Kosice,KSC,LZKZ,Bratislava,BTS,LZIB,,,17:40,18:35,15:40,16:35,55,163,124567,4,2026-09-29T17:59:48.000Z
W61041,WZZ,Katowice,KTW,EPKT,Catania (Sicily),CTA,LICC,,,05:30,08:05,03:30,06:05,155,800,1256,3,2026-09-29T14:59:35.000Z
W61247,WZZ,Katowice,KTW,EPKT,Corfu,CFU,LGKR,,,05:45,08:55,03:45,05:55,130,654,15,1,2026-09-28T07:02:30.000Z
W61199,WZZ,Katowice,KTW,EPKT,Kutaisi,KUT,UGKO,,,05:45,11:00,03:45,07:00,195,1084,12456,3,2026-09-29T09:03:56.000Z
W61163,WZZ,Katowice,KTW,EPKT,Malta,MLA,LMML,,,05:45,08:25,03:45,06:25,160,901,1234567,2,2026-09-30T08:00:15.000Z
W61097,WZZ,Katowice,KTW,EPKT,Billund,BLL,EKBI,,,06:00,07:45,04:00,05:45,105,477,1356,2,2026-09-30T07:01:12.000Z
W61265,WZZ,Katowice,KTW,EPKT,Brasov,GHV,LRBV,,,06:00,08:25,04:00,05:25,85,385,246,1,2026-09-29T06:00:04.000Z
W61001,WZZ,Katowice,KTW,EPKT,London Luton,LTN,EGGW,,,06:05,07:30,04:05,06:30,145,735,1234567,1,2026-09-30T08:00:16.000Z
W61091,WZZ,Katowice,KTW,EPKT,Dortmund,DTM,EDLW,,,06:15,08:00,04:15,06:00,105,437,1234567,1,2026-09-30T08:00:10.000Z
W61069,WZZ,Katowice,KTW,EPKT,Eindhoven,EIN,EHEH,320,A320,06:30,08:25,04:30,06:25,115,521,2,1,2026-09-29T07:59:21.000Z
W61103,WZZ,Katowice,KTW,EPKT,Maastricht,MST,EHBK,,,06:30,08:25,04:30,06:25,115,506,1357,1,2026-08-31T08:00:46.000Z
W61061,WZZ,Katowice,KTW,EPKT,Comiso (Sicily),CIY,LICB,,,06:45,09:25,04:45,07:25,160,832,37,2,2026-09-13T08:59:39.000Z
W61121,WZZ,Katowice,KTW,EPKT,Athens,ATH,LGAV,,,07:00,10:30,05:00,07:30,150,781,37,1,2026-09-30T08:58:30.000Z
W61261,WZZ,Katowice,KTW,EPKT,Bourgas (Black Sea),BOJ,LBBG,,,07:00,10:05,05:00,07:05,125,588,1234567,2,2026-09-18T09:01:15.000Z
W61271,WZZ,Katowice,KTW,EPKT,Podgorica,TGD,LYPG,,,07:00,08:45,05:00,06:45,105,487,23467,3,2026-09-29T07:59:19.000Z
W61093,WZZ,Katowice,KTW,EPKT,Dortmund,DTM,EDLW,,,10:35,12:20,08:35,10:20,105,437,1234567,1,2026-09-30T08:58:34.000Z
W61055,WZZ,Katowice,KTW,EPKT,Rimini,RMI,LIPR,,,10:35,12:20,08:35,10:20,105,468,135,2,2026-09-18T12:00:37.000Z
W61071,WZZ,Katowice,KTW,EPKT,Eindhoven,EIN,EHEH,,,10:45,12:40,08:45,10:40,115,521,1234567,1,2026-09-30T08:58:34.000Z
W61045,WZZ,Katowice,KTW,EPKT,Rome Fiumicino,FCO,LIRF,,,11:05,13:10,09:05,11:10,125,593,1457,3,2026-09-28T12:59:03.000Z
W61059,WZZ,Katowice,KTW,EPKT,Brindisi,BDS,LIBR,,,11:20,13:20,09:20,11:20,120,591,1357,2,2026-09-30T08:58:33.000Z
W61257,WZZ,Katowice,KTW,EPKT,Rijeka,RJK,LDRI,,,11:30,12:55,09:30,10:55,85,364,246,2,2026-09-29T12:00:49.000Z
W61269,WZZ,Katowice,KTW,EPKT,Varna (Black Sea),VAR,LBWN,,,11:45,14:45,09:45,11:45,120,563,1457,3,2026-09-27T08:00:15.000Z
W61175,WZZ,Katowice,KTW,EPKT,Barcelona El Prat,BCN,LEBL,,,12:35,15:25,10:35,13:25,170,896,1234567,1,2026-09-30T08:58:31.000Z
W61029,WZZ,Katowice,KTW,EPKT,Funchal (Madeira),FNC,LPMA,,,12:50,17:00,10:50,16:00,310,1904,37,1,2026-09-30T08:58:36.000Z
W61081,WZZ,Katowice,KTW,EPKT,Tenerife (Canary Islands),TFS,GCTS,,,13:45,18:30,11:45,17:30,345,2102,1345,2,2026-09-30T08:58:36.000Z
W61255,WZZ,Katowice,KTW,EPKT,Dubrovnik,DBV,LDDU,,,14:00,15:35,12:00,13:35,95,476,47,2,2026-09-13T15:01:17.000Z
W61073,WZZ,Katowice,KTW,EPKT,Malaga,AGP,LEMG,,,15:15,19:05,13:15,17:05,230,1309,246,1,2026-09-29T19:00:56.000Z
W61177,WZZ,Katowice,KTW,EPKT,Madrid,MAD,LEMD,,,15:15,18:35,13:15,16:35,200,1119,1357,2,2026-09-30T08:58:32.000Z
W61095,WZZ,Katowice,KTW,EPKT,Dortmund,DTM,EDLW,,,15:45,17:30,13:45,15:30,105,437,1234567,3,2026-09-30T08:58:34.000Z
W61167,WZZ,Katowice,KTW,EPKT,Reykjavik,KEF,BIKF,,,16:05,18:25,14:05,18:25,260,1538,123467,4,2026-09-30T08:58:36.000Z
W61079,WZZ,Katowice,KTW,EPKT,Alicante,ALC,LEAL,,,16:10,19:35,14:10,17:35,205,1110,1234567,3,2026-09-30T08:00:08.000Z
W61087,WZZ,Katowice,KTW,EPKT,Faro (Algarve),FAO,LPFR,,,16:50,19:45,14:50,18:45,235,1412,15,1,2026-09-28T20:00:05.000Z
W61085,WZZ,Katowice,KTW,EPKT,Porto,OPO,LPPR,,,17:40,20:30,15:40,19:30,230,1276,1357,3,2026-09-30T08:58:36.000Z
W61251,WZZ,Katowice,KTW,EPKT,Larnaca,LCA,LCLK,,,17:50,22:05,15:50,19:05,195,1131,246,2,2026-09-29T21:01:02.000Z
W61049,WZZ,Katowice,KTW,EPKT,Naples,NAP,LIRN,,,18:10,20:15,16:10,18:15,125,610,1357,4,2026-09-30T08:58:36.000Z
W61259,WZZ,Katowice,KTW,EPKT,Ohrid,OHD,LWOH,,,18:40,20:45,16:40,18:45,125,562,246,2,2026-09-19T19:59:08.000Z
W61057,WZZ,Katowice,KTW,EPKT,Lamezia Terme,SUF,LICA,,,19:00,21:15,17:00,19:15,135,705,2467,3,2026-09-29T22:01:04.000Z
W61005,WZZ,Katowice,KTW,EPKT,London Luton,LTN,EGGW,,,19:45,21:15,17:45,20:15,150,735,1357,1,2026-09-28T22:00:47.000Z
W65174,WZZ,Katowice,KTW,EPKT,Tirana,TIA,LATI,,,20:20,22:10,18:20,20:10,110,545,12567,3,2026-09-29T22:01:07.000Z
W61043,WZZ,Katowice,KTW,EPKT,Catania (Sicily),CTA,LICC,,,20:25,23:00,18:25,21:00,155,800,4,1,2026-09-24T22:59:31.000Z
W41049,WMT,Katowice,KTW,EPKT,Naples,NAP,LIRN,,,20:25,22:30,18:25,20:30,125,610,7,1,2026-08-30T22:00:29.000Z
W61267,WZZ,Katowice,KTW,EPKT,Split,SPU,LDSP,,,20:35,22:10,18:35,20:10,95,432,1234567,3,2026-09-28T21:58:43.000Z
W95450,WUK,Kaunas,KUN,EYKA,London Luton,LTN,EGGW,,,21:15,22:10,18:15,21:10,175,890,1357,2,2026-09-30T08:58:36.000Z
W62248,WZZ,Kutaisi,KUT,UGKO,Budapest,BUD,LHBP,,,04:35,05:55,00:35,03:55,200,1034,1357,2,2026-09-30T05:59:36.000Z
W67921,WZZ,Kutaisi,KUT,UGKO,Rome Fiumicino,FCO,LIRF,,,05:45,07:50,01:45,05:50,245,1342,1357,1,2026-09-30T07:01:16.000Z
W67941,WZZ,Kutaisi,KUT,UGKO,Poznan,POZ,EPPO,,,05:45,07:40,01:45,05:40,235,1203,246,1,2026-09-29T06:58:40.000Z
W67927,WZZ,Kutaisi,KUT,UGKO,Athens,ATH,LGAV,,,06:00,07:55,02:00,04:55,175,887,13457,1,2026-09-30T05:59:35.000Z
W67913,WZZ,Kutaisi,KUT,UGKO,Milan Malpensa,MXP,LIMC,,,06:15,08:35,02:15,06:35,260,1464,1357,1,2026-09-30T08:00:16.000Z
W67923,WZZ,Kutaisi,KUT,UGKO,Prague,PRG,LKPR,,,06:15,08:05,02:15,06:05,230,1257,246,1,2026-09-29T07:59:19.000Z
W61576,WZZ,Kutaisi,KUT,UGKO,Warsaw Chopin,WAW,EPWA,,,06:55,08:35,02:55,06:35,220,1057,1234567,1,2026-09-30T08:00:18.000Z
W64648,WZZ,Kutaisi,KUT,UGKO,Larnaca,LCA,LCLK,,,09:30,10:40,05:30,07:40,130,604,1,1,2026-09-21T08:59:48.000Z
W61200,WZZ,Kutaisi,KUT,UGKO,Katowice,KTW,EPKT,,,11:35,13:10,07:35,11:10,215,1084,12456,3,2026-09-29T12:59:44.000Z
W67945,WZZ,Kutaisi,KUT,UGKO,Madrid,MAD,LEMD,,,12:00,15:55,08:00,13:55,355,2053,26,1,2026-09-29T14:59:32.000Z
W47921,WMT,Kutaisi,KUT,UGKO,Rome Fiumicino,FCO,LIRF,,,12:35,14:40,08:35,12:40,245,1342,4,1,2026-09-03T14:00:32.000Z
W67905,WZZ,Kutaisi,KUT,UGKO,Larnaca,LCA,LCLK,,,13:05,14:15,09:05,11:15,130,604,1234567,2,2026-09-30T08:58:36.000Z
W67919,WZZ,Kutaisi,KUT,UGKO,Barcelona El Prat,BCN,LEBL,,,14:35,17:40,10:35,15:40,305,1794,246,1,2026-09-29T16:59:33.000Z
W67915,WZZ,Kutaisi,KUT,UGKO,Paris Beauvais,BVA,LFOB,,,15:05,18:10,11:05,16:10,305,1723,135,1,2026-09-30T08:58:33.000Z
W67943,WZZ,Kutaisi,KUT,UGKO,Hamburg,HAM,EDDH,,,15:15,17:50,11:15,15:50,275,1460,26,1,2026-09-29T17:59:50.000Z
W67951,WZZ,Kutaisi,KUT,UGKO,Lyon,LYS,LFLL,,,15:20,18:05,11:20,16:05,285,1615,47,2,2026-09-27T18:00:47.000Z
W67911,WZZ,Kutaisi,KUT,UGKO,Memmingen / Munich West,FMM,EDJA,,,15:35,17:50,11:35,15:50,255,1400,135,1,2026-09-30T08:58:30.000Z
W67935,WZZ,Kutaisi,KUT,UGKO,Brussels Charleroi,CRL,EBCI,,,15:40,18:30,11:40,16:30,290,1633,47,2,2026-09-27T18:00:42.000Z
W67907,WZZ,Kutaisi,KUT,UGKO,Dortmund,DTM,EDLW,,,15:45,18:20,11:45,16:20,275,1520,26,1,2026-09-29T17:59:52.000Z
W61948,WZZ,Kutaisi,KUT,UGKO,Vilnius,VNO,EYVI,,,15:45,18:50,11:45,15:50,245,1009,2467,3,2026-09-29T22:01:07.000Z
W67909,WZZ,Kutaisi,KUT,UGKO,Berlin Brandenburg,BER,EDDB,,,16:15,18:20,12:15,16:20,245,1317,37,2,2026-09-30T08:58:33.000Z
W67947,WZZ,Kutaisi,KUT,UGKO,Frankfurt Hahn,HHN,EDFH,,,16:15,18:45,12:15,16:45,270,1524,15,1,2026-09-28T17:59:12.000Z
W67903,WZZ,Kutaisi,KUT,UGKO,Thessaloniki,SKG,LGTS,,,18:55,20:45,14:55,17:45,170,883,1357,1,2026-09-30T08:58:36.000Z
W67066,WZZ,Kutaisi,KUT,UGKO,Bratislava,BTS,LZIB,,,21:20,22:40,17:20,20:40,200,1123,1357,4,2026-09-30T08:58:36.000Z
W61894,WZZ,Kutaisi,KUT,UGKO,Wroclaw,WRO,EPWR,,,22:00,23:45,18:00,21:45,225,1175,37,1,2026-09-30T08:58:36.000Z
W46744,WMT,Kutaisi,KUT,UGKO,Venice,VCE,LIPZ,,,22:50,00:40,18:50,22:40,230,1312,256,2,2026-09-30T00:00:23.000Z
W43016,WMT,Leeds,LBA,EGNM,Bucharest Otopeni,OTP,LROP,,,08:10,13:35,07:10,10:35,205,1213,135,2,2026-09-30T08:58:36.000Z
W61316,WZZ,Leeds,LBA,EGNM,Warsaw Chopin,WAW,EPWA,,,08:30,11:55,07:30,09:55,145,820,246,3,2026-09-29T11:00:12.000Z
W43314,WMT,Leeds,LBA,EGNM,Cluj-Napoca,CLJ,LRCL,,,20:15,01:15,19:15,22:15,180,1053,15,1,2026-09-28T23:59:31.000Z
W64647,WZZ,Larnaca,LCA,LCLK,Kutaisi,KUT,UGKO,,,05:45,08:55,02:45,04:55,130,604,1,1,2026-09-21T06:01:54.000Z
W64581,WZZ,Larnaca,LCA,LCLK,Wroclaw,WRO,EPWR,,,05:45,08:25,02:45,06:25,220,1215,37,1,2026-09-30T08:00:18.000Z
W64565,WZZ,Larnaca,LCA,LCLK,Yerevan,EVN,UDYZ,,,06:00,09:05,03:00,05:05,125,602,1245,3,2026-09-29T20:58:49.000Z
W64603,WZZ,Larnaca,LCA,LCLK,Tel-Aviv,TLV,LLBG,,,06:00,07:10,03:00,04:10,70,183,1234567,2,2026-09-30T05:59:36.000Z
W64607,WZZ,Larnaca,LCA,LCLK,Tel-Aviv,TLV,LLBG,,,06:00,07:05,03:00,04:05,65,183,2,1,2026-09-22T07:00:06.000Z
W64627,WZZ,Larnaca,LCA,LCLK,Athens,ATH,LGAV,,,06:20,08:15,03:20,05:15,115,502,1234567,2,2026-09-30T07:01:12.000Z
W63694,WZZ,Larnaca,LCA,LCLK,Iasi,IAS,LRIA,,,06:20,09:00,03:20,06:00,160,787,4,1,2026-09-17T07:59:32.000Z
W64651,WZZ,Larnaca,LCA,LCLK,Gyumri,LWN,UDSG,,,06:20,09:20,03:20,05:20,120,599,47,1,2026-09-24T06:58:49.000Z
W64551,WZZ,Larnaca,LCA,LCLK,London Luton,LTN,EGGW,,,06:40,09:45,03:40,08:45,305,1775,1234567,1,2026-09-30T08:58:37.000Z
W67838,WZZ,Larnaca,LCA,LCLK,Yerevan,EVN,UDYZ,,,07:20,10:25,04:20,06:25,125,602,2367,3,2026-09-30T08:58:36.000Z
W43958,WMT,Larnaca,LCA,LCLK,Chisinau,RMO,LUKK,,,08:35,11:20,05:35,08:20,165,754,7,1,2026-08-30T09:59:28.000Z
W44567,WMT,Larnaca,LCA,LCLK,Suceava,SCV,LRSV,,,08:50,11:30,05:50,08:30,160,835,47,2,2026-09-27T09:59:22.000Z
W64631,WZZ,Larnaca,LCA,LCLK,Thessaloniki,SKG,LGTS,,,09:40,11:35,06:40,08:35,115,608,1234567,5,2026-09-30T08:58:36.000Z
W64028,WZZ,Larnaca,LCA,LCLK,Belgrade,BEG,LYBE,,,09:50,11:40,06:50,09:40,170,854,135,1,2026-09-30T08:58:33.000Z
W46452,WMT,Larnaca,LCA,LCLK,Milan Malpensa,MXP,LIMC,,,10:10,13:10,07:10,11:10,240,1303,12467,2,2026-09-29T13:59:12.000Z
W62052,WZZ,Larnaca,LCA,LCLK,Kraków,KRK,EPKK,,,10:20,12:45,07:20,10:45,205,1096,134567,5,2026-09-30T08:58:36.000Z
W62452,WZZ,Larnaca,LCA,LCLK,Budapest,BUD,LHBP,,,10:40,12:50,07:40,10:50,190,992,1234567,2,2026-09-30T08:58:33.000Z
W46100,WMT,Larnaca,LCA,LCLK,Rome Fiumicino,FCO,LIRF,,,10:40,12:55,07:40,10:55,195,1085,1357,2,2026-09-30T08:58:36.000Z
W64605,WZZ,Larnaca,LCA,LCLK,Tel-Aviv,TLV,LLBG,,,10:55,12:00,07:55,09:00,65,183,12345,3,2026-09-24T11:01:32.000Z
W46750,WMT,Larnaca,LCA,LCLK,Venice,VCE,LIPZ,,,11:15,13:40,08:15,11:40,205,1160,26,1,2026-09-29T13:59:14.000Z
W62482,WZZ,Larnaca,LCA,LCLK,Budapest,BUD,LHBP,,,11:30,13:40,08:30,11:40,190,992,267,3,2026-09-29T14:01:33.000Z
W64640,WZZ,Larnaca,LCA,LCLK,Warsaw Radom,RDO,EPRA,,,11:45,14:15,08:45,12:15,210,1127,125,3,2026-09-28T14:00:41.000Z
W61552,WZZ,Larnaca,LCA,LCLK,Warsaw Chopin,WAW,EPWA,,,12:05,14:40,09:05,12:40,215,1171,1234567,1,2026-09-30T08:58:36.000Z
W62720,WZZ,Larnaca,LCA,LCLK,Debrecen,DEB,LHDC,,,12:25,14:25,09:25,12:25,180,929,367,3,2026-09-30T08:58:34.000Z
W64030,WZZ,Larnaca,LCA,LCLK,Belgrade,BEG,LYBE,,,12:40,14:30,09:40,12:30,170,854,2467,3,2026-09-29T08:05:44.000Z
W43026,WMT,Larnaca,LCA,LCLK,Bucharest Otopeni,OTP,LROP,,,12:40,15:10,09:40,12:10,150,677,1234567,1,2026-09-30T08:58:36.000Z
W64663,WZZ,Larnaca,LCA,LCLK,Madrid,MAD,LEMD,,,13:35,17:35,10:35,15:35,300,1786,246,1,2026-09-29T16:59:32.000Z
W64646,WZZ,Larnaca,LCA,LCLK,Budapest,BUD,LHBP,,,13:40,15:50,10:40,13:50,190,992,1,1,2026-09-21T15:00:17.000Z
W64557,WZZ,Larnaca,LCA,LCLK,London Gatwick,LGW,EGKK,,,14:40,17:45,11:40,16:45,305,1753,1357,2,2026-09-30T08:58:36.000Z
W67906,WZZ,Larnaca,LCA,LCLK,Kutaisi,KUT,UGKO,,,14:50,18:00,11:50,14:00,130,604,1234567,2,2026-09-30T08:58:36.000Z
W64665,WZZ,Larnaca,LCA,LCLK,Barcelona El Prat,BCN,LEBL,,,15:20,18:50,12:20,16:50,270,1531,23456,4,2026-09-29T19:00:52.000Z
W64625,WZZ,Larnaca,LCA,LCLK,Bratislava,BTS,LZIB,,,16:05,18:30,13:05,16:30,205,1082,357,3,2026-09-30T08:58:33.000Z
W64250,WZZ,Larnaca,LCA,LCLK,Tuzla,TZL,LQTZ,,,16:50,18:45,13:50,16:45,175,895,26,1,2026-09-29T18:58:52.000Z
W64569,WZZ,Larnaca,LCA,LCLK,Yerevan,EVN,UDYZ,,,17:50,20:50,14:50,16:50,120,602,156,2,2026-09-28T17:59:16.000Z
W64599,WZZ,Larnaca,LCA,LCLK,Prague,PRG,LKPR,,,17:50,20:35,14:50,18:35,225,1246,12467,2,2026-09-29T20:00:30.000Z
W64629,WZZ,Larnaca,LCA,LCLK,Athens,ATH,LGAV,,,18:20,20:15,15:20,17:15,115,502,1357,3,2026-09-30T08:58:31.000Z
W62382,WZZ,Larnaca,LCA,LCLK,Budapest,BUD,LHBP,,,18:40,20:50,15:40,18:50,190,992,3,1,2026-09-30T08:58:33.000Z
W63028,WZZ,Larnaca,LCA,LCLK,Bucharest Otopeni,OTP,LROP,,,19:00,21:30,16:00,18:30,150,677,26,2,2026-09-19T19:59:06.000Z
W64667,WZZ,Larnaca,LCA,LCLK,Yerevan,EVN,UDYZ,,,19:35,22:35,16:35,18:35,120,602,7,1,2026-09-27T20:00:12.000Z
W61946,WZZ,Larnaca,LCA,LCLK,Vilnius,VNO,EYVI,,,21:00,01:05,18:00,22:05,245,1236,1356,2,2026-09-30T08:58:36.000Z
W67840,WZZ,Larnaca,LCA,LCLK,Yerevan,EVN,UDYZ,,,21:25,00:30,18:25,20:30,125,602,34,2,2026-09-30T08:58:36.000Z
W43028,WMT,Larnaca,LCA,LCLK,Bucharest Otopeni,OTP,LROP,,,22:10,00:40,19:10,21:40,150,677,2,1,2026-09-30T00:00:20.000Z
W43694,WMT,Larnaca,LCA,LCLK,Iasi,IAS,LRIA,,,22:15,00:55,19:15,21:55,160,787,246,1,2026-09-30T02:59:34.000Z
W43474,WMT,Larnaca,LCA,LCLK,Targu Mures,TGM,LRTM,,,22:25,01:00,19:25,22:00,155,811,37,2,2026-09-27T23:59:01.000Z
W64438,WZZ,Larnaca,LCA,LCLK,Sofia,SOF,LBSF,,,22:35,01:00,19:35,22:00,145,669,134567,2,2026-09-28T23:59:37.000Z
W61252,WZZ,Larnaca,LCA,LCLK,Katowice,KTW,EPKT,,,22:40,01:05,19:40,23:05,205,1131,246,2,2026-09-30T01:00:29.000Z
W64768,WZZ,Larnaca,LCA,LCLK,Skopje,SKP,LWSK,,,22:40,00:10,19:40,22:10,150,706,15,2,2026-09-29T02:00:50.000Z
W43572,WMT,Larnaca,LCA,LCLK,Timisoara,TSR,LRTR,,,22:45,01:30,19:45,22:30,165,862,246,1,2026-09-30T00:00:23.000Z
W43482,WMT,Larnaca,LCA,LCLK,Cluj-Napoca,CLJ,LRCL,,,23:10,02:00,20:10,23:00,170,844,246,2,2026-09-30T01:00:27.000Z
W61792,WZZ,Larnaca,LCA,LCLK,Gdansk,GDN,EPGD,,,23:55,02:50,20:55,00:50,235,1332,135,1,2026-09-29T03:00:58.000Z
W95723,WUK,London Gatwick,LGW,EGKK,Malaga,AGP,LEMG,,,05:40,09:55,04:40,07:55,195,888,123457,3,2026-09-28T09:00:43.000Z
W95761,WUK,London Gatwick,LGW,EGKK,Podgorica,TGD,LYPG,,,05:40,09:30,04:40,07:30,170,953,1357,4,2026-09-30T08:58:38.000Z
W95703,WUK,London Gatwick,LGW,EGKK,Tirana,TIA,LATI,,,05:40,09:40,04:40,07:40,180,1007,246,2,2026-09-29T09:03:59.000Z
W95731,WUK,London Gatwick,LGW,EGKK,Faro (Algarve),FAO,LPFR,,,07:40,10:40,06:40,09:40,180,911,1234567,2,2026-09-30T08:58:35.000Z
W95737,WUK,London Gatwick,LGW,EGKK,Valencia,VLC,LEVC,,,07:40,11:00,06:40,09:00,140,700,1234567,4,2026-09-29T09:03:59.000Z
W62008,WZZ,London Gatwick,LGW,EGKK,Kraków,KRK,EPKK,,,08:25,11:50,07:25,09:50,145,761,1234567,1,2026-09-28T10:59:40.000Z
W62222,WZZ,London Gatwick,LGW,EGKK,Budapest,BUD,LHBP,,,11:10,14:45,10:10,12:45,155,791,1234567,2,2026-09-30T08:58:33.000Z
W95729,WUK,London Gatwick,LGW,EGKK,Istanbul,IST,LTFM,,,13:30,19:30,12:30,16:30,240,1328,1234567,3,2026-09-30T08:58:36.000Z
W95743,WUK,London Gatwick,LGW,EGKK,Santorini,JTR,LGSR,,,13:50,19:45,12:50,16:45,235,1409,37,2,2026-09-06T17:59:47.000Z
W95775,WUK,London Gatwick,LGW,EGKK,Prague,PRG,LKPR,,,13:50,16:55,12:50,14:55,125,553,134567,2,2026-09-30T08:00:16.000Z
W95803,WUK,London Gatwick,LGW,EGKK,Tel-Aviv,TLV,LLBG,,,13:50,20:50,12:50,17:50,300,1921,23467,1,2026-09-30T08:58:33.000Z
W95707,WUK,London Gatwick,LGW,EGKK,Antalya,AYT,LTAI,,,15:15,21:40,14:15,18:40,265,1570,1357,1,2026-09-30T08:58:30.000Z
W95709,WUK,London Gatwick,LGW,EGKK,Dalaman,DLM,LTBS,,,16:50,23:00,15:50,20:00,250,1508,2467,4,2026-09-29T22:01:01.000Z
W95725,WUK,London Gatwick,LGW,EGKK,Malaga,AGP,LEMG,,,18:05,22:00,17:05,20:00,175,888,17,2,2026-08-31T22:00:31.000Z
W64558,WZZ,London Gatwick,LGW,EGKK,Larnaca,LCA,LCLK,,,18:30,01:05,17:30,22:05,275,1753,1357,2,2026-09-30T08:58:36.000Z
W95701,WUK,London Gatwick,LGW,EGKK,Tirana,TIA,LATI,,,19:30,23:20,18:30,21:20,170,1007,1357,2,2026-09-28T22:59:41.000Z
W61594,WZZ,Lisbon,LIS,LPPT,Warsaw Chopin,WAW,EPWA,,,00:50,05:45,23:50,03:45,235,1484,26,1,2026-09-29T06:00:10.000Z
W43198,WMT,Lisbon,LIS,LPPT,Bucharest Otopeni,OTP,LROP,,,18:25,00:40,17:25,21:40,255,1605,135,2,2026-09-30T08:58:36.000Z
W43410,WMT,Lisbon,LIS,LPPT,Cluj-Napoca,CLJ,LRCL,,,20:20,02:25,19:20,23:25,245,1511,47,2,2026-09-28T01:00:27.000Z
W62394,WZZ,Lisbon,LIS,LPPT,Budapest,BUD,LHBP,,,20:30,01:10,19:30,23:10,220,1339,1234567,2,2026-09-30T01:00:26.000Z
W46220,WMT,Lisbon,LIS,LPPT,Rome Fiumicino,FCO,LIRF,,,21:15,01:10,20:15,23:10,175,993,1234567,2,2026-09-30T01:00:30.000Z
W64784,WZZ,Ljubljana,LJU,LJLJ,Skopje,SKP,LWSK,,,13:55,15:25,11:55,13:25,90,401,23467,3,2026-09-30T08:58:36.000Z
W67640,WZZ,Ljubljana,LJU,LJLJ,Podgorica,TGD,LYPG,,,17:50,19:05,15:50,17:05,75,310,2467,1,2026-09-29T18:58:51.000Z
W46494,WMT,Lampedusa,LMP,LICD,Milan Malpensa,MXP,LIMC,,,09:10,11:30,07:10,09:30,140,634,4,1,2026-09-03T11:00:20.000Z
W46342,WMT,Lampedusa,LMP,LICD,Milan Malpensa,MXP,LIMC,,,09:30,11:45,07:30,09:45,135,634,6,1,2026-09-05T11:00:16.000Z
W46140,WMT,Lampedusa,LMP,LICD,Rome Fiumicino,FCO,LIRF,,,13:30,15:10,11:30,13:10,100,379,12567,3,2026-09-05T14:01:43.000Z
W46344,WMT,Lampedusa,LMP,LICD,Milan Malpensa,MXP,LIMC,,,14:10,16:25,12:10,14:25,135,634,1234567,6,2026-09-29T16:59:39.000Z
W46444,WMT,Lampedusa,LMP,LICD,Milan Malpensa,MXP,LIMC,,,15:25,17:40,13:25,15:40,135,634,7,1,2026-09-27T16:58:59.000Z
W46138,WMT,Lampedusa,LMP,LICD,Rome Fiumicino,FCO,LIRF,,,18:35,20:15,16:35,18:15,100,379,1234567,2,2026-09-28T17:59:14.000Z
W43148,WMT,Gran Canaria (Canary Islands),LPA,GCLP,Bucharest Otopeni,OTP,LROP,,,16:40,00:10,15:40,21:10,330,2213,26,1,2026-09-29T22:59:57.000Z
W61312,WZZ,Liverpool,LPL,EGGP,Warsaw Chopin,WAW,EPWA,,,08:10,11:45,07:10,09:45,155,864,1357,1,2026-09-28T10:59:43.000Z
W43698,WMT,Liverpool,LPL,EGGP,Iasi,IAS,LRIA,,,20:50,02:15,19:50,23:15,205,1216,15,1,2026-09-29T00:59:24.000Z
W43012,WMT,Liverpool,LPL,EGGP,Bucharest Otopeni,OTP,LROP,,,20:50,02:20,19:50,23:20,210,1246,2467,3,2026-09-30T01:00:28.000Z
W95002,WUK,London Luton,LTN,EGGW,Tirana,TIA,LATI,,,05:00,09:05,04:00,07:05,185,1033,1234567,1,2026-09-30T08:58:39.000Z
W95361,WUK,London Luton,LTN,EGGW,Barcelona El Prat,BCN,LEBL,,,05:40,08:50,04:40,06:50,130,643,1234567,1,2026-09-30T08:00:07.000Z
W92066,WUK,London Luton,LTN,EGGW,Lublin,LUZ,EPLB,,,05:55,09:35,04:55,07:35,160,859,1234567,1,2026-09-30T08:58:37.000Z
W95367,WUK,London Luton,LTN,EGGW,Valencia,VLC,LEVC,,,06:00,09:20,05:00,07:20,140,744,1234567,3,2026-09-30T08:58:39.000Z
W95457,WUK,London Luton,LTN,EGGW,Poprad-Tatry,TAT,LZTT,,,06:00,09:30,05:00,07:30,150,802,246,2,2026-09-29T09:03:58.000Z
W95445,WUK,London Luton,LTN,EGGW,Tallinn,TLL,EETN,,,06:05,11:00,05:05,08:00,175,958,1357,2,2026-09-30T08:58:39.000Z
W95369,WUK,London Luton,LTN,EGGW,Seville,SVQ,LEZL,,,06:05,09:55,05:05,07:55,170,899,246,1,2026-09-29T09:03:59.000Z
W93902,WUK,London Luton,LTN,EGGW,Bacau,BCM,LRBC,,,06:10,11:25,05:10,08:25,195,1110,2467,2,2026-09-29T10:00:27.000Z
W94002,WUK,London Luton,LTN,EGGW,Belgrade,BEG,LYBE,,,06:15,10:05,05:15,08:05,170,923,13457,5,2026-09-30T08:58:33.000Z
W92702,WUK,London Luton,LTN,EGGW,Debrecen,DEB,LHDC,,,06:15,10:00,05:15,08:00,165,890,1357,2,2026-09-28T10:02:01.000Z
W95391,WUK,London Luton,LTN,EGGW,Plovdiv,PDV,LBPD,,,06:15,11:35,05:15,08:35,200,1180,246,1,2026-09-29T10:00:34.000Z
W95481,WUK,London Luton,LTN,EGGW,Chisinau,RMO,LUKK,,,06:15,11:35,05:15,08:35,200,1174,157,2,2026-08-31T05:18:59.000Z
W95411,WUK,London Luton,LTN,EGGW,Athens,ATH,LGAV,,,06:20,12:20,05:20,09:20,240,1319,2467,1,2026-09-29T11:00:02.000Z
W95401,WUK,London Luton,LTN,EGGW,Constanta,CND,LRCK,,,06:20,11:50,05:20,08:50,210,1231,135,2,2026-09-28T09:58:54.000Z
W95475,WUK,London Luton,LTN,EGGW,Sarajevo,SJJ,LQSA,,,06:50,10:40,05:50,08:40,170,891,26,2,2026-09-29T10:00:34.000Z
W95004,WUK,London Luton,LTN,EGGW,Tirana,TIA,LATI,,,07:00,11:05,06:00,09:05,185,1033,1234567,3,2026-09-30T08:58:39.000Z
W95327,WUK,London Luton,LTN,EGGW,Istanbul,IST,LTFM,,,07:05,13:10,06:05,10:10,245,1347,1234567,2,2026-09-30T08:58:36.000Z
W95301,WUK,London Luton,LTN,EGGW,Tel-Aviv,TLV,LLBG,,,07:25,14:35,06:25,11:35,310,1944,1234567,1,2026-09-30T08:58:33.000Z
W43646,WMT,London Luton,LTN,EGGW,Suceava,SCV,LRSV,,,07:30,12:35,06:30,09:35,185,1060,1234567,2,2026-09-30T08:58:38.000Z
W95355,WUK,London Luton,LTN,EGGW,Madrid,MAD,LEMD,,,08:00,11:40,07:00,09:40,160,696,1234567,2,2026-09-30T08:58:32.000Z
W95389,WUK,London Luton,LTN,EGGW,Poznan,POZ,EPPO,,,08:00,11:05,07:00,09:05,125,633,1234567,3,2026-09-30T08:58:37.000Z
W61902,WZZ,London Luton,LTN,EGGW,Vilnius,VNO,EYVI,,,08:05,12:50,07:05,09:50,165,931,13457,1,2026-09-30T08:58:37.000Z
W43010,WMT,London Luton,LTN,EGGW,Bucharest Otopeni,OTP,LROP,,,08:05,13:25,07:05,10:25,200,1138,2467,1,2026-09-29T12:00:45.000Z
W43452,WMT,London Luton,LTN,EGGW,Targu Mures,TGM,LRTM,,,08:05,13:05,07:05,10:05,180,1020,246,2,2026-09-29T12:00:50.000Z
W43502,WMT,London Luton,LTN,EGGW,Timisoara,TSR,LRTR,,,08:10,13:00,07:10,10:00,170,927,1234567,1,2026-09-30T08:58:37.000Z
W43302,WMT,London Luton,LTN,EGGW,Cluj-Napoca,CLJ,LRCL,,,08:15,13:10,07:15,10:10,175,984,1234567,1,2026-09-30T08:58:34.000Z
W43752,WMT,London Luton,LTN,EGGW,Craiova,CRA,LRCV,,,08:15,13:20,07:15,10:20,185,1067,1234567,2,2026-09-30T08:58:34.000Z
W43652,WMT,London Luton,LTN,EGGW,Iasi,IAS,LRIA,,,08:15,13:30,07:15,10:30,195,1119,1234567,1,2026-09-30T08:58:36.000Z
W64302,WZZ,London Luton,LTN,EGGW,Sofia,SOF,LBSF,,,08:20,13:35,07:20,10:35,195,1107,1234567,1,2026-09-30T08:58:37.000Z
W64502,WZZ,London Luton,LTN,EGGW,Varna (Black Sea),VAR,LBWN,,,08:25,13:55,07:25,10:55,210,1244,13457,3,2026-09-30T08:58:37.000Z
W61302,WZZ,London Luton,LTN,EGGW,Warsaw Chopin,WAW,EPWA,,,08:25,11:50,07:25,09:50,145,786,1234567,1,2026-09-30T08:58:37.000Z
W62202,WZZ,London Luton,LTN,EGGW,Budapest,BUD,LHBP,,,08:30,12:05,07:30,10:05,155,805,1234567,1,2026-09-28T12:01:30.000Z
W61602,WZZ,London Luton,LTN,EGGW,Gdansk,GDN,EPGD,,,08:30,11:45,07:30,09:45,135,693,1234567,1,2026-09-30T08:58:35.000Z
W61002,WZZ,London Luton,LTN,EGGW,Katowice,KTW,EPKT,,,08:30,11:50,07:30,09:50,140,735,1234567,1,2026-09-30T08:58:36.000Z
W43002,WMT,London Luton,LTN,EGGW,Bucharest Otopeni,OTP,LROP,,,08:55,14:15,07:55,11:15,200,1138,135,2,2026-09-30T08:58:36.000Z
W46002,WMT,London Luton,LTN,EGGW,Rome Fiumicino,FCO,LIRF,,,09:15,12:50,08:15,10:50,155,794,1234567,1,2026-09-30T08:58:37.000Z
W64552,WZZ,London Luton,LTN,EGGW,Larnaca,LCA,LCLK,,,10:25,17:05,09:25,14:05,280,1775,1234567,1,2026-09-30T08:58:37.000Z
W95351,WUK,London Luton,LTN,EGGW,Palma de Mallorca,PMI,LEPA,,,11:40,15:15,10:40,13:15,155,751,1234567,3,2026-09-29T14:59:39.000Z
W95463,WUK,London Luton,LTN,EGGW,Dortmund,DTM,EDLW,,,12:30,14:50,11:30,12:50,80,298,1234567,1,2026-09-29T13:59:09.000Z
W67070,WZZ,London Luton,LTN,EGGW,Bratislava,BTS,LZIB,,,12:40,16:00,11:40,14:00,140,712,23467,2,2026-09-30T08:58:33.000Z
W95359,WUK,London Luton,LTN,EGGW,Barcelona El Prat,BCN,LEBL,,,12:45,15:55,11:45,13:55,130,643,1234567,1,2026-09-30T08:58:31.000Z
W95453,WUK,London Luton,LTN,EGGW,Kosice,KSC,LZKZ,,,12:45,16:20,11:45,14:20,155,848,1357,1,2026-09-30T08:58:36.000Z
W95377,WUK,London Luton,LTN,EGGW,Turin,TRN,LIMF,,,12:55,16:05,11:55,14:05,130,511,246,1,2026-09-29T16:59:40.000Z
W95425,WUK,London Luton,LTN,EGGW,Lyon,LYS,LFLL,,,13:10,16:00,12:10,14:00,110,427,246,1,2026-09-29T15:59:42.000Z
W95415,WUK,London Luton,LTN,EGGW,Bordeaux,BOD,LFBD,,,13:20,16:05,12:20,14:05,105,423,1357,1,2026-09-30T08:58:33.000Z
W92602,WUK,London Luton,LTN,EGGW,Prague,PRG,LKPR,,,13:35,16:40,12:35,14:40,125,562,1234567,2,2026-09-30T08:58:37.000Z
W95493,WUK,London Luton,LTN,EGGW,Zakynthos,ZTH,LGZA,,,13:35,19:25,12:35,16:25,230,1232,36,2,2026-09-19T18:59:47.000Z
W43004,WMT,London Luton,LTN,EGGW,Bucharest Otopeni,OTP,LROP,,,14:05,19:25,13:05,16:25,200,1138,1234567,1,2026-09-30T08:58:36.000Z
W95495,WUK,London Luton,LTN,EGGW,Corfu,CFU,LGKR,,,14:20,19:50,13:20,16:50,210,1118,36,2,2026-09-19T18:01:31.000Z
W95311,WUK,London Luton,LTN,EGGW,Yerevan,EVN,UDYZ,,,14:20,22:35,13:20,18:35,315,1958,15,1,2026-09-28T20:00:09.000Z
W92056,WUK,London Luton,LTN,EGGW,Lublin,LUZ,EPLB,,,14:25,18:05,13:25,16:05,160,859,3,1,2026-09-16T18:00:07.000Z
W95305,WUK,London Luton,LTN,EGGW,Tel-Aviv,TLV,LLBG,,,14:25,21:35,13:25,18:35,310,1944,37,1,2026-09-30T08:58:33.000Z
W95006,WUK,London Luton,LTN,EGGW,Tirana,TIA,LATI,,,14:30,18:35,13:30,16:35,185,1033,1234567,1,2026-09-30T08:58:37.000Z
W46006,WMT,London Luton,LTN,EGGW,Rome Fiumicino,FCO,LIRF,,,14:45,18:20,13:45,16:20,155,794,23467,1,2026-09-29T19:00:56.000Z
W95489,WUK,London Luton,LTN,EGGW,Chania (Crete),CHQ,LGSA,,,14:45,21:10,13:45,18:10,265,1435,15,2,2026-09-28T20:00:03.000Z
W95393,WUK,London Luton,LTN,EGGW,Bourgas (Black Sea),BOJ,LBBG,,,14:50,20:25,13:50,17:25,215,1256,12457,1,2026-09-29T19:00:52.000Z
W95399,WUK,London Luton,LTN,EGGW,Brasov,GHV,LRBV,,,14:50,20:05,13:50,17:05,195,1082,1234567,4,2026-09-30T08:58:37.000Z
W95487,WUK,London Luton,LTN,EGGW,Rhodes,RHO,LGRP,,,14:50,21:15,13:50,18:15,265,1522,37,1,2026-09-30T08:58:37.000Z
W95331,WUK,London Luton,LTN,EGGW,Antalya,AYT,LTAI,,,15:00,21:35,14:00,18:35,275,1592,123467,2,2026-09-29T20:00:22.000Z
W95317,WUK,London Luton,LTN,EGGW,Cairo (Sphinx),SPX,HESX,,,15:00,22:15,14:00,19:15,315,1901,1357,2,2026-09-30T08:58:37.000Z
W95491,WUK,London Luton,LTN,EGGW,Mykonos,JMK,LGMK,,,15:05,21:00,14:05,18:00,235,1387,247,1,2026-09-29T21:01:03.000Z
W62204,WZZ,London Luton,LTN,EGGW,Budapest,BUD,LHBP,,,15:15,18:50,14:15,16:50,155,805,1234567,1,2026-09-30T08:58:33.000Z
W46302,WMT,London Luton,LTN,EGGW,Milan Malpensa,MXP,LIMC,,,15:15,18:15,14:15,16:15,120,519,1234567,1,2026-09-30T08:58:37.000Z
W61304,WZZ,London Luton,LTN,EGGW,Warsaw Chopin,WAW,EPWA,,,15:20,18:45,14:20,16:45,145,786,1234567,5,2026-09-30T08:58:37.000Z
W93904,WUK,London Luton,LTN,EGGW,Bacau,BCM,LRBC,,,15:20,20:35,14:20,17:35,195,1110,36,1,2026-09-30T08:58:30.000Z
W95437,WUK,London Luton,LTN,EGGW,Faro (Algarve),FAO,LPFR,,,15:45,18:45,14:45,17:45,180,949,2467,1,2026-09-29T21:00:59.000Z
W95449,WUK,London Luton,LTN,EGGW,Kaunas,KUN,EYKA,,,16:00,20:40,15:00,17:40,160,890,1357,2,2026-09-30T08:58:36.000Z
W95365,WUK,London Luton,LTN,EGGW,Alicante,ALC,LEAL,,,16:30,20:15,15:30,18:15,165,816,1234567,2,2026-09-30T08:58:30.000Z
W95341,WUK,London Luton,LTN,EGGW,Split,SPU,LDSP,,,17:05,20:45,16:05,18:45,160,836,1234567,1,2026-09-30T08:58:37.000Z
W93650,WUK,London Luton,LTN,EGGW,Satu Mare,SUJ,LRSM,,,17:30,22:25,16:30,19:25,175,931,246,2,2026-09-29T19:00:55.000Z
W43006,WMT,London Luton,LTN,EGGW,Bucharest Otopeni,OTP,LROP,,,17:50,23:10,16:50,20:10,200,1138,1234567,1,2026-09-30T08:58:37.000Z
W95363,WUK,London Luton,LTN,EGGW,Bilbao,BIO,LEBB,,,18:00,21:00,17:00,19:00,120,525,1234567,1,2026-09-30T08:58:33.000Z
W95353,WUK,London Luton,LTN,EGGW,Palma de Mallorca,PMI,LEPA,,,18:40,22:15,17:40,20:15,155,751,246,1,2026-09-29T22:01:06.000Z
W94702,WUK,London Luton,LTN,EGGW,Skopje,SKP,LWSK,,,18:40,22:50,17:40,20:50,190,1074,1357,1,2026-09-30T08:58:37.000Z
W43802,WMT,London Luton,LTN,EGGW,Sibiu,SBZ,LRSB,,,19:00,23:55,18:00,20:55,175,1027,13457,4,2026-09-28T21:58:43.000Z
W95471,WUK,London Luton,LTN,EGGW,Prishtina,PRN,BKPR,,,19:05,23:20,18:05,21:20,195,1030,1234567,2,2026-09-28T22:59:40.000Z
W93906,WUK,London Luton,LTN,EGGW,Bacau,BCM,LRBC,,,19:30,00:45,18:30,21:45,195,1110,1357,1,2026-09-27T23:00:53.000Z
W93934,WUK,London Luton,LTN,EGGW,Chisinau,RMO,LUKK,,,19:30,00:50,18:30,21:50,200,1174,567,1,2026-08-30T23:01:04.000Z
W61306,WZZ,London Luton,LTN,EGGW,Warsaw Chopin,WAW,EPWA,,,19:45,23:10,18:45,21:10,145,786,1234567,1,2026-09-30T08:58:37.000Z
W95459,WUK,London Luton,LTN,EGGW,Tirana,TIA,LATI,,,19:50,23:55,18:50,21:55,185,1033,12456,2,2026-09-29T22:59:59.000Z
W62206,WZZ,London Luton,LTN,EGGW,Budapest,BUD,LHBP,,,19:55,23:30,18:55,21:30,155,805,1234567,1,2026-09-30T08:58:37.000Z
W43648,WMT,London Luton,LTN,EGGW,Suceava,SCV,LRSV,,,20:30,01:35,19:30,22:35,185,1060,1357,1,2026-09-28T23:59:37.000Z
W46304,WMT,London Luton,LTN,EGGW,Milan Malpensa,MXP,LIMC,,,20:35,23:35,19:35,21:35,120,519,1234567,1,2026-09-29T22:59:58.000Z
W46748,WMT,London Luton,LTN,EGGW,Venice,VCE,LIPZ,,,20:50,00:05,19:50,22:05,135,631,1234567,2,2026-09-30T00:00:23.000Z
W43654,WMT,London Luton,LTN,EGGW,Iasi,IAS,LRIA,,,20:55,02:10,19:55,23:10,195,1119,26,1,2026-09-30T01:00:28.000Z
W61608,WZZ,London Luton,LTN,EGGW,Gdansk,GDN,EPGD,,,21:20,00:35,20:20,22:35,135,693,1357,1,2026-09-28T23:59:32.000Z
W64304,WZZ,London Luton,LTN,EGGW,Sofia,SOF,LBSF,,,21:20,02:35,20:20,23:35,195,1107,1357,1,2026-09-29T02:00:51.000Z
W61802,WZZ,London Luton,LTN,EGGW,Wroclaw,WRO,EPWR,,,21:20,00:30,20:20,22:30,130,645,1234567,3,2026-09-28T23:59:37.000Z
W43304,WMT,London Luton,LTN,EGGW,Cluj-Napoca,CLJ,LRCL,,,21:45,02:40,20:45,23:40,175,984,1357,1,2026-09-29T00:59:22.000Z
W46004,WMT,London Luton,LTN,EGGW,Rome Fiumicino,FCO,LIRF,,,21:50,01:25,20:50,23:25,155,794,1234567,1,2026-09-30T01:00:30.000Z
W43008,WMT,London Luton,LTN,EGGW,Bucharest Otopeni,OTP,LROP,,,21:50,03:10,20:50,00:10,200,1138,1234567,1,2026-09-30T01:59:15.000Z
W95008,WUK,London Luton,LTN,EGGW,Tirana,TIA,LATI,,,21:50,01:55,20:50,23:55,185,1033,1234567,1,2026-09-30T01:59:18.000Z
W61006,WZZ,London Luton,LTN,EGGW,Katowice,KTW,EPKT,,,21:55,01:20,20:55,23:20,145,735,1357,1,2026-09-29T00:59:25.000Z
W92065,WUK,Lublin,LUZ,EPLB,London Luton,LTN,EGGW,,,10:10,11:55,08:10,10:55,165,859,1234567,1,2026-09-30T08:58:37.000Z
W62171,WZZ,Lublin,LUZ,EPLB,Rijeka,RJK,LDRI,,,11:15,13:00,09:15,11:00,105,486,26,1,2026-09-19T13:00:03.000Z
W64224,WZZ,Lublin,LUZ,EPLB,Bourgas (Black Sea),BOJ,LBBG,,,12:15,15:15,10:15,12:15,120,556,47,1,2026-09-17T14:01:31.000Z
W64225,WZZ,Lublin,LUZ,EPLB,Maastricht,MST,EHBK,,,17:35,19:45,15:35,17:45,130,638,15,1,2026-09-28T18:58:56.000Z
W92055,WUK,Lublin,LUZ,EPLB,London Luton,LTN,EGGW,,,18:40,20:25,16:40,19:25,165,859,3,1,2026-09-16T20:59:18.000Z
W61639,WZZ,Lublin,LUZ,EPLB,Split,SPU,LDSP,,,20:30,22:15,18:30,20:15,105,530,26,2,2026-09-19T21:59:59.000Z
W64652,WZZ,Gyumri,LWN,UDSG,Larnaca,LCA,LCLK,,,10:00,11:15,06:00,08:15,135,599,47,1,2026-09-24T10:00:24.000Z
W45144,WMT,Lyon,LYS,LFLL,Tirana,TIA,LATI,,,08:50,10:55,06:50,08:55,125,686,12456,3,2026-09-29T10:00:35.000Z
W62092,WZZ,Lyon,LYS,LFLL,Kraków,KRK,EPKK,,,13:15,15:25,11:15,13:25,130,645,135,1,2026-09-30T08:58:36.000Z
W43062,WMT,Lyon,LYS,LFLL,Bucharest Otopeni,OTP,LROP,,,16:35,20:15,14:35,17:15,160,890,2346,3,2026-09-29T19:00:54.000Z
W95426,WUK,Lyon,LYS,LFLL,London Luton,LTN,EGGW,,,16:35,17:20,14:35,16:20,105,427,246,1,2026-09-29T17:59:52.000Z
W67952,WZZ,Lyon,LYS,LFLL,Kutaisi,KUT,UGKO,,,18:40,00:50,16:40,20:50,250,1615,47,2,2026-09-27T22:00:00.000Z
W46012,WMT,Madrid,MAD,LEMD,Rome Fiumicino,FCO,LIRF,,,09:25,11:55,07:25,09:55,150,719,1234567,1,2026-09-30T08:58:30.000Z
W46730,WMT,Madrid,MAD,LEMD,Venice,VCE,LIPZ,,,09:25,12:00,07:25,10:00,155,760,1234567,1,2026-09-29T11:58:31.000Z
W61868,WZZ,Madrid,MAD,LEMD,Wroclaw,WRO,EPWR,,,09:40,12:55,07:40,10:55,195,1061,135,1,2026-09-30T08:58:30.000Z
W46312,WMT,Madrid,MAD,LEMD,Milan Malpensa,MXP,LIMC,,,09:55,12:10,07:55,10:10,135,621,1234567,1,2026-09-29T12:00:48.000Z
W43174,WMT,Madrid,MAD,LEMD,Bucharest Otopeni,OTP,LROP,,,10:05,14:50,08:05,11:50,225,1328,2467,2,2026-09-29T13:59:10.000Z
W61472,WZZ,Madrid,MAD,LEMD,Warsaw Chopin,WAW,EPWA,,,10:10,13:40,08:10,11:40,210,1226,1234567,2,2026-09-30T08:58:30.000Z
W62392,WZZ,Madrid,MAD,LEMD,Budapest,BUD,LHBP,,,10:15,13:25,08:15,11:25,190,1066,13567,4,2026-09-30T08:58:30.000Z
W61702,WZZ,Madrid,MAD,LEMD,Gdansk,GDN,EPGD,,,10:40,14:05,08:40,12:05,205,1214,135,1,2026-09-30T08:58:30.000Z
W95356,WUK,Madrid,MAD,LEMD,London Luton,LTN,EGGW,,,12:30,14:00,10:30,13:00,150,696,1234567,3,2026-09-30T08:58:30.000Z
W67946,WZZ,Madrid,MAD,LEMD,Kutaisi,KUT,UGKO,,,16:50,00:10,14:50,20:10,320,2053,26,1,2026-09-29T22:01:04.000Z
W43692,WMT,Madrid,MAD,LEMD,Iasi,IAS,LRIA,,,18:15,23:10,16:15,20:10,235,1399,15,1,2026-09-28T22:00:46.000Z
W64664,WZZ,Madrid,MAD,LEMD,Larnaca,LCA,LCLK,,,18:20,00:05,16:20,21:05,285,1786,246,1,2026-09-29T22:59:57.000Z
W43172,WMT,Madrid,MAD,LEMD,Bucharest Otopeni,OTP,LROP,,,19:10,23:55,17:10,20:55,225,1328,1234567,1,2026-09-30T08:58:30.000Z
W61178,WZZ,Madrid,MAD,LEMD,Katowice,KTW,EPKT,,,19:35,23:00,17:35,21:00,205,1119,1357,2,2026-09-30T08:58:30.000Z
W62372,WZZ,Madrid,MAD,LEMD,Budapest,BUD,LHBP,,,20:10,23:05,18:10,21:05,175,1066,1234567,2,2026-09-30T08:58:30.000Z
W43562,WMT,Madrid,MAD,LEMD,Timisoara,TSR,LRTR,,,20:10,00:35,18:10,21:35,205,1132,246,2,2026-09-29T22:59:59.000Z
W43764,WMT,Madrid,MAD,LEMD,Craiova,CRA,LRCV,,,20:25,01:00,18:25,22:00,215,1233,236,2,2026-09-30T00:00:18.000Z
W46014,WMT,Madrid,MAD,LEMD,Rome Fiumicino,FCO,LIRF,,,20:35,23:05,18:35,21:05,150,719,1234567,1,2026-09-30T08:58:30.000Z
W43402,WMT,Madrid,MAD,LEMD,Cluj-Napoca,CLJ,LRCL,,,20:50,01:30,18:50,22:30,220,1236,13457,1,2026-09-30T08:58:30.000Z
W64402,WZZ,Madrid,MAD,LEMD,Sofia,SOF,LBSF,,,20:55,01:25,18:55,22:25,210,1214,1234567,3,2026-09-30T08:58:30.000Z
W43826,WMT,Madrid,MAD,LEMD,Sibiu,SBZ,LRSB,,,20:55,01:30,18:55,22:30,215,1246,26,1,2026-09-30T00:00:23.000Z
W64816,WZZ,Madrid,MAD,LEMD,Skopje,SKP,LWSK,,,21:25,00:50,19:25,22:50,205,1137,1345,1,2026-09-28T23:59:36.000Z
W45152,WMT,Madrid,MAD,LEMD,Tirana,TIA,LATI,,,21:40,00:50,19:40,22:50,190,1054,246,2,2026-09-30T01:00:31.000Z
W64040,WZZ,Madrid,MAD,LEMD,Belgrade,BEG,LYBE,,,22:20,01:30,20:20,23:30,190,1082,246,1,2026-09-30T01:00:26.000Z
W46314,WMT,Madrid,MAD,LEMD,Milan Malpensa,MXP,LIMC,,,22:45,01:00,20:45,23:00,135,621,13457,2,2026-09-29T00:59:26.000Z
W46016,WMT,Madrid,MAD,LEMD,Rome Fiumicino,FCO,LIRF,,,22:55,01:25,20:55,23:25,150,719,1235,2,2026-09-29T19:00:56.000Z
W46038,WMT,Menorca,MAH,LEMH,Rome Fiumicino,FCO,LIRF,,,14:30,16:00,12:30,14:00,90,383,2467,3,2026-09-05T16:01:07.000Z
W61482,WZZ,Menorca,MAH,LEMH,Warsaw Chopin,WAW,EPWA,,,19:50,22:45,17:50,20:45,175,1012,37,1,2026-09-30T08:58:37.000Z
W62458,WZZ,Menorca,MAH,LEMH,Budapest,BUD,LHBP,,,20:30,22:55,18:30,20:55,145,794,246,2,2026-09-29T22:59:54.000Z
W46260,WMT,Malta,MLA,LMML,Rome Fiumicino,FCO,LIRF,,,08:55,10:35,06:55,08:35,100,373,15,1,2026-09-11T09:59:41.000Z
W61410,WZZ,Malta,MLA,LMML,Warsaw Modlin,WMI,EPMO,,,09:25,12:25,07:25,10:25,180,1031,123567,1,2026-09-30T08:58:37.000Z
W61588,WZZ,Malta,MLA,LMML,Warsaw Chopin,WAW,EPWA,,,11:45,14:40,09:45,12:40,175,1018,1,1,2026-09-14T14:00:56.000Z
W46218,WMT,Malta,MLA,LMML,Rome Fiumicino,FCO,LIRF,,,14:20,16:00,12:20,14:00,100,373,1234567,1,2026-09-29T15:59:42.000Z
W43276,WMT,Malta,MLA,LMML,Bucharest Otopeni,OTP,LROP,,,17:20,20:40,15:20,17:40,140,746,7,1,2026-09-13T19:00:44.000Z
W64022,WZZ,Malta,MLA,LMML,Belgrade,BEG,LYBE,,,18:40,20:40,16:40,18:40,120,601,2467,2,2026-09-29T20:00:23.000Z
W61590,WZZ,Malta,MLA,LMML,Warsaw Chopin,WAW,EPWA,,,19:50,22:45,17:50,20:45,175,1018,1234567,2,2026-09-30T08:58:37.000Z
W61164,WZZ,Malta,MLA,LMML,Katowice,KTW,EPKT,,,20:50,23:30,18:50,21:30,160,901,1234567,3,2026-09-30T08:58:36.000Z
W62496,WZZ,Malta,MLA,LMML,Budapest,BUD,LHBP,,,21:10,23:30,19:10,21:30,140,727,1234567,3,2026-09-30T01:00:26.000Z
W43260,WMT,Malta,MLA,LMML,Bucharest Otopeni,OTP,LROP,,,21:30,00:50,19:30,21:50,140,746,1234567,4,2026-09-29T19:00:54.000Z
W43400,WMT,Malta,MLA,LMML,Cluj-Napoca,CLJ,LRCL,,,21:40,01:05,19:40,22:05,145,776,135,2,2026-09-30T08:58:34.000Z
W45202,WMT,Malta,MLA,LMML,Tirana,TIA,LATI,,,23:00,00:40,21:00,22:40,100,414,1356,2,2026-09-28T23:59:37.000Z
W64766,WZZ,Malta,MLA,LMML,Skopje,SKP,LWSK,,,23:10,00:50,21:10,22:50,100,495,1357,3,2026-09-29T00:59:27.000Z
W64712,WZZ,Malmo,MMX,ESMS,Skopje,SKP,LWSK,,,09:10,11:50,07:10,09:50,160,877,1234567,4,2026-09-30T08:58:37.000Z
W64292,WZZ,Malmo,MMX,ESMS,Tuzla,TZL,LQTZ,,,09:10,11:20,07:10,09:20,130,696,2467,2,2026-09-29T11:00:12.000Z
W43440,WMT,Malmo,MMX,ESMS,Cluj-Napoca,CLJ,LRCL,,,14:45,17:45,12:45,14:45,120,652,37,1,2026-09-30T08:58:34.000Z
W64156,WZZ,Malmo,MMX,ESMS,Belgrade,BEG,LYBE,,,21:00,23:10,19:00,21:10,130,696,135,1,2026-09-30T08:58:37.000Z
W67630,WZZ,Malmo,MMX,ESMS,Podgorica,TGD,LYPG,,,22:15,00:45,20:15,22:45,150,824,135,1,2026-09-28T23:59:36.000Z
W45196,WMT,Malmo,MMX,ESMS,Tirana,TIA,LATI,,,23:00,01:35,21:00,23:35,155,884,2467,2,2026-09-30T02:59:38.000Z
W61104,WZZ,Maastricht,MST,EHBK,Katowice,KTW,EPKT,,,09:00,10:45,07:00,08:45,105,506,1357,1,2026-08-31T09:59:51.000Z
W64226,WZZ,Maastricht,MST,EHBK,Lublin,LUZ,EPLB,,,14:55,17:00,12:55,15:00,125,638,15,1,2026-09-28T16:58:40.000Z
W64242,WZZ,Maastricht,MST,EHBK,Tuzla,TZL,LQTZ,,,20:20,22:25,18:20,20:25,125,650,1356,3,2026-09-28T21:58:43.000Z
W67622,WZZ,Maastricht,MST,EHBK,Podgorica,TGD,LYPG,,,20:30,22:55,18:30,20:55,145,755,246,2,2026-09-29T22:01:06.000Z
W46451,WMT,Milan Malpensa,MXP,LIMC,Larnaca,LCA,LCLK,,,05:00,09:35,03:00,06:35,215,1303,12467,2,2026-09-29T09:03:56.000Z
W46405,WMT,Milan Malpensa,MXP,LIMC,Tel-Aviv,TLV,LLBG,,,05:00,10:00,03:00,07:00,240,1461,1234567,1,2026-09-30T08:58:33.000Z
W46489,WMT,Milan Malpensa,MXP,LIMC,Marrakesh,RAK,GMMX,,,05:00,06:30,03:00,06:30,210,1148,1235,2,2026-09-30T08:00:15.000Z
W46447,WMT,Milan Malpensa,MXP,LIMC,Prishtina,PRN,BKPR,,,05:00,07:05,03:00,05:05,125,561,1357,1,2026-09-28T06:58:46.000Z
W46385,WMT,Milan Malpensa,MXP,LIMC,Suceava,SCV,LRSV,,,05:00,08:20,03:00,05:20,140,735,23467,2,2026-09-30T08:00:17.000Z
W43936,WMT,Milan Malpensa,MXP,LIMC,Chisinau,RMO,LUKK,,,05:15,08:50,03:15,05:50,155,840,1,1,2026-08-31T05:18:59.000Z
W46431,WMT,Milan Malpensa,MXP,LIMC,Corfu,CFU,LGKR,,,05:55,09:00,03:55,06:00,125,612,247,2,2026-09-03T07:59:45.000Z
W42334,WMT,Milan Malpensa,MXP,LIMC,Budapest,BUD,LHBP,,,06:10,07:50,04:10,05:50,100,448,1234567,1,2026-09-29T07:00:53.000Z
W46415,WMT,Milan Malpensa,MXP,LIMC,Brasov,GHV,LRBV,,,06:30,09:45,04:30,06:45,135,703,26,1,2026-09-29T06:00:08.000Z
W46419,WMT,Milan Malpensa,MXP,LIMC,Glasgow,GLA,EGPF,,,06:30,08:05,04:30,07:05,155,790,1357,3,2026-09-04T15:00:46.000Z
W46341,WMT,Milan Malpensa,MXP,LIMC,Lampedusa,LMP,LICD,,,06:30,08:40,04:30,06:40,130,634,6,1,2026-09-05T07:59:31.000Z
W46433,WMT,Milan Malpensa,MXP,LIMC,Zakynthos,ZTH,LGZA,,,06:30,10:00,04:30,07:00,150,720,13567,1,2026-09-05T09:00:48.000Z
W46359,WMT,Milan Malpensa,MXP,LIMC,Marsa Alam,RMF,HEMA,,,06:30,11:45,04:30,08:45,255,1731,15,2,2026-09-28T09:58:54.000Z
W46409,WMT,Milan Malpensa,MXP,LIMC,Seville,SVQ,LEZL,,,06:30,09:05,04:30,07:05,155,819,1,1,2026-09-28T09:00:44.000Z
W46349,WMT,Milan Malpensa,MXP,LIMC,Olbia (Sardinia),OLB,LIEO,,,06:30,07:45,04:30,05:45,75,286,1234567,1,2026-09-05T06:59:29.000Z
W46493,WMT,Milan Malpensa,MXP,LIMC,Lampedusa,LMP,LICD,,,06:30,08:35,04:30,06:35,125,634,4,1,2026-09-03T07:59:43.000Z
W46311,WMT,Milan Malpensa,MXP,LIMC,Madrid,MAD,LEMD,,,06:40,09:10,04:40,07:10,150,621,1234567,1,2026-09-29T09:03:51.000Z
W46413,WMT,Milan Malpensa,MXP,LIMC,Valencia,VLC,LEVC,,,06:45,08:50,04:45,06:50,125,549,37,2,2026-09-30T08:00:18.000Z
W46602,WMT,Milan Malpensa,MXP,LIMC,Palermo (Sicily),PMO,LICJ,,,06:55,08:45,04:55,06:45,110,488,1357,1,2026-09-30T08:00:12.000Z
W46477,WMT,Milan Malpensa,MXP,LIMC,Zaragoza,ZAZ,LEZG,,,06:55,08:45,04:55,06:45,110,486,246,1,2026-09-29T09:03:59.000Z
W46387,WMT,Milan Malpensa,MXP,LIMC,Warsaw Chopin,WAW,EPWA,,,07:00,09:10,05:00,07:10,130,621,1234567,2,2026-09-29T07:59:21.000Z
W43070,WMT,Milan Malpensa,MXP,LIMC,Bucharest Otopeni,OTP,LROP,,,07:50,11:15,05:50,08:15,145,738,1357,1,2026-09-30T08:58:36.000Z
W46421,WMT,Milan Malpensa,MXP,LIMC,Naples,NAP,LIRN,,,08:40,10:15,06:40,08:15,95,374,1234567,1,2026-09-30T08:58:38.000Z
W45024,WMT,Milan Malpensa,MXP,LIMC,Tirana,TIA,LATI,,,08:45,10:40,06:45,08:40,115,541,1234567,3,2026-09-29T11:00:12.000Z
W46463,WMT,Milan Malpensa,MXP,LIMC,Catania (Sicily),CTA,LICC,,,08:55,10:55,06:55,08:55,120,566,123457,2,2026-09-30T08:58:33.000Z
W67914,WZZ,Milan Malpensa,MXP,LIMC,Kutaisi,KUT,UGKO,,,09:10,15:10,07:10,11:10,240,1464,135,1,2026-09-30T08:58:37.000Z
W46315,WMT,Milan Malpensa,MXP,LIMC,Barcelona El Prat,BCN,LEBL,,,10:45,12:25,08:45,10:25,100,389,1234567,1,2026-09-30T08:58:31.000Z
W46343,WMT,Milan Malpensa,MXP,LIMC,Lampedusa,LMP,LICD,,,11:25,13:35,09:25,11:35,130,634,1234567,6,2026-09-29T14:01:32.000Z
W46319,WMT,Milan Malpensa,MXP,LIMC,Valencia,VLC,LEVC,,,11:45,13:50,09:45,11:50,125,549,1356,3,2026-09-28T14:00:42.000Z
W46357,WMT,Milan Malpensa,MXP,LIMC,Santander,SDR,LEXJ,,,11:45,13:45,09:45,11:45,120,553,26,1,2026-09-29T13:59:14.000Z
W46471,WMT,Milan Malpensa,MXP,LIMC,Skiathos,JSI,LGSK,,,12:00,15:25,10:00,12:25,145,759,2346,2,2026-09-05T15:00:12.000Z
W46443,WMT,Milan Malpensa,MXP,LIMC,Lampedusa,LMP,LICD,,,12:30,14:35,10:30,12:35,125,634,7,1,2026-09-27T14:01:49.000Z
W46441,WMT,Milan Malpensa,MXP,LIMC,Ohrid,OHD,LWOH,,,12:40,14:45,10:40,12:45,125,587,1256,2,2026-09-12T14:59:36.000Z
W46391,WMT,Milan Malpensa,MXP,LIMC,Jeddah,JED,OEJN,,,12:50,19:15,10:50,16:15,325,2070,1357,1,2026-09-30T08:58:36.000Z
W46309,WMT,Milan Malpensa,MXP,LIMC,Seville,SVQ,LEZL,,,13:00,15:35,11:00,13:35,155,819,1234567,4,2026-09-30T08:58:37.000Z
W46307,WMT,Milan Malpensa,MXP,LIMC,Malaga,AGP,LEMG,,,13:05,15:45,11:05,13:45,160,802,1234567,2,2026-09-30T08:58:37.000Z
W46403,WMT,Milan Malpensa,MXP,LIMC,Tel-Aviv,TLV,LLBG,,,13:05,18:00,11:05,15:00,235,1461,1234567,1,2026-09-30T08:58:33.000Z
W46301,WMT,Milan Malpensa,MXP,LIMC,London Luton,LTN,EGGW,,,13:30,14:35,11:30,13:35,125,519,1234567,2,2026-09-30T08:58:37.000Z
W46604,WMT,Milan Malpensa,MXP,LIMC,Palermo (Sicily),PMO,LICJ,,,13:30,15:20,11:30,13:20,110,488,1234567,1,2026-09-30T08:58:35.000Z
W45026,WMT,Milan Malpensa,MXP,LIMC,Tirana,TIA,LATI,,,13:45,15:40,11:45,13:40,115,541,1234567,1,2026-09-30T08:58:37.000Z
W43388,WMT,Milan Malpensa,MXP,LIMC,Cluj-Napoca,CLJ,LRCL,,,13:55,16:55,11:55,13:55,120,624,267,2,2026-09-29T15:59:38.000Z
W46417,WMT,Milan Malpensa,MXP,LIMC,Alicante,ALC,LEAL,,,14:00,16:15,12:00,14:15,135,605,1234567,3,2026-09-30T08:58:30.000Z
W46411,WMT,Milan Malpensa,MXP,LIMC,Bilbao,BIO,LEBB,,,14:35,16:30,12:35,14:30,115,517,13457,4,2026-09-28T16:01:06.000Z
W46423,WMT,Milan Malpensa,MXP,LIMC,Naples,NAP,LIRN,,,15:05,16:40,13:05,14:40,95,374,1234567,1,2026-09-30T08:58:37.000Z
W46467,WMT,Milan Malpensa,MXP,LIMC,Catania (Sicily),CTA,LICC,,,15:15,17:15,13:15,15:15,120,566,1234567,2,2026-09-30T08:58:33.000Z
W43064,WMT,Milan Malpensa,MXP,LIMC,Bucharest Otopeni,OTP,LROP,,,15:40,19:05,13:40,16:05,145,738,1234567,3,2026-09-30T08:58:36.000Z
W46455,WMT,Milan Malpensa,MXP,LIMC,Yerevan,EVN,UDYZ,,,15:50,22:00,13:50,18:00,250,1589,2346,1,2026-09-30T08:58:37.000Z
W46453,WMT,Milan Malpensa,MXP,LIMC,Reykjavik,KEF,BIKF,,,16:00,18:20,14:00,18:20,260,1517,1457,4,2026-09-27T20:00:09.000Z
W46363,WMT,Milan Malpensa,MXP,LIMC,Sharm El Sheikh,SSH,HESH,,,16:05,21:25,14:05,18:25,260,1614,1234567,1,2026-09-30T08:58:37.000Z
W66389,WZZ,Milan Malpensa,MXP,LIMC,Warsaw Chopin,WAW,EPWA,,,16:20,18:05,14:20,16:05,105,621,135,1,2026-09-30T08:58:37.000Z
W46365,WMT,Milan Malpensa,MXP,LIMC,Cairo (Sphinx),SPX,HESX,,,17:10,22:05,15:10,19:05,235,1396,2467,3,2026-09-29T21:01:00.000Z
W45230,WMT,Milan Malpensa,MXP,LIMC,Tirana,TIA,LATI,,,17:15,19:10,15:15,17:10,115,541,15,1,2026-09-11T18:58:49.000Z
W46487,WMT,Milan Malpensa,MXP,LIMC,Agadir,AGA,GMAD,,,17:20,19:00,15:20,19:00,220,1252,26,1,2026-09-29T21:00:53.000Z
W46439,WMT,Milan Malpensa,MXP,LIMC,Heraklion (Crete),HER,LGIR,,,17:45,21:35,15:45,18:35,170,969,123456,5,2026-09-29T07:59:16.000Z
W46335,WMT,Milan Malpensa,MXP,LIMC,Porto,OPO,LPPR,,,17:50,19:40,15:50,18:40,170,801,13457,5,2026-09-30T08:58:35.000Z
W46303,WMT,Milan Malpensa,MXP,LIMC,London Luton,LTN,EGGW,,,18:50,19:55,16:50,18:55,125,519,1234567,1,2026-09-29T21:01:03.000Z
W46313,WMT,Milan Malpensa,MXP,LIMC,Madrid,MAD,LEMD,,,19:30,22:00,17:30,20:00,150,621,13457,4,2026-09-28T22:00:42.000Z
W46317,WMT,Milan Malpensa,MXP,LIMC,Valencia,VLC,LEVC,,,19:30,21:35,17:30,19:35,125,549,1234567,1,2026-09-29T20:58:49.000Z
W42336,WMT,Milan Malpensa,MXP,LIMC,Budapest,BUD,LHBP,,,19:40,21:20,17:40,19:20,100,448,1234567,2,2026-09-30T08:58:33.000Z
W46465,WMT,Milan Malpensa,MXP,LIMC,Catania (Sicily),CTA,LICC,,,19:50,22:20,17:50,20:20,150,566,1234567,1,2026-09-30T08:58:37.000Z
W46321,WMT,Milan Malpensa,MXP,LIMC,Palma de Mallorca,PMI,LEPA,,,19:55,21:40,17:55,19:40,105,451,1234567,2,2026-09-05T15:58:42.000Z
W46449,WMT,Milan Malpensa,MXP,LIMC,Podgorica,TGD,LYPG,,,20:30,22:15,18:30,20:15,105,495,1357,2,2026-09-30T08:58:37.000Z
W46469,WMT,Milan Malpensa,MXP,LIMC,Catania (Sicily),CTA,LICC,,,20:50,23:00,18:50,21:00,130,566,26,1,2026-09-05T23:00:51.000Z
W46351,WMT,Milan Malpensa,MXP,LIMC,Olbia (Sardinia),OLB,LIEO,,,20:55,22:20,18:55,20:20,85,286,26,2,2026-09-05T21:59:46.000Z
W43702,WMT,Milan Malpensa,MXP,LIMC,Iasi,IAS,LRIA,,,21:00,00:25,19:00,21:25,145,786,135,1,2026-09-30T08:58:37.000Z
W46481,WMT,Milan Malpensa,MXP,LIMC,Corfu,CFU,LGKR,,,21:05,00:10,19:05,21:10,125,612,6,1,2026-09-05T22:58:24.000Z
W62068,WZZ,Milan Malpensa,MXP,LIMC,Kraków,KRK,EPKK,,,21:35,23:30,19:35,21:30,115,519,1234567,2,2026-09-29T22:59:57.000Z
W61954,WZZ,Milan Malpensa,MXP,LIMC,Vilnius,VNO,EYVI,,,21:50,01:20,19:50,22:20,150,832,135,1,2026-09-28T23:59:37.000Z
W45028,WMT,Milan Malpensa,MXP,LIMC,Tirana,TIA,LATI,,,21:50,23:45,19:50,21:45,115,541,1234567,1,2026-09-28T23:59:37.000Z
W61714,WZZ,Milan Malpensa,MXP,LIMC,Gdansk,GDN,EPGD,,,22:00,00:15,20:00,22:15,135,645,1357,3,2026-09-28T23:59:32.000Z
W46606,WMT,Milan Malpensa,MXP,LIMC,Palermo (Sicily),PMO,LICJ,,,22:00,23:50,20:00,21:50,110,488,1234567,3,2026-09-30T01:59:14.000Z
W46927,WMT,Naples,NAP,LIRN,Yerevan,EVN,UDYZ,,,06:00,11:30,04:00,07:30,210,1368,135,1,2026-09-28T09:00:45.000Z
W46923,WMT,Naples,NAP,LIRN,Tel-Aviv,TLV,LLBG,,,06:00,10:05,04:00,07:05,185,1124,1234567,4,2026-09-30T08:58:33.000Z
W43154,WMT,Naples,NAP,LIRN,Bucharest Baneasa,BBU,LRBS,,,06:40,09:35,04:40,06:35,115,564,1234567,1,2026-09-30T08:00:08.000Z
W43776,WMT,Naples,NAP,LIRN,Craiova,CRA,LRCV,,,08:00,10:50,06:00,07:50,110,471,26,1,2026-09-29T09:03:53.000Z
W62366,WZZ,Naples,NAP,LIRN,Budapest,BUD,LHBP,,,08:35,10:20,06:35,08:20,105,447,26,1,2026-09-29T10:00:28.000Z
W46949,WMT,Naples,NAP,LIRN,Brasov,GHV,LRBV,,,09:15,12:20,07:15,09:20,125,569,37,1,2026-09-30T08:58:37.000Z
W46422,WMT,Naples,NAP,LIRN,Milan Malpensa,MXP,LIMC,,,10:50,12:30,08:50,10:30,100,374,1234567,2,2026-09-30T08:58:37.000Z
W42360,WMT,Naples,NAP,LIRN,Budapest,BUD,LHBP,,,11:55,13:40,09:55,11:40,105,447,1234567,2,2026-09-30T08:58:33.000Z
W64370,WZZ,Naples,NAP,LIRN,Sofia,SOF,LBSF,,,13:35,16:20,11:35,13:20,105,423,246,2,2026-09-29T16:59:40.000Z
W46925,WMT,Naples,NAP,LIRN,Sharm El Sheikh,SSH,HESH,,,14:35,19:05,12:35,16:05,210,1256,1234567,4,2026-09-30T08:58:37.000Z
W45070,WMT,Naples,NAP,LIRN,Tirana,TIA,LATI,,,14:35,15:55,12:35,13:55,80,247,37,2,2026-09-30T08:58:37.000Z
W46946,WMT,Naples,NAP,LIRN,Chisinau,RMO,LUKK,,,15:20,18:35,13:20,15:35,135,728,1,1,2026-08-31T05:18:59.000Z
W67012,WZZ,Naples,NAP,LIRN,Bratislava,BTS,LZIB,,,16:40,18:10,14:40,16:10,90,455,2467,1,2026-09-29T17:59:48.000Z
W46712,WMT,Naples,NAP,LIRN,Venice,VCE,LIPZ,,,17:00,18:20,15:00,16:20,80,290,1234567,2,2026-09-30T08:58:37.000Z
W43556,WMT,Naples,NAP,LIRN,Timisoara,TSR,LRTR,,,17:10,19:45,15:10,16:45,95,426,135,1,2026-09-30T08:58:37.000Z
W46424,WMT,Naples,NAP,LIRN,Milan Malpensa,MXP,LIMC,,,17:15,18:55,15:15,16:55,100,374,1234567,1,2026-09-30T08:58:37.000Z
W61458,WZZ,Naples,NAP,LIRN,Warsaw Chopin,WAW,EPWA,,,17:30,19:50,15:30,17:50,140,730,6,1,2026-09-19T19:59:09.000Z
W41458,WMT,Naples,NAP,LIRN,Warsaw Chopin,WAW,EPWA,,,17:30,19:50,15:30,17:50,140,730,1234567,2,2026-09-30T08:58:37.000Z
W41050,WMT,Naples,NAP,LIRN,Katowice,KTW,EPKT,,,17:40,19:50,15:40,17:50,130,610,7,1,2026-08-30T19:01:43.000Z
W64818,WZZ,Naples,NAP,LIRN,Skopje,SKP,LWSK,,,18:45,20:15,16:45,18:15,90,336,135,1,2026-09-30T08:58:37.000Z
W45068,WMT,Naples,NAP,LIRN,Tirana,TIA,LATI,,,19:25,20:40,17:25,18:40,75,247,1234567,1,2026-09-30T08:58:37.000Z
W46909,WMT,Naples,NAP,LIRN,Palma de Mallorca,PMI,LEPA,,,19:45,21:40,17:45,19:40,115,535,2346,2,2026-09-05T21:59:46.000Z
W61050,WZZ,Naples,NAP,LIRN,Katowice,KTW,EPKT,,,20:50,23:00,18:50,21:00,130,610,1357,4,2026-09-30T08:58:37.000Z
W43428,WMT,Naples,NAP,LIRN,Cluj-Napoca,CLJ,LRCL,,,21:30,00:25,19:30,21:25,115,539,1457,3,2026-09-28T16:01:08.000Z
W61350,WZZ,Nice,NCE,LFMN,Warsaw Chopin,WAW,EPWA,,,08:50,11:10,06:50,09:10,140,751,123567,3,2026-09-30T08:58:37.000Z
W64416,WZZ,Nice,NCE,LFMN,Sofia,SOF,LBSF,,,09:10,12:25,07:10,09:25,135,711,134567,3,2026-09-30T08:58:37.000Z
W62280,WZZ,Nice,NCE,LFMN,Budapest,BUD,LHBP,,,09:30,11:20,07:30,09:20,110,554,26,1,2026-09-19T11:02:18.000Z
W43066,WMT,Nice,NCE,LFMN,Bucharest Otopeni,OTP,LROP,,,12:00,15:30,10:00,12:30,150,814,26,1,2026-09-15T14:00:13.000Z
W61720,WZZ,Nice,NCE,LFMN,Gdansk,GDN,EPGD,,,13:35,16:00,11:35,14:00,145,779,2467,3,2026-09-30T01:00:28.000Z
W45146,WMT,Nice,NCE,LFMN,Tirana,TIA,LATI,,,14:55,16:50,12:55,14:50,115,569,246,2,2026-09-29T16:59:40.000Z
W62264,WZZ,Nice,NCE,LFMN,Budapest,BUD,LHBP,,,16:25,18:15,14:25,16:15,110,554,1234567,1,2026-09-30T08:58:33.000Z
W43058,WMT,Nice,NCE,LFMN,Bucharest Otopeni,OTP,LROP,,,16:25,19:55,14:25,16:55,150,814,1234567,3,2026-09-30T08:58:36.000Z
W61970,WZZ,Nice,NCE,LFMN,Vilnius,VNO,EYVI,,,17:45,21:30,15:45,18:30,165,963,237,2,2026-09-30T08:58:37.000Z
W46132,WMT,Nice,NCE,LFMN,Rome Fiumicino,FCO,LIRF,,,17:55,19:15,15:55,17:15,80,248,135,2,2026-09-30T08:58:37.000Z
W64026,WZZ,Nice,NCE,LFMN,Belgrade,BEG,LYBE,,,18:35,20:30,16:35,18:30,115,567,1357,2,2026-09-30T08:58:33.000Z
W62072,WZZ,Nice,NCE,LFMN,Kraków,KRK,EPKK,,,20:20,22:30,18:20,20:30,130,643,124567,3,2026-09-29T22:01:04.000Z
W61830,WZZ,Nice,NCE,LFMN,Wroclaw,WRO,EPWR,,,21:10,23:15,19:10,21:15,125,594,246,1,2026-09-29T22:59:59.000Z
W67052,WZZ,Nice,NCE,LFMN,Bratislava,BTS,LZIB,,,21:50,23:35,19:50,21:35,105,497,246,2,2026-09-26T23:01:53.000Z
W43102,WMT,Nuremberg,NUE,EDDN,Bucharest Otopeni,OTP,LROP,,,07:30,10:40,05:30,07:40,130,681,135,1,2026-09-30T08:58:36.000Z
W43537,WMT,Nuremberg,NUE,EDDN,Brasov,GHV,LRBV,,,08:00,11:00,06:00,08:00,120,626,246,1,2026-09-15T07:58:41.000Z
W43370,WMT,Nuremberg,NUE,EDDN,Cluj-Napoca,CLJ,LRCL,,,12:55,15:45,10:55,12:45,110,530,246,2,2026-09-29T13:59:09.000Z
W43542,WMT,Nuremberg,NUE,EDDN,Timisoara,TSR,LRTR,,,13:10,15:45,11:10,12:45,95,470,123456,1,2026-09-15T14:58:47.000Z
W43820,WMT,Nuremberg,NUE,EDDN,Sibiu,SBZ,LRSB,,,13:15,16:05,11:15,13:05,110,571,15,1,2026-09-28T14:59:56.000Z
W64736,WZZ,Nuremberg,NUE,EDDN,Skopje,SKP,LWSK,,,16:25,18:30,14:25,16:30,125,632,135,2,2026-09-30T08:58:37.000Z
W64544,WZZ,Nuremberg,NUE,EDDN,Varna (Black Sea),VAR,LBWN,,,20:10,23:30,18:10,20:30,140,787,26,1,2026-09-29T22:01:07.000Z
W45116,WMT,Nuremberg,NUE,EDDN,Tirana,TIA,LATI,,,22:25,00:25,20:25,22:25,120,606,246,2,2026-09-30T01:00:31.000Z
W43974,WMT,Nuremberg,NUE,EDDN,Chisinau,RMO,LUKK,,,22:55,02:10,20:55,23:10,135,729,7,1,2026-08-31T01:00:21.000Z
W61502,WZZ,Stockholm Skavsta,NYO,ESKN,Warsaw Chopin,WAW,EPWA,,,07:50,09:25,05:50,07:25,95,421,1357,2,2026-09-30T08:58:39.000Z
W64152,WZZ,Stockholm Skavsta,NYO,ESKN,Belgrade,BEG,LYBE,,,08:55,11:30,06:55,09:30,155,848,2467,1,2026-09-29T11:00:03.000Z
W43444,WMT,Stockholm Skavsta,NYO,ESKN,Cluj-Napoca,CLJ,LRCL,,,14:30,17:50,12:30,14:50,140,761,37,2,2026-09-30T08:58:34.000Z
W61892,WZZ,Ohrid,OHD,LWOH,Wroclaw,WRO,EPWR,,,08:30,10:30,06:30,08:30,120,617,37,1,2026-09-16T09:58:47.000Z
W67044,WZZ,Ohrid,OHD,LWOH,Bratislava,BTS,LZIB,,,12:00,13:40,10:00,11:40,100,446,2467,2,2026-09-27T08:59:37.000Z
W44973,WMT,Ohrid,OHD,LWOH,Memmingen / Munich West,FMM,EDJA,,,12:15,14:20,10:15,12:20,125,606,47,1,2026-09-27T14:01:50.000Z
W64977,WZZ,Ohrid,OHD,LWOH,Dortmund,DTM,EDLW,,,12:55,15:35,10:55,13:35,160,823,37,1,2026-09-30T08:58:34.000Z
W46442,WMT,Ohrid,OHD,LWOH,Milan Malpensa,MXP,LIMC,,,15:20,17:25,13:20,15:25,125,587,1256,2,2026-09-12T17:00:44.000Z
W61260,WZZ,Ohrid,OHD,LWOH,Katowice,KTW,EPKT,,,21:20,23:30,19:20,21:30,130,562,246,2,2026-09-19T23:00:16.000Z
W46346,WMT,Olbia (Sardinia),OLB,LIEO,Rome Ciampino,CIA,LIRA,,,08:30,09:25,06:30,07:25,55,149,1234567,2,2026-09-05T09:00:47.000Z
W61314,WZZ,Olbia (Sardinia),OLB,LIEO,Warsaw Chopin,WAW,EPWA,,,08:45,11:15,06:45,09:15,150,823,247,2,2026-09-29T11:00:12.000Z
W46350,WMT,Olbia (Sardinia),OLB,LIEO,Milan Malpensa,MXP,LIMC,,,11:40,13:00,09:40,11:00,80,286,1234567,2,2026-09-05T12:59:46.000Z
W46352,WMT,Olbia (Sardinia),OLB,LIEO,Milan Malpensa,MXP,LIMC,,,22:55,00:15,20:55,22:15,80,286,26,2,2026-09-05T23:59:47.000Z
W47689,WMT,Oradea,OMR,LROD,Dortmund,DTM,EDLW,,,10:00,11:05,07:00,09:05,125,620,37,1,2026-09-30T08:58:34.000Z
W47692,WMT,Oradea,OMR,LROD,Milan Bergamo,BGY,LIME,,,12:00,12:50,09:00,10:50,110,511,47,1,2026-09-27T11:58:58.000Z
W46238,WMT,Oradea,OMR,LROD,Rome Fiumicino,FCO,LIRF,,,15:15,16:05,12:15,14:05,110,519,37,1,2026-09-30T08:58:37.000Z
W46048,WMT,Porto,OPO,LPPR,Rome Fiumicino,FCO,LIRF,,,08:50,13:00,07:50,11:00,190,939,1234567,4,2026-09-30T08:58:35.000Z
W61596,WZZ,Porto,OPO,LPPR,Warsaw Chopin,WAW,EPWA,,,18:00,22:40,17:00,20:40,220,1372,15,1,2026-09-28T21:58:43.000Z
W43290,WMT,Porto,OPO,LPPR,Bucharest Otopeni,OTP,LROP,,,19:20,01:30,18:20,22:30,250,1531,246,2,2026-09-30T00:00:20.000Z
W61086,WZZ,Porto,OPO,LPPR,Katowice,KTW,EPKT,,,21:00,01:25,20:00,23:25,205,1276,1357,3,2026-09-28T14:00:39.000Z
W46336,WMT,Porto,OPO,LPPR,Milan Malpensa,MXP,LIMC,,,21:45,01:15,20:45,23:15,150,801,13457,5,2026-09-29T00:59:26.000Z
W62368,WZZ,Paris Orly,ORY,LFPO,Budapest,BUD,LHBP,,,09:10,11:20,07:10,09:20,130,681,1234567,1,2026-09-30T08:58:33.000Z
W46062,WMT,Paris Orly,ORY,LFPO,Rome Fiumicino,FCO,LIRF,,,09:55,12:00,07:55,10:00,125,589,123567,2,2026-09-30T08:58:37.000Z
W61354,WZZ,Paris Orly,ORY,LFPO,Warsaw Chopin,WAW,EPWA,,,13:55,16:10,11:55,14:10,135,738,1234567,1,2026-09-30T08:58:38.000Z
W46216,WMT,Paris Orly,ORY,LFPO,Rome Fiumicino,FCO,LIRF,,,15:05,17:10,13:05,15:10,125,589,1234567,1,2026-09-24T17:01:29.000Z
W62156,WZZ,Oslo Gardermoen,OSL,ENGM,Palanga – Klaipeda,PLQ,EYPA,,,08:15,10:45,06:15,07:45,90,405,26,2,2026-09-29T09:03:57.000Z
W62152,WZZ,Oslo Gardermoen,OSL,ENGM,Szczecin,SZZ,EPSC,,,08:15,09:45,06:15,07:45,90,416,135,2,2026-09-30T08:58:39.000Z
W61784,WZZ,Oslo Gardermoen,OSL,ENGM,Gdansk,GDN,EPGD,,,12:30,14:00,10:30,12:00,90,423,1234567,4,2026-09-30T08:58:35.000Z
W62034,WZZ,Oslo Gardermoen,OSL,ENGM,Kraków,KRK,EPKK,,,15:50,18:00,13:50,16:00,130,675,1234567,1,2026-09-30T08:58:36.000Z
W67032,WZZ,Oslo Gardermoen,OSL,ENGM,Bratislava,BTS,LZIB,,,16:35,19:00,14:35,17:00,145,752,135,1,2026-09-28T19:01:09.000Z
W46246,WMT,Oslo Gardermoen,OSL,ENGM,Rome Fiumicino,FCO,LIRF,,,21:55,01:15,19:55,23:15,200,1105,2467,1,2026-09-30T01:59:16.000Z
W61786,WZZ,Oslo Gardermoen,OSL,ENGM,Gdansk,GDN,EPGD,,,22:35,00:05,20:35,22:05,90,423,47,1,2026-09-25T00:00:51.000Z
W43211,WMT,Bucharest Otopeni,OTP,LROP,Billund,BLL,EKBI,,,05:00,06:50,02:00,04:50,170,930,23467,2,2026-09-29T06:00:01.000Z
W43083,WMT,Bucharest Otopeni,OTP,LROP,Brussels Charleroi,CRL,EBCI,,,05:35,07:30,02:35,05:30,175,942,13457,1,2026-09-30T07:01:12.000Z
W43283,WMT,Bucharest Otopeni,OTP,LROP,Zakynthos,ZTH,LGZA,,,05:35,07:30,02:35,04:30,115,472,2346,2,2026-09-19T05:59:08.000Z
W43101,WMT,Bucharest Otopeni,OTP,LROP,Nuremberg,NUE,EDDN,,,05:40,06:55,02:40,04:55,135,681,135,1,2026-09-30T05:59:41.000Z
W43109,WMT,Bucharest Otopeni,OTP,LROP,Berlin Brandenburg,BER,EDDB,,,05:45,07:00,02:45,05:00,135,684,1234567,5,2026-09-30T07:01:12.000Z
W43257,WMT,Bucharest Otopeni,OTP,LROP,Tel-Aviv,TLV,LLBG,,,05:45,08:25,02:45,05:25,160,859,1234567,1,2026-09-30T07:01:12.000Z
W43069,WMT,Bucharest Otopeni,OTP,LROP,Milan Malpensa,MXP,LIMC,,,05:45,07:15,02:45,05:15,150,738,1357,1,2026-09-30T08:00:16.000Z
W43009,WMT,Bucharest Otopeni,OTP,LROP,London Luton,LTN,EGGW,,,05:55,07:15,02:55,06:15,200,1138,2467,1,2026-09-29T07:59:18.000Z
W43091,WMT,Bucharest Otopeni,OTP,LROP,Dortmund,DTM,EDLW,,,05:55,07:40,02:55,05:40,165,848,1234567,1,2026-09-30T07:01:14.000Z
W43175,WMT,Bucharest Otopeni,OTP,LROP,Barcelona El Prat,BCN,LEBL,,,06:00,08:20,03:00,06:20,200,1070,1234567,1,2026-09-30T08:00:07.000Z
W43285,WMT,Bucharest Otopeni,OTP,LROP,Corfu,CFU,LGKR,,,06:00,07:40,03:00,04:40,100,406,124567,2,2026-09-19T05:59:00.000Z
W43015,WMT,Bucharest Otopeni,OTP,LROP,Leeds,LBA,EGNM,,,06:00,07:35,03:00,06:35,215,1213,135,2,2026-09-30T08:58:35.000Z
W43231,WMT,Bucharest Otopeni,OTP,LROP,Valencia,VLC,LEVC,,,06:05,08:35,03:05,06:35,210,1218,15,1,2026-09-28T08:00:30.000Z
W43191,WMT,Bucharest Otopeni,OTP,LROP,Zaragoza,ZAZ,LEZG,,,06:05,08:45,03:05,06:45,220,1197,2346,4,2026-09-30T08:00:18.000Z
W43173,WMT,Bucharest Otopeni,OTP,LROP,Madrid,MAD,LEMD,,,06:10,09:20,03:10,07:20,250,1328,2467,2,2026-09-29T09:03:51.000Z
W43075,WMT,Bucharest Otopeni,OTP,LROP,Santorini,JTR,LGSR,,,06:10,08:05,03:10,05:05,115,491,1357,1,2026-09-18T06:59:30.000Z
W43193,WMT,Bucharest Otopeni,OTP,LROP,Santander,SDR,LEXJ,,,06:10,09:00,03:10,07:00,230,1287,135,2,2026-09-30T08:58:35.000Z
W43039,WMT,Bucharest Otopeni,OTP,LROP,Chisinau,RMO,LUKK,,,06:15,07:15,03:15,04:15,60,185,14567,1,2026-08-31T05:18:59.000Z
W43159,WMT,Bucharest Otopeni,OTP,LROP,Venice Treviso,TSF,LIPH,,,06:15,07:20,03:15,05:20,125,592,1234567,1,2026-09-30T07:01:19.000Z
W43187,WMT,Bucharest Otopeni,OTP,LROP,Alicante,ALC,LEAL,,,06:45,09:30,03:45,07:30,225,1252,1234567,1,2026-09-30T08:58:30.000Z
W43077,WMT,Bucharest Otopeni,OTP,LROP,Mykonos,JMK,LGMK,,,06:45,08:30,03:45,05:30,105,430,13457,2,2026-09-18T06:59:29.000Z
W43071,WMT,Bucharest Otopeni,OTP,LROP,Eindhoven,EIN,EHEH,,,06:50,08:45,03:50,06:45,175,925,1234567,1,2026-09-30T08:00:11.000Z
W43051,WMT,Bucharest Otopeni,OTP,LROP,Paris Beauvais,BVA,LFOB,,,06:50,09:00,03:50,07:00,190,1020,1234567,1,2026-09-30T08:58:33.000Z
W43019,WMT,Bucharest Otopeni,OTP,LROP,Birmingham,BHX,EGBB,,,06:55,08:35,03:55,07:35,220,1195,2467,1,2026-09-29T08:57:28.000Z
W43001,WMT,Bucharest Otopeni,OTP,LROP,London Luton,LTN,EGGW,,,06:55,08:15,03:55,07:15,200,1138,135,1,2026-09-30T08:58:37.000Z
W43195,WMT,Bucharest Otopeni,OTP,LROP,Seville,SVQ,LEZL,,,06:55,10:15,03:55,08:15,260,1501,246,1,2026-09-29T10:00:34.000Z
W43157,WMT,Bucharest Otopeni,OTP,LROP,Pisa (Tuscany),PSA,LIRP,,,06:55,08:15,03:55,06:15,140,678,124567,2,2026-09-29T07:59:19.000Z
W43123,WMT,Bucharest Otopeni,OTP,LROP,Copenhagen,CPH,EKCH,,,07:10,08:55,04:10,06:55,165,838,15,2,2026-09-28T08:00:24.000Z
W43165,WMT,Bucharest Otopeni,OTP,LROP,Bari,BRI,LIBD,,,07:40,08:30,04:40,06:30,110,460,2467,2,2026-09-29T07:59:08.000Z
W43029,WMT,Bucharest Otopeni,OTP,LROP,Dubrovnik,DBV,LDDU,,,07:40,07:55,04:40,05:55,75,362,135,1,2026-09-28T07:02:30.000Z
W43141,WMT,Bucharest Otopeni,OTP,LROP,Rome Fiumicino,FCO,LIRF,,,07:40,09:00,04:40,07:00,140,628,1234567,1,2026-09-30T08:58:37.000Z
W43025,WMT,Bucharest Otopeni,OTP,LROP,Larnaca,LCA,LCLK,,,09:35,11:50,06:35,08:50,135,677,1234567,1,2026-09-30T08:58:37.000Z
W43065,WMT,Bucharest Otopeni,OTP,LROP,Nice,NCE,LFMN,,,09:45,11:25,06:45,09:25,160,814,26,1,2026-09-15T10:59:02.000Z
W43003,WMT,Bucharest Otopeni,OTP,LROP,London Luton,LTN,EGGW,,,11:55,13:25,08:55,12:25,210,1138,1234567,1,2026-09-30T08:58:35.000Z
W43021,WMT,Bucharest Otopeni,OTP,LROP,Tenerife (Canary Islands),TFS,GCTS,,,12:00,16:15,09:00,15:15,375,2258,1357,2,2026-09-30T08:58:35.000Z
W43081,WMT,Bucharest Otopeni,OTP,LROP,Brussels Charleroi,CRL,EBCI,,,12:00,13:55,09:00,11:55,175,942,1234567,1,2026-09-30T08:58:33.000Z
W43147,WMT,Bucharest Otopeni,OTP,LROP,Gran Canaria (Canary Islands),LPA,GCLP,,,12:00,15:55,09:00,14:55,355,2213,26,1,2026-09-29T15:59:41.000Z
W43181,WMT,Bucharest Otopeni,OTP,LROP,Castellon (Valencia),CDT,LECH,,,12:10,14:45,09:10,12:45,215,1178,135,2,2026-09-30T08:00:08.000Z
W43299,WMT,Bucharest Otopeni,OTP,LROP,Alghero (Sardinia),AHO,LIEA,,,12:25,14:05,09:25,12:05,160,820,45,2,2026-09-04T14:01:54.000Z
W43139,WMT,Bucharest Otopeni,OTP,LROP,Bologna,BLQ,LIPE,,,12:30,13:45,09:30,11:45,135,633,1234567,1,2026-09-30T08:58:33.000Z
W43235,WMT,Bucharest Otopeni,OTP,LROP,Stuttgart,STR,EDDS,,,12:55,14:25,09:55,12:25,150,737,1356,2,2026-09-30T08:58:35.000Z
W43093,WMT,Bucharest Otopeni,OTP,LROP,Dortmund,DTM,EDLW,,,13:10,14:55,10:10,12:55,165,848,2467,3,2026-09-27T13:01:15.000Z
W43263,WMT,Bucharest Otopeni,OTP,LROP,Tel-Aviv,TLV,LLBG,,,13:10,15:50,10:10,12:50,160,859,1234567,3,2026-09-30T08:58:33.000Z
W43271,WMT,Bucharest Otopeni,OTP,LROP,Marrakesh,RAK,GMMX,,,13:10,15:10,10:10,15:10,300,1774,47,1,2026-09-27T16:58:58.000Z
W43251,WMT,Bucharest Otopeni,OTP,LROP,Pescara,PSR,LIBP,,,13:10,14:05,10:10,12:05,115,534,246,2,2026-09-29T14:01:32.000Z
W43063,WMT,Bucharest Otopeni,OTP,LROP,Milan Malpensa,MXP,LIMC,,,13:10,14:40,10:10,12:40,150,738,1234567,2,2026-09-30T08:58:35.000Z
W43167,WMT,Bucharest Otopeni,OTP,LROP,Bari,BRI,LIBD,,,13:30,14:20,10:30,12:20,110,460,1234567,2,2026-09-30T08:58:30.000Z
W43151,WMT,Bucharest Otopeni,OTP,LROP,Catania (Sicily),CTA,LICC,,,13:40,15:05,10:40,13:05,145,656,123457,4,2026-09-30T08:58:33.000Z
W43073,WMT,Bucharest Otopeni,OTP,LROP,Eindhoven,EIN,EHEH,,,14:05,16:00,11:05,14:00,175,925,47,1,2026-09-27T15:58:57.000Z
W43061,WMT,Bucharest Otopeni,OTP,LROP,Lyon,LYS,LFLL,,,14:05,16:00,11:05,14:00,175,890,2346,3,2026-09-29T15:59:42.000Z
W43057,WMT,Bucharest Otopeni,OTP,LROP,Nice,NCE,LFMN,,,14:10,15:50,11:10,13:50,160,814,1234567,3,2026-09-30T08:58:35.000Z
W43189,WMT,Bucharest Otopeni,OTP,LROP,Malaga,AGP,LEMG,,,14:15,17:35,11:15,15:35,260,1463,1234567,1,2026-09-30T08:58:35.000Z
W43233,WMT,Bucharest Otopeni,OTP,LROP,Billund,BLL,EKBI,,,14:30,16:20,11:30,14:20,170,930,26,2,2026-09-19T16:01:39.000Z
W43161,WMT,Bucharest Otopeni,OTP,LROP,Venice Treviso,TSF,LIPH,,,14:30,15:40,11:30,13:40,130,592,15,2,2026-09-28T14:59:56.000Z
W43041,WMT,Bucharest Otopeni,OTP,LROP,Antalya,AYT,LTAI,,,14:40,16:40,11:40,13:40,120,508,12346,5,2026-09-30T08:58:30.000Z
W43179,WMT,Bucharest Otopeni,OTP,LROP,Barcelona El Prat,BCN,LEBL,,,14:40,17:00,11:40,15:00,200,1070,123567,5,2026-09-30T08:58:31.000Z
W43085,WMT,Bucharest Otopeni,OTP,LROP,Gdansk,GDN,EPGD,,,14:40,15:50,11:40,13:50,130,659,1357,3,2026-09-30T07:01:14.000Z
W43221,WMT,Bucharest Otopeni,OTP,LROP,Kefalonia,EFL,LGKF,,,14:40,16:20,11:40,13:20,100,462,246,2,2026-09-19T14:59:35.000Z
W43037,WMT,Bucharest Otopeni,OTP,LROP,Faro (Algarve),FAO,LPFR,,,14:45,17:30,11:45,16:30,285,1601,246,2,2026-09-29T17:59:50.000Z
W43197,WMT,Bucharest Otopeni,OTP,LROP,Lisbon,LIS,LPPT,,,15:05,17:45,12:05,16:45,280,1605,135,2,2026-09-30T08:58:35.000Z
W43171,WMT,Bucharest Otopeni,OTP,LROP,Madrid,MAD,LEMD,,,15:15,18:25,12:15,16:25,250,1328,1234567,1,2026-09-30T08:58:32.000Z
W43275,WMT,Bucharest Otopeni,OTP,LROP,Malta,MLA,LMML,,,15:20,16:45,12:20,14:45,145,746,7,1,2026-09-13T16:01:02.000Z
W43005,WMT,Bucharest Otopeni,OTP,LROP,London Luton,LTN,EGGW,,,15:40,17:10,12:40,16:10,210,1138,1234567,1,2026-09-30T08:58:35.000Z
W43023,WMT,Bucharest Otopeni,OTP,LROP,Palma de Mallorca,PMI,LEPA,,,16:10,18:30,13:10,16:30,200,1080,2467,4,2026-09-29T17:59:54.000Z
W43289,WMT,Bucharest Otopeni,OTP,LROP,Porto,OPO,LPPR,,,16:20,18:40,13:20,17:40,260,1531,246,2,2026-09-29T19:00:54.000Z
W43185,WMT,Bucharest Otopeni,OTP,LROP,Valencia,VLC,LEVC,,,16:25,19:05,13:25,17:05,220,1218,1234567,1,2026-09-30T08:58:35.000Z
W43297,WMT,Bucharest Otopeni,OTP,LROP,Bordeaux,BOD,LFBD,,,16:50,19:15,13:50,17:15,205,1139,37,2,2026-09-30T08:58:33.000Z
W43213,WMT,Bucharest Otopeni,OTP,LROP,Alicante,ALC,LEAL,,,17:40,20:25,14:40,18:25,225,1252,47,2,2026-09-27T20:00:04.000Z
W43215,WMT,Bucharest Otopeni,OTP,LROP,Oslo Sandefjord Torp,TRF,ENTO,,,17:45,19:55,14:45,17:55,190,1050,246,2,2026-09-29T20:00:30.000Z
W43177,WMT,Bucharest Otopeni,OTP,LROP,Barcelona El Prat,BCN,LEBL,,,18:20,20:40,15:20,18:40,200,1070,1234567,2,2026-09-30T08:58:31.000Z
W43011,WMT,Bucharest Otopeni,OTP,LROP,Liverpool,LPL,EGGP,,,18:30,20:15,15:30,19:15,225,1246,2467,3,2026-09-29T21:01:02.000Z
W43113,WMT,Bucharest Otopeni,OTP,LROP,Copenhagen,CPH,EKCH,,,18:45,20:30,15:45,18:30,165,838,1234567,1,2026-09-30T08:58:35.000Z
W43027,WMT,Bucharest Otopeni,OTP,LROP,Larnaca,LCA,LCLK,,,19:05,21:20,16:05,18:20,135,677,2,1,2026-09-29T21:01:02.000Z
W43169,WMT,Bucharest Otopeni,OTP,LROP,Alghero (Sardinia),AHO,LIEA,,,19:10,20:50,16:10,18:50,160,820,134567,3,2026-09-30T08:58:30.000Z
W43259,WMT,Bucharest Otopeni,OTP,LROP,Malta,MLA,LMML,,,19:30,20:55,16:30,18:55,145,746,1234567,4,2026-09-30T08:58:35.000Z
W43007,WMT,Bucharest Otopeni,OTP,LROP,London Luton,LTN,EGGW,,,19:40,21:05,16:40,20:05,205,1138,1234567,1,2026-09-30T08:58:35.000Z
W43149,WMT,Bucharest Otopeni,OTP,LROP,Turin,TRN,LIMF,,,20:00,21:40,17:00,19:40,160,784,1357,1,2026-09-30T08:58:35.000Z
W43253,WMT,Bucharest Otopeni,OTP,LROP,Brindisi,BDS,LIBR,,,20:10,20:45,17:10,18:45,95,430,15,1,2026-09-28T20:00:03.000Z
W43047,WMT,Bucharest Otopeni,OTP,LROP,Athens,ATH,LGAV,,,20:20,21:55,17:20,18:55,95,410,1234567,6,2026-09-30T08:58:31.000Z
W43145,WMT,Bucharest Otopeni,OTP,LROP,Rome Fiumicino,FCO,LIRF,,,20:20,21:40,17:20,19:40,140,628,1234567,1,2026-09-30T08:58:35.000Z
W43261,WMT,Bucharest Otopeni,OTP,LROP,Cologne,CGN,EDDK,,,20:25,22:20,17:25,20:20,175,851,1357,1,2026-09-30T08:58:35.000Z
W43279,WMT,Bucharest Otopeni,OTP,LROP,Prague,PRG,LKPR,,,20:50,21:55,17:50,19:55,125,584,13457,3,2026-09-30T08:58:35.000Z
W43163,WMT,Bucharest Otopeni,OTP,LROP,Bologna,BLQ,LIPE,,,21:00,22:15,18:00,20:15,135,633,247,2,2026-09-29T21:00:54.000Z
W43055,WMT,Bucharest Otopeni,OTP,LROP,Heraklion (Crete),HER,LGIR,,,21:00,23:00,18:00,20:00,120,556,134567,6,2026-09-28T23:59:32.000Z
W63241,WZZ,Bucharest Otopeni,OTP,LROP,Yerevan,EVN,UDYZ,,,21:15,00:50,18:15,20:50,155,852,47,2,2026-09-28T01:59:01.000Z
W43079,WMT,Bucharest Otopeni,OTP,LROP,Santorini,JTR,LGSR,,,21:15,23:20,18:15,20:20,125,491,47,1,2026-09-17T22:00:27.000Z
W43067,WMT,Bucharest Otopeni,OTP,LROP,Heraklion (Crete),HER,LGIR,,,21:40,23:40,18:40,20:40,120,556,2,1,2026-09-29T22:59:57.000Z
W63027,WZZ,Bucharest Otopeni,OTP,LROP,Larnaca,LCA,LCLK,,,22:05,00:20,19:05,21:20,135,677,26,2,2026-09-19T23:00:17.000Z
W95392,WUK,Plovdiv,PDV,LBPD,London Luton,LTN,EGGW,,,12:10,13:45,09:10,12:45,215,1180,2456,1,2026-09-29T13:59:12.000Z
W67008,WZZ,Plovdiv,PDV,LBPD,Bratislava,BTS,LZIB,,,19:05,19:50,16:05,17:50,105,488,26,1,2026-09-29T21:00:54.000Z
W45076,WMT,Perugia,PEG,LIRZ,Tirana,TIA,LATI,,,12:05,13:30,10:05,11:30,85,336,1234567,4,2026-09-30T08:58:38.000Z
W61418,WZZ,Paphos,PFO,LCPH,Warsaw Modlin,WMI,EPMO,,,10:45,13:20,07:45,11:20,215,1179,246,1,2026-09-29T12:59:46.000Z
W62155,WZZ,Palanga – Klaipeda,PLQ,EYPA,Oslo Gardermoen,OSL,ENGM,,,11:20,11:55,08:20,09:55,95,405,26,2,2026-09-29T11:00:11.000Z
W95352,WUK,Palma de Mallorca,PMI,LEPA,London Luton,LTN,EGGW,,,15:55,17:30,13:55,16:30,155,751,1234567,1,2026-09-29T17:59:52.000Z
W45166,WMT,Palma de Mallorca,PMI,LEPA,Tirana,TIA,LATI,,,16:50,19:15,14:50,17:15,145,782,26,1,2026-09-12T19:00:37.000Z
W46910,WMT,Palma de Mallorca,PMI,LEPA,Naples,NAP,LIRN,,,17:20,19:10,15:20,17:10,110,535,2346,2,2026-09-05T18:59:51.000Z
W46232,WMT,Palma de Mallorca,PMI,LEPA,Rome Fiumicino,FCO,LIRF,,,17:25,19:10,15:25,17:10,105,454,1234567,1,2026-09-30T08:58:37.000Z
W43024,WMT,Palma de Mallorca,PMI,LEPA,Bucharest Otopeni,OTP,LROP,,,19:05,23:10,17:05,20:10,185,1080,2467,3,2026-09-29T22:01:02.000Z
W61328,WZZ,Palma de Mallorca,PMI,LEPA,Warsaw Chopin,WAW,EPWA,,,19:35,22:40,17:35,20:40,185,1069,246,1,2026-09-29T22:59:59.000Z
W64404,WZZ,Palma de Mallorca,PMI,LEPA,Sofia,SOF,LBSF,,,21:45,01:35,19:45,22:35,170,952,246,2,2026-09-30T00:00:23.000Z
W46322,WMT,Palma de Mallorca,PMI,LEPA,Milan Malpensa,MXP,LIMC,,,22:25,00:10,20:25,22:10,105,451,1234567,1,2026-09-06T01:00:03.000Z
W43420,WMT,Palma de Mallorca,PMI,LEPA,Cluj-Napoca,CLJ,LRCL,,,22:30,02:30,20:30,23:30,180,1011,36,1,2026-09-27T01:01:39.000Z
W61704,WZZ,Palma de Mallorca,PMI,LEPA,Gdansk,GDN,EPGD,,,22:35,01:35,20:35,23:35,180,1094,125,2,2026-09-29T17:59:50.000Z
W95354,WUK,Palma de Mallorca,PMI,LEPA,London Luton,LTN,EGGW,,,22:55,00:30,20:55,23:30,155,751,246,1,2026-09-30T01:00:30.000Z
W62384,WZZ,Palma de Mallorca,PMI,LEPA,Budapest,BUD,LHBP,,,23:05,01:45,21:05,23:45,160,859,1357,1,2026-09-29T04:00:04.000Z
W46032,WMT,Palma de Mallorca,PMI,LEPA,Rome Fiumicino,FCO,LIRF,,,23:25,01:10,21:25,23:10,105,454,1234567,2,2026-09-14T00:03:03.000Z
W46607,WMT,Palermo (Sicily),PMO,LICJ,Venice,VCE,LIPZ,,,06:00,07:40,04:00,05:40,100,441,1234567,1,2026-09-30T07:01:19.000Z
W46601,WMT,Palermo (Sicily),PMO,LICJ,Milan Malpensa,MXP,LIMC,,,06:15,08:05,04:15,06:05,110,488,1234567,1,2026-09-30T08:00:16.000Z
W46252,WMT,Palermo (Sicily),PMO,LICJ,Rome Fiumicino,FCO,LIRF,,,07:00,08:10,05:00,06:10,70,221,1234567,3,2026-09-30T08:00:16.000Z
W46603,WMT,Palermo (Sicily),PMO,LICJ,Milan Malpensa,MXP,LIMC,,,09:20,11:10,07:20,09:10,110,488,1357,1,2026-09-30T08:58:35.000Z
W64062,WZZ,Palermo (Sicily),PMO,LICJ,Belgrade,BEG,LYBE,,,09:25,11:10,07:25,09:10,105,514,246,1,2026-09-29T11:00:03.000Z
W46619,WMT,Palermo (Sicily),PMO,LICJ,Bologna,BLQ,LIPE,,,10:25,12:00,08:25,10:00,95,390,1234567,3,2026-09-30T08:58:33.000Z
W46651,WMT,Palermo (Sicily),PMO,LICJ,Dortmund,DTM,EDLW,,,10:35,13:10,08:35,11:10,155,834,246,2,2026-09-29T12:59:40.000Z
W46655,WMT,Palermo (Sicily),PMO,LICJ,Prague,PRG,LKPR,,,10:50,13:05,08:50,11:05,135,718,1357,4,2026-09-30T08:58:35.000Z
W46611,WMT,Palermo (Sicily),PMO,LICJ,Turin,TRN,LIMF,,,11:15,13:05,09:15,11:05,110,487,1234567,1,2026-09-30T08:58:35.000Z
W64314,WZZ,Palermo (Sicily),PMO,LICJ,Sofia,SOF,LBSF,,,12:55,15:45,10:55,12:45,110,544,1246,3,2026-09-29T14:59:41.000Z
W46609,WMT,Palermo (Sicily),PMO,LICJ,Venice,VCE,LIPZ,,,15:05,16:40,13:05,14:40,95,441,135,3,2026-09-30T08:58:35.000Z
W46621,WMT,Palermo (Sicily),PMO,LICJ,Bologna,BLQ,LIPE,,,15:10,16:45,13:10,14:45,95,390,2467,2,2026-09-29T16:59:35.000Z
W46641,WMT,Palermo (Sicily),PMO,LICJ,Sharm El Sheikh,SSH,HESH,,,16:25,20:40,14:25,17:40,195,1230,12457,2,2026-09-29T18:58:52.000Z
W46639,WMT,Palermo (Sicily),PMO,LICJ,Tel-Aviv,TLV,LLBG,,,16:25,20:40,14:25,17:40,195,1130,136,1,2026-09-30T08:58:33.000Z
W46254,WMT,Palermo (Sicily),PMO,LICJ,Rome Fiumicino,FCO,LIRF,,,17:05,18:15,15:05,16:15,70,221,1234567,4,2026-09-30T08:58:35.000Z
W61406,WZZ,Palermo (Sicily),PMO,LICJ,Warsaw Modlin,WMI,EPMO,,,17:55,20:40,15:55,18:40,165,913,2467,3,2026-09-29T20:00:31.000Z
W46643,WMT,Palermo (Sicily),PMO,LICJ,Marrakesh,RAK,GMMX,,,18:00,19:30,16:00,19:30,210,1110,135,2,2026-09-30T08:58:35.000Z
W46605,WMT,Palermo (Sicily),PMO,LICJ,Milan Malpensa,MXP,LIMC,,,19:35,21:25,17:35,19:25,110,488,1234567,3,2026-09-30T08:58:35.000Z
W46663,WMT,Palermo (Sicily),PMO,LICJ,Barcelona El Prat,BCN,LEBL,,,20:40,22:35,18:40,20:35,115,541,2467,2,2026-09-30T00:00:16.000Z
W64776,WZZ,Palermo (Sicily),PMO,LICJ,Skopje,SKP,LWSK,,,21:10,22:50,19:10,20:50,100,453,135,3,2026-09-11T22:59:16.000Z
W67014,WZZ,Palermo (Sicily),PMO,LICJ,Bratislava,BTS,LZIB,,,21:40,23:45,19:40,21:45,125,626,2467,1,2026-09-30T00:00:18.000Z
W46256,WMT,Palermo (Sicily),PMO,LICJ,Rome Fiumicino,FCO,LIRF,,,21:45,22:55,19:45,20:55,70,221,1234567,4,2026-09-29T22:59:58.000Z
W46613,WMT,Palermo (Sicily),PMO,LICJ,Turin,TRN,LIMF,,,21:45,23:35,19:45,21:35,110,487,1234567,2,2026-09-29T22:59:59.000Z
W67942,WZZ,Poznan,POZ,EPPO,Kutaisi,KUT,UGKO,,,08:15,13:50,06:15,09:50,215,1203,246,1,2026-09-29T11:00:09.000Z
W67632,WZZ,Poznan,POZ,EPPO,Podgorica,TGD,LYPG,,,08:35,10:35,06:35,08:35,120,612,47,1,2026-09-17T10:00:53.000Z
W62161,WZZ,Poznan,POZ,EPPO,Basel-Mulhouse-Freiburg,BSL,LFSB,,,11:05,12:45,09:05,10:45,100,460,135,1,2026-09-28T10:59:42.000Z
W95390,WUK,Poznan,POZ,EPPO,London Luton,LTN,EGGW,,,11:40,12:55,09:40,11:55,135,633,1234567,1,2026-09-30T08:58:37.000Z
W45176,WMT,Poznan,POZ,EPPO,Tirana,TIA,LATI,,,22:35,00:40,20:35,22:40,125,671,15,1,2026-09-11T23:59:58.000Z
W67924,WZZ,Prague,PRG,LKPR,Kutaisi,KUT,UGKO,,,08:40,14:15,06:40,10:15,215,1257,246,1,2026-09-29T12:59:44.000Z
W64450,WZZ,Prague,PRG,LKPR,Sofia,SOF,LBSF,,,08:45,11:40,06:45,08:40,115,583,1234567,4,2026-09-30T08:58:38.000Z
W46534,WMT,Prague,PRG,LKPR,Catania (Sicily),CTA,LICC,,,09:25,11:50,07:25,09:50,145,759,26,1,2026-09-29T12:59:39.000Z
W46136,WMT,Prague,PRG,LKPR,Rome Fiumicino,FCO,LIRF,,,09:25,11:25,07:25,09:25,120,505,1234567,1,2026-09-29T11:00:09.000Z
W65138,WZZ,Prague,PRG,LKPR,Tirana,TIA,LATI,,,11:30,13:30,09:30,11:30,120,569,2,1,2026-09-01T13:02:01.000Z
W46656,WMT,Prague,PRG,LKPR,Palermo (Sicily),PMO,LICJ,,,13:40,16:05,11:40,14:05,145,718,1357,4,2026-09-30T08:58:35.000Z
W43706,WMT,Prague,PRG,LKPR,Iasi,IAS,LRIA,,,14:55,17:45,12:55,14:45,110,557,246,2,2026-09-29T15:59:40.000Z
W46066,WMT,Prague,PRG,LKPR,Rome Fiumicino,FCO,LIRF,,,15:10,17:10,13:10,15:10,120,505,135,1,2026-09-30T08:58:37.000Z
W64458,WZZ,Prague,PRG,LKPR,Sofia,SOF,LBSF,,,15:25,18:20,13:25,15:20,115,583,7,1,2026-09-27T16:59:00.000Z
W64748,WZZ,Prague,PRG,LKPR,Skopje,SKP,LWSK,,,15:35,17:35,13:35,15:35,120,577,1356,3,2026-09-30T08:58:38.000Z
W92601,WUK,Prague,PRG,LKPR,London Luton,LTN,EGGW,,,17:20,18:25,15:20,17:25,125,562,1234567,1,2026-09-30T08:58:37.000Z
W95776,WUK,Prague,PRG,LKPR,London Gatwick,LGW,EGKK,,,17:35,18:45,15:35,17:45,130,553,134567,3,2026-09-30T08:58:37.000Z
W45138,WMT,Prague,PRG,LKPR,Tirana,TIA,LATI,,,18:05,20:00,16:05,18:00,115,569,13457,2,2026-09-30T08:58:38.000Z
W67860,WZZ,Prague,PRG,LKPR,Yerevan,EVN,UDYZ,,,20:20,02:05,18:20,22:05,225,1397,135,1,2026-09-30T08:58:38.000Z
W43960,WMT,Prague,PRG,LKPR,Chisinau,RMO,LUKK,,,20:20,23:15,18:20,20:15,115,613,357,1,2026-08-30T22:00:25.000Z
W64600,WZZ,Prague,PRG,LKPR,Larnaca,LCA,LCLK,,,21:10,01:35,19:10,22:35,205,1246,12467,2,2026-09-30T00:00:20.000Z
W61972,WZZ,Prague,PRG,LKPR,Vilnius,VNO,EYVI,,,21:20,23:55,19:20,20:55,95,486,246,3,2026-09-29T22:01:07.000Z
W43566,WMT,Prague,PRG,LKPR,Timisoara,TSR,LRTR,,,21:55,00:25,19:55,21:25,90,384,26,2,2026-09-15T22:59:21.000Z
W43280,WMT,Prague,PRG,LKPR,Bucharest Otopeni,OTP,LROP,,,22:40,01:35,20:40,22:35,115,584,13457,2,2026-09-28T23:59:32.000Z
W46448,WMT,Prishtina,PRN,BKPR,Milan Malpensa,MXP,LIMC,,,07:40,09:45,05:40,07:45,125,561,1357,1,2026-09-28T09:00:43.000Z
W67046,WZZ,Prishtina,PRN,BKPR,Bratislava,BTS,LZIB,,,08:25,10:00,06:25,08:00,95,373,2467,1,2026-09-29T10:00:27.000Z
W64789,WZZ,Prishtina,PRN,BKPR,Memmingen / Munich West,FMM,EDJA,,,12:15,14:15,10:15,12:15,120,559,1234567,1,2026-09-30T08:58:30.000Z
W64785,WZZ,Prishtina,PRN,BKPR,Dortmund,DTM,EDLW,,,12:55,15:30,10:55,13:30,155,766,246,1,2026-09-29T14:59:36.000Z
W46104,WMT,Prishtina,PRN,BKPR,Rome Fiumicino,FCO,LIRF,,,22:30,00:20,20:30,22:20,110,393,26,1,2026-09-30T00:00:21.000Z
W95472,WUK,Prishtina,PRN,BKPR,London Luton,LTN,EGGW,,,23:55,02:15,21:55,01:15,200,1030,1234567,2,2026-09-29T03:00:59.000Z
W43158,WMT,Pisa (Tuscany),PSA,LIRP,Bucharest Otopeni,OTP,LROP,,,08:50,12:05,06:50,09:05,135,678,124567,2,2026-09-29T11:00:07.000Z
W45030,WMT,Pisa (Tuscany),PSA,LIRP,Tirana,TIA,LATI,,,12:50,14:30,10:50,12:30,100,434,1234567,1,2026-09-30T08:58:38.000Z
W64064,WZZ,Pisa (Tuscany),PSA,LIRP,Belgrade,BEG,LYBE,,,18:05,19:40,16:05,17:40,95,432,26,1,2026-09-19T18:59:40.000Z
W43728,WMT,Pisa (Tuscany),PSA,LIRP,Iasi,IAS,LRIA,,,19:30,22:50,17:30,19:50,140,754,47,2,2026-09-27T21:59:59.000Z
W45032,WMT,Pisa (Tuscany),PSA,LIRP,Tirana,TIA,LATI,,,19:45,21:25,17:45,19:25,100,434,1234567,2,2026-09-29T20:58:49.000Z
W61468,WZZ,Pisa (Tuscany),PSA,LIRP,Warsaw Chopin,WAW,EPWA,,,21:00,23:10,19:00,21:10,130,662,246,1,2026-09-29T22:59:59.000Z
W43252,WMT,Pescara,PSR,LIBP,Bucharest Otopeni,OTP,LROP,,,14:40,17:30,12:40,14:30,110,534,246,2,2026-09-29T15:59:40.000Z
W45086,WMT,Pescara,PSR,LIBP,Tirana,TIA,LATI,,,15:10,16:20,13:10,14:20,70,255,1234567,2,2026-09-30T08:58:29.000Z
W45186,WMT,Pescara,PSR,LIBP,Tirana,TIA,LATI,,,23:55,01:05,21:55,23:05,70,255,26,1,2026-09-23T00:58:58.000Z
W46490,WMT,Marrakesh,RAK,GMMX,Milan Malpensa,MXP,LIMC,,,07:05,12:30,07:05,10:30,205,1148,1235,2,2026-09-30T08:58:38.000Z
W43272,WMT,Marrakesh,RAK,GMMX,Bucharest Otopeni,OTP,LROP,,,15:45,23:30,15:45,20:30,285,1774,47,1,2026-09-27T22:00:00.000Z
W62460,WZZ,Marrakesh,RAK,GMMX,Budapest,BUD,LHBP,,,19:00,01:10,19:00,23:10,250,1568,246,3,2026-09-30T01:00:26.000Z
W46644,WMT,Marrakesh,RAK,GMMX,Palermo (Sicily),PMO,LICJ,,,20:00,01:15,20:00,23:15,195,1110,135,3,2026-09-29T00:59:24.000Z
W62175,WZZ,Warsaw Radom,RDO,EPRA,Bourgas (Black Sea),BOJ,LBBG,,,12:00,14:55,10:00,11:55,115,589,26,1,2026-09-12T14:59:31.000Z
W64641,WZZ,Warsaw Radom,RDO,EPRA,Larnaca,LCA,LCLK,,,14:50,19:05,12:50,16:05,195,1127,125,3,2026-09-28T17:59:15.000Z
W45180,WMT,Warsaw Radom,RDO,EPRA,Tirana,TIA,LATI,,,21:45,23:45,19:45,21:45,120,602,47,2,2026-09-10T22:59:01.000Z
W64310,WZZ,Rhodes,RHO,LGRP,Sofia,SOF,LBSF,,,09:15,11:05,06:15,08:05,110,435,1345,1,2026-09-30T08:58:38.000Z
W62024,WZZ,Rhodes,RHO,LGRP,Kraków,KRK,EPKK,,,09:50,11:40,06:50,09:40,170,896,246,2,2026-09-29T11:00:08.000Z
W67848,WZZ,Rhodes,RHO,LGRP,Yerevan,EVN,UDYZ,,,14:35,18:00,11:35,14:00,145,800,47,2,2026-09-27T18:59:48.000Z
W43998,WMT,Rhodes,RHO,LGRP,Chisinau,RMO,LUKK,,,15:35,17:40,12:35,14:40,125,633,15,1,2026-08-31T05:18:59.000Z
W46152,WMT,Rhodes,RHO,LGRP,Rome Fiumicino,FCO,LIRF,,,16:20,18:00,13:20,16:00,160,804,1357,1,2026-09-04T17:59:53.000Z
W62450,WZZ,Rhodes,RHO,LGRP,Budapest,BUD,LHBP,,,17:00,18:25,14:00,16:25,145,769,246,2,2026-09-19T18:01:29.000Z
W61326,WZZ,Rhodes,RHO,LGRP,Warsaw Chopin,WAW,EPWA,,,20:40,22:40,17:40,20:40,180,993,1457,1,2026-09-28T21:58:43.000Z
W95488,WUK,Rhodes,RHO,LGRP,London Luton,LTN,EGGW,,,21:50,00:10,18:50,23:10,260,1522,37,1,2026-09-30T08:58:38.000Z
W62172,WZZ,Rijeka,RJK,LDRI,Lublin,LUZ,EPLB,,,09:00,10:40,07:00,08:40,100,486,26,1,2026-09-19T10:00:42.000Z
W61258,WZZ,Rijeka,RJK,LDRI,Katowice,KTW,EPKT,,,13:30,14:55,11:30,12:55,85,364,246,2,2026-09-29T13:59:11.000Z
W61738,WZZ,Rijeka,RJK,LDRI,Gdansk,GDN,EPGD,,,13:35,15:30,11:35,13:30,115,570,26,1,2026-09-19T14:59:39.000Z
W46180,WMT,Marsa Alam,RMF,HEMA,Rome Fiumicino,FCO,LIRF,,,11:45,15:05,08:45,13:05,260,1474,124567,4,2026-09-29T14:59:39.000Z
W46360,WMT,Marsa Alam,RMF,HEMA,Milan Malpensa,MXP,LIMC,,,12:35,16:25,09:35,14:25,290,1731,15,2,2026-09-28T15:58:52.000Z
W61056,WZZ,Rimini,RMI,LIPR,Katowice,KTW,EPKT,,,12:55,14:40,10:55,12:40,105,468,135,2,2026-09-18T13:58:56.000Z
W64446,WZZ,Rimini,RMI,LIPR,Sofia,SOF,LBSF,,,13:10,15:55,11:10,12:55,105,478,1246,2,2026-09-29T13:59:14.000Z
W62370,WZZ,Rimini,RMI,LIPR,Budapest,BUD,LHBP,,,13:25,14:50,11:25,12:50,85,346,13567,4,2026-09-19T14:59:36.000Z
W45082,WMT,Rimini,RMI,LIPR,Tirana,TIA,LATI,,,13:25,14:50,11:25,12:50,85,350,1234567,1,2026-09-30T08:58:35.000Z
W61430,WZZ,Rimini,RMI,LIPR,Warsaw Modlin,WMI,EPMO,,,21:10,23:10,19:10,21:10,120,599,1357,1,2026-09-28T22:59:41.000Z
W93933,WUK,Chisinau,RMO,LUKK,London Luton,LTN,EGGW,,,01:25,03:00,22:25,02:00,215,1174,167,1,2026-08-31T03:59:35.000Z
W43969,WMT,Chisinau,RMO,LUKK,Hamburg,HAM,EDDH,,,05:30,07:10,02:30,05:10,160,827,15,1,2026-08-31T05:19:01.000Z
W43943,WMT,Chisinau,RMO,LUKK,Dortmund,DTM,EDLW,,,05:45,07:35,02:45,05:35,170,877,15,1,2026-08-31T05:18:59.000Z
W43993,WMT,Chisinau,RMO,LUKK,Copenhagen,CPH,EKCH,,,06:00,07:35,03:00,05:35,155,800,15,1,2026-08-31T05:18:59.000Z
W43949,WMT,Chisinau,RMO,LUKK,Paris Beauvais,BVA,LFOB,,,06:30,08:45,03:30,06:45,195,1078,14567,1,2026-08-31T05:18:57.000Z
W43040,WMT,Chisinau,RMO,LUKK,Bucharest Otopeni,OTP,LROP,,,07:50,08:55,04:50,05:55,65,185,14567,1,2026-08-31T05:18:57.000Z
W43963,WMT,Chisinau,RMO,LUKK,Rome Fiumicino,FCO,LIRF,,,09:35,11:15,06:35,09:15,160,777,14567,2,2026-08-31T05:18:57.000Z
W43935,WMT,Chisinau,RMO,LUKK,Milan Malpensa,MXP,LIMC,,,09:35,11:20,06:35,09:20,165,840,17,2,2026-08-31T05:18:57.000Z
W43937,WMT,Chisinau,RMO,LUKK,Barcelona El Prat,BCN,LEBL,,,12:05,14:40,09:05,12:40,215,1199,7,1,2026-08-30T13:59:43.000Z
W95482,WUK,Chisinau,RMO,LUKK,London Luton,LTN,EGGW,,,12:10,13:45,09:10,12:45,215,1174,157,2,2026-08-31T05:18:57.000Z
W43945,WMT,Chisinau,RMO,LUKK,Memmingen / Munich West,FMM,EDJA,,,12:30,13:55,09:30,11:55,145,760,15,1,2026-08-31T05:18:52.000Z
W43997,WMT,Chisinau,RMO,LUKK,Rhodes,RHO,LGRP,,,12:55,15:00,09:55,12:00,125,633,15,1,2026-08-31T05:18:57.000Z
W43975,WMT,Chisinau,RMO,LUKK,Berlin Brandenburg,BER,EDDB,,,13:00,14:20,10:00,12:20,140,681,1457,1,2026-08-31T05:18:57.000Z
W43925,WMT,Chisinau,RMO,LUKK,Bologna,BLQ,LIPE,,,13:05,14:20,10:05,12:20,135,752,7,1,2026-08-30T13:59:44.000Z
W43995,WMT,Chisinau,RMO,LUKK,Bratislava,BTS,LZIB,,,14:25,15:30,11:25,13:30,125,480,15,1,2026-08-31T05:18:57.000Z
W43979,WMT,Chisinau,RMO,LUKK,Wroclaw,WRO,EPWR,,,14:25,15:20,11:25,13:20,115,536,47,1,2026-08-30T15:02:01.000Z
W43959,WMT,Chisinau,RMO,LUKK,Prague,PRG,LKPR,,,18:40,19:45,15:40,17:45,125,613,157,1,2026-08-31T05:18:57.000Z
W43957,WMT,Chisinau,RMO,LUKK,Larnaca,LCA,LCLK,,,18:45,21:15,15:45,18:15,150,754,1,1,2026-08-31T05:18:57.000Z
W46722,WMT,Chisinau,RMO,LUKK,Venice,VCE,LIPZ,,,19:20,20:40,16:20,18:40,140,693,147,2,2026-08-31T05:18:57.000Z
W43931,WMT,Chisinau,RMO,LUKK,Milan Bergamo,BGY,LIME,,,19:50,21:25,16:50,19:25,155,799,7,1,2026-08-30T21:00:16.000Z
W43973,WMT,Chisinau,RMO,LUKK,Nuremberg,NUE,EDDN,,,20:55,22:15,17:55,20:15,140,729,7,1,2026-08-30T22:00:29.000Z
W46068,WMT,Rzeszów,RZE,EPRZ,Rome Fiumicino,FCO,LIRF,,,08:35,10:55,06:35,08:55,140,643,26,1,2026-09-29T10:00:33.000Z
W67634,WZZ,Rzeszów,RZE,EPRZ,Podgorica,TGD,LYPG,,,13:35,15:20,11:35,13:20,105,479,135,1,2026-09-18T14:59:34.000Z
W43817,WMT,Sibiu,SBZ,LRSB,Dortmund,DTM,EDLW,,,05:45,07:05,02:45,05:05,140,736,2467,3,2026-09-29T07:00:54.000Z
W43813,WMT,Sibiu,SBZ,LRSB,Memmingen / Munich West,FMM,EDJA,,,06:45,07:40,03:45,05:40,115,583,1357,1,2026-09-30T07:01:11.000Z
W43827,WMT,Sibiu,SBZ,LRSB,Rome Fiumicino,FCO,LIRF,,,11:40,12:45,08:40,10:45,125,565,26,2,2026-09-29T12:00:47.000Z
W43815,WMT,Sibiu,SBZ,LRSB,Karlsruhe/Baden-Baden,FKB,EDSB,,,11:40,12:55,08:40,10:55,135,675,37,2,2026-09-30T08:58:36.000Z
W43819,WMT,Sibiu,SBZ,LRSB,Nuremberg,NUE,EDDN,,,11:45,12:40,08:45,10:40,115,571,15,1,2026-09-28T11:59:08.000Z
W43801,WMT,Sibiu,SBZ,LRSB,London Luton,LTN,EGGW,,,17:10,18:20,14:10,17:20,190,1027,13457,4,2026-09-30T08:58:37.000Z
W43825,WMT,Sibiu,SBZ,LRSB,Madrid,MAD,LEMD,,,17:15,20:10,14:15,18:10,235,1246,26,1,2026-09-29T20:00:26.000Z
W43645,WMT,Suceava,SCV,LRSV,London Luton,LTN,EGGW,,,05:30,06:50,02:30,05:50,200,1060,1234567,1,2026-09-30T07:01:17.000Z
W44568,WMT,Suceava,SCV,LRSV,Larnaca,LCA,LCLK,,,05:40,08:15,02:40,05:15,155,835,47,2,2026-09-27T06:59:09.000Z
W44692,WMT,Suceava,SCV,LRSV,Dortmund,DTM,EDLW,,,05:45,07:20,02:45,05:20,155,762,1357,2,2026-09-30T08:58:34.000Z
W43623,WMT,Suceava,SCV,LRSV,Brussels Charleroi,CRL,EBCI,,,05:55,07:35,02:55,05:35,160,874,2346,2,2026-09-30T07:01:12.000Z
W46386,WMT,Suceava,SCV,LRSV,Milan Malpensa,MXP,LIMC,,,08:55,10:25,05:55,08:25,150,735,23467,2,2026-09-30T08:58:38.000Z
W43611,WMT,Suceava,SCV,LRSV,Rome Fiumicino,FCO,LIRF,,,09:20,10:45,06:20,08:45,145,696,134567,2,2026-09-30T08:58:37.000Z
W43619,WMT,Suceava,SCV,LRSV,Karlsruhe/Baden-Baden,FKB,EDSB,,,12:15,13:40,09:15,11:40,145,732,135,2,2026-09-28T12:59:02.000Z
W43617,WMT,Suceava,SCV,LRSV,Memmingen / Munich West,FMM,EDJA,,,12:50,14:00,09:50,12:00,130,649,246,3,2026-09-29T14:01:32.000Z
W43607,WMT,Suceava,SCV,LRSV,Milan Bergamo,BGY,LIME,,,13:25,14:45,10:25,12:45,140,695,13457,2,2026-09-30T08:58:36.000Z
W43641,WMT,Suceava,SCV,LRSV,Venice Treviso,TSF,LIPH,,,13:30,14:35,10:30,12:35,125,595,246,1,2026-09-29T13:59:14.000Z
W43633,WMT,Suceava,SCV,LRSV,Birmingham,BHX,EGBB,,,18:30,19:50,15:30,18:50,200,1112,246,1,2026-09-29T20:00:23.000Z
W43647,WMT,Suceava,SCV,LRSV,London Luton,LTN,EGGW,,,18:30,19:50,15:30,18:50,200,1060,1357,1,2026-09-30T08:58:37.000Z
W43613,WMT,Suceava,SCV,LRSV,Bologna,BLQ,LIPE,,,18:45,19:55,15:45,17:55,130,654,246,1,2026-09-29T19:00:52.000Z
W64420,WZZ,Santander,SDR,LEXJ,Sofia,SOF,LBSF,,,09:05,13:25,07:05,10:25,200,1190,26,1,2026-09-29T12:00:50.000Z
W43194,WMT,Santander,SDR,LEXJ,Bucharest Otopeni,OTP,LROP,,,09:35,14:05,07:35,11:05,210,1287,135,2,2026-09-30T08:58:38.000Z
W46358,WMT,Santander,SDR,LEXJ,Milan Malpensa,MXP,LIMC,,,14:20,16:15,12:20,14:15,115,553,26,1,2026-09-29T15:59:42.000Z
W45160,WMT,Santander,SDR,LEXJ,Tirana,TIA,LATI,,,21:10,00:10,19:10,22:10,180,1047,47,1,2026-09-28T01:00:33.000Z
W95476,WUK,Sarajevo,SJJ,LQSA,London Luton,LTN,EGGW,,,11:15,13:10,09:15,12:10,175,891,26,2,2026-09-29T13:59:12.000Z
W46160,WMT,Sarajevo,SJJ,LQSA,Rome Fiumicino,FCO,LIRF,,,18:05,19:35,16:05,17:35,90,294,2467,4,2026-09-29T19:00:56.000Z
W64632,WZZ,Thessaloniki,SKG,LGTS,Larnaca,LCA,LCLK,,,12:30,14:30,09:30,11:30,120,608,1234567,6,2026-09-30T08:58:37.000Z
W62448,WZZ,Thessaloniki,SKG,LGTS,Budapest,BUD,LHBP,,,16:25,17:05,13:25,15:05,100,445,1356,3,2026-09-30T08:58:33.000Z
W67904,WZZ,Thessaloniki,SKG,LGTS,Kutaisi,KUT,UGKO,,,21:20,00:55,18:20,20:55,155,883,1357,1,2026-09-30T08:58:39.000Z
W64721,WZZ,Skopje,SKP,LWSK,Dortmund,DTM,EDLW,,,05:30,08:05,03:30,06:05,155,811,1234567,1,2026-09-30T08:00:10.000Z
W64809,WZZ,Skopje,SKP,LWSK,Stockholm Arlanda,ARN,ESSA,,,05:45,09:00,03:45,07:00,195,1071,1357,3,2026-09-30T08:58:38.000Z
W64711,WZZ,Skopje,SKP,LWSK,Malmo,MMX,ESMS,,,05:45,08:25,03:45,06:25,160,877,1234567,4,2026-09-30T08:00:15.000Z
W64717,WZZ,Skopje,SKP,LWSK,Brussels Charleroi,CRL,EBCI,,,06:00,08:45,04:00,06:45,165,874,13457,2,2026-09-30T08:00:08.000Z
W64749,WZZ,Skopje,SKP,LWSK,Hamburg,HAM,EDDH,,,06:00,08:40,04:00,06:40,160,841,123467,4,2026-09-30T08:58:36.000Z
W64739,WZZ,Skopje,SKP,LWSK,Berlin Brandenburg,BER,EDDB,,,06:15,08:30,04:15,06:30,135,706,1234567,3,2026-09-30T08:00:09.000Z
W64743,WZZ,Skopje,SKP,LWSK,Stuttgart,STR,EDDS,,,06:15,08:35,04:15,06:35,140,660,246,1,2026-09-29T07:59:20.000Z
W64727,WZZ,Skopje,SKP,LWSK,Memmingen / Munich West,FMM,EDJA,,,07:00,08:55,05:00,06:55,115,603,1234567,1,2026-09-30T08:00:06.000Z
W64783,WZZ,Skopje,SKP,LWSK,Ljubljana,LJU,LJLJ,,,11:50,13:20,09:50,11:20,90,401,23467,3,2026-09-30T08:58:37.000Z
W62230,WZZ,Skopje,SKP,LWSK,Budapest,BUD,LHBP,,,11:55,13:20,09:55,11:20,85,344,135,1,2026-09-28T13:01:43.000Z
W64761,WZZ,Skopje,SKP,LWSK,Bratislava,BTS,LZIB,,,12:10,13:40,10:10,11:40,90,417,1357,3,2026-09-30T08:58:33.000Z
W64719,WZZ,Skopje,SKP,LWSK,Paris Beauvais,BVA,LFOB,,,12:10,15:10,10:10,13:10,180,930,246,1,2026-09-26T15:00:53.000Z
W64715,WZZ,Skopje,SKP,LWSK,Eindhoven,EIN,EHEH,,,12:25,15:15,10:25,13:15,170,875,135,1,2026-09-30T08:58:34.000Z
W64747,WZZ,Skopje,SKP,LWSK,Prague,PRG,LKPR,,,12:45,15:00,10:45,13:00,135,577,1356,4,2026-09-30T08:58:38.000Z
W64725,WZZ,Skopje,SKP,LWSK,Friedrichshafen,FDH,EDNY,,,12:50,15:00,10:50,13:00,130,618,2467,3,2026-09-29T14:59:36.000Z
W64763,WZZ,Skopje,SKP,LWSK,Karlsruhe/Baden-Baden,FKB,EDSB,,,13:00,15:25,11:00,13:25,145,701,2467,2,2026-09-29T14:59:37.000Z
W64751,WZZ,Skopje,SKP,LWSK,Venice Treviso,TSF,LIPH,,,13:00,14:45,11:00,12:45,105,464,37,2,2026-09-30T08:58:38.000Z
W64723,WZZ,Skopje,SKP,LWSK,Dortmund,DTM,EDLW,,,13:25,16:00,11:25,14:00,155,811,246,2,2026-09-26T16:01:18.000Z
W64735,WZZ,Skopje,SKP,LWSK,Nuremberg,NUE,EDDN,,,13:45,15:50,11:45,13:50,125,632,135,2,2026-09-30T08:58:38.000Z
W64757,WZZ,Skopje,SKP,LWSK,Rome Fiumicino,FCO,LIRF,,,16:10,17:55,14:10,15:55,105,419,2467,3,2026-09-29T16:59:39.000Z
W64817,WZZ,Skopje,SKP,LWSK,Naples,NAP,LIRN,,,16:30,18:10,14:30,16:10,100,336,135,1,2026-09-30T08:58:38.000Z
W64815,WZZ,Skopje,SKP,LWSK,Madrid,MAD,LEMD,,,16:50,20:40,14:50,18:40,230,1137,135,1,2026-09-30T08:58:32.000Z
W64705,WZZ,Skopje,SKP,LWSK,Oslo Sandefjord Torp,TRF,ENTO,,,17:00,20:15,15:00,18:15,195,1118,246,2,2026-09-29T20:00:30.000Z
W64807,WZZ,Skopje,SKP,LWSK,Memmingen / Munich West,FMM,EDJA,,,17:20,19:25,15:20,17:25,125,603,45,2,2026-09-25T20:00:19.000Z
W64737,WZZ,Skopje,SKP,LWSK,Barcelona El Prat,BCN,LEBL,,,18:00,20:50,16:00,18:50,170,876,246,1,2026-09-29T20:00:22.000Z
W64775,WZZ,Skopje,SKP,LWSK,Palermo (Sicily),PMO,LICJ,,,18:30,20:25,16:30,18:25,115,453,135,3,2026-09-11T21:00:30.000Z
W64773,WZZ,Skopje,SKP,LWSK,Milan Bergamo,BGY,LIME,,,18:50,20:50,16:50,18:50,120,561,2467,3,2026-09-29T20:00:25.000Z
W64767,WZZ,Skopje,SKP,LWSK,Larnaca,LCA,LCLK,,,18:55,22:05,16:55,19:05,130,706,15,2,2026-09-28T22:59:39.000Z
W64781,WZZ,Skopje,SKP,LWSK,Cologne,CGN,EDDK,,,19:05,21:45,17:05,19:45,160,801,1357,3,2026-09-30T08:58:38.000Z
W64709,WZZ,Skopje,SKP,LWSK,Gothenburg Landvetter,GOT,ESGG,,,19:05,22:05,17:05,20:05,180,1008,2467,3,2026-09-27T20:00:08.000Z
W64799,WZZ,Skopje,SKP,LWSK,Bologna,BLQ,LIPE,,,19:10,20:55,17:10,18:55,105,477,15,2,2026-09-28T20:00:02.000Z
W64729,WZZ,Skopje,SKP,LWSK,Frankfurt Hahn,HHN,EDFH,,,19:20,21:55,17:20,19:55,155,765,123467,2,2026-09-29T21:00:56.000Z
W64777,WZZ,Skopje,SKP,LWSK,Alghero (Sardinia),AHO,LIEA,,,19:35,21:40,17:35,19:40,125,606,26,2,2026-09-12T20:59:34.000Z
W64765,WZZ,Skopje,SKP,LWSK,Malta,MLA,LMML,,,20:50,22:35,18:50,20:35,105,495,1357,2,2026-09-30T08:58:38.000Z
W64811,WZZ,Skopje,SKP,LWSK,Bari,BRI,LIBD,,,20:55,22:05,18:55,20:05,70,224,2456,2,2026-09-29T22:00:59.000Z
W94701,WUK,Skopje,SKP,LWSK,London Luton,LTN,EGGW,,,23:30,01:50,21:30,00:50,200,1074,1357,1,2026-09-29T01:58:25.000Z
W64411,WZZ,Sofia,SOF,LBSF,Malaga,AGP,LEMG,,,05:45,08:40,02:45,06:40,235,1333,2467,3,2026-09-29T19:00:56.000Z
W64327,WZZ,Sofia,SOF,LBSF,Brussels Charleroi,CRL,EBCI,,,05:45,07:35,02:45,05:35,170,907,1357,2,2026-09-28T07:02:29.000Z
W64427,WZZ,Sofia,SOF,LBSF,Tel-Aviv,TLV,LLBG,,,05:45,08:15,02:45,05:15,150,842,1234567,1,2026-09-30T07:01:12.000Z
W64419,WZZ,Sofia,SOF,LBSF,Santander,SDR,LEXJ,,,05:45,08:30,02:45,06:30,225,1190,26,1,2026-09-29T07:59:20.000Z
W64339,WZZ,Sofia,SOF,LBSF,Memmingen / Munich West,FMM,EDJA,,,06:00,07:10,03:00,05:10,130,639,1357,1,2026-09-30T07:01:11.000Z
W64301,WZZ,Sofia,SOF,LBSF,London Luton,LTN,EGGW,,,06:00,07:15,03:00,06:15,195,1107,1234567,1,2026-09-30T08:00:16.000Z
W64335,WZZ,Sofia,SOF,LBSF,Stuttgart,STR,EDDS,,,06:00,07:20,03:00,05:20,140,694,246,1,2026-09-29T06:58:41.000Z
W64331,WZZ,Sofia,SOF,LBSF,Dortmund,DTM,EDLW,,,06:15,07:55,03:15,05:55,160,832,1234567,1,2026-09-30T07:01:14.000Z
W64351,WZZ,Sofia,SOF,LBSF,Milan Bergamo,BGY,LIME,,,06:30,07:35,03:30,05:35,125,616,1234567,1,2026-09-30T07:01:15.000Z
W64461,WZZ,Sofia,SOF,LBSF,Barcelona El Prat,BCN,LEBL,,,07:00,09:10,04:00,07:10,190,953,4,1,2026-09-03T09:00:35.000Z
W64391,WZZ,Sofia,SOF,LBSF,Tirana,TIA,LATI,,,07:00,07:05,04:00,05:05,65,182,246,3,2026-09-05T06:59:29.000Z
W64309,WZZ,Sofia,SOF,LBSF,Rhodes,RHO,LGRP,,,07:00,08:40,04:00,05:40,100,435,1345,1,2026-09-30T07:01:18.000Z
W64415,WZZ,Sofia,SOF,LBSF,Nice,NCE,LFMN,,,07:10,08:35,04:10,06:35,145,711,134567,3,2026-09-30T08:00:16.000Z
W64449,WZZ,Sofia,SOF,LBSF,Prague,PRG,LKPR,,,07:10,08:10,04:10,06:10,120,583,1234567,4,2026-09-30T08:58:38.000Z
W64313,WZZ,Sofia,SOF,LBSF,Palermo (Sicily),PMO,LICJ,,,11:25,12:20,08:25,10:20,115,544,1246,3,2026-09-29T12:00:44.000Z
W64349,WZZ,Sofia,SOF,LBSF,Budapest,BUD,LHBP,,,11:40,12:05,08:40,10:05,85,334,13457,3,2026-09-30T08:58:33.000Z
W64453,WZZ,Sofia,SOF,LBSF,Kraków,KRK,EPKK,,,11:45,12:30,08:45,10:30,105,468,1357,2,2026-09-28T12:59:01.000Z
W64445,WZZ,Sofia,SOF,LBSF,Rimini,RMI,LIPR,,,11:45,12:35,08:45,10:35,110,478,1246,2,2026-09-29T12:00:45.000Z
W64325,WZZ,Sofia,SOF,LBSF,Eindhoven,EIN,EHEH,,,11:50,13:45,08:50,11:45,175,902,1234567,1,2026-09-30T08:58:34.000Z
W64369,WZZ,Sofia,SOF,LBSF,Naples,NAP,LIRN,,,12:15,13:00,09:15,11:00,105,423,246,2,2026-09-29T14:59:39.000Z
W64447,WZZ,Sofia,SOF,LBSF,Lamezia Terme,SUF,LICA,,,12:15,12:55,09:15,10:55,100,397,2467,4,2026-09-29T12:00:46.000Z
W64345,WZZ,Sofia,SOF,LBSF,Hamburg,HAM,EDDH,,,12:40,14:20,09:40,12:20,160,846,135,2,2026-09-28T19:01:11.000Z
W64323,WZZ,Sofia,SOF,LBSF,Basel-Mulhouse-Freiburg,BSL,LFSB,,,13:00,14:25,10:00,12:25,145,733,1234567,1,2026-09-30T08:58:38.000Z
W64361,WZZ,Sofia,SOF,LBSF,Bari,BRI,LIBD,,,13:05,13:30,10:05,11:30,85,312,13457,3,2026-09-30T08:58:30.000Z
W64337,WZZ,Sofia,SOF,LBSF,Berlin Brandenburg,BER,EDDB,,,13:10,14:30,10:10,12:30,140,705,1357,2,2026-09-30T08:58:33.000Z
W64457,WZZ,Sofia,SOF,LBSF,Prague,PRG,LKPR,,,13:50,14:50,10:50,12:50,120,583,7,1,2026-09-27T13:59:21.000Z
W64347,WZZ,Sofia,SOF,LBSF,Warsaw Chopin,WAW,EPWA,,,15:45,16:40,12:45,14:40,115,577,13567,4,2026-09-28T15:58:53.000Z
W64321,WZZ,Sofia,SOF,LBSF,Paris Beauvais,BVA,LFOB,,,16:40,18:45,13:40,16:45,185,971,1357,2,2026-09-30T08:58:33.000Z
W64409,WZZ,Sofia,SOF,LBSF,Valencia,VLC,LEVC,,,17:00,19:20,14:00,17:20,200,1095,23467,3,2026-09-29T18:58:52.000Z
W64401,WZZ,Sofia,SOF,LBSF,Madrid,MAD,LEMD,,,17:15,20:10,14:15,18:10,235,1214,1234567,3,2026-09-30T08:58:32.000Z
W64433,WZZ,Sofia,SOF,LBSF,Tel-Aviv,TLV,LLBG,,,18:35,21:05,15:35,18:05,150,842,135,3,2026-09-30T08:58:33.000Z
W64405,WZZ,Sofia,SOF,LBSF,Barcelona El Prat,BCN,LEBL,,,18:45,20:50,15:45,18:50,185,953,1234567,1,2026-09-30T08:58:31.000Z
W64389,WZZ,Sofia,SOF,LBSF,Milan Bergamo,BGY,LIME,,,18:55,19:50,15:55,17:50,115,616,15,2,2026-09-28T19:01:12.000Z
W64315,WZZ,Sofia,SOF,LBSF,Rome Fiumicino,FCO,LIRF,,,18:55,20:00,15:55,18:00,125,499,1234567,4,2026-09-29T14:59:39.000Z
W64403,WZZ,Sofia,SOF,LBSF,Palma de Mallorca,PMI,LEPA,,,19:05,21:00,16:05,19:00,175,952,246,1,2026-09-29T20:58:48.000Z
W64303,WZZ,Sofia,SOF,LBSF,London Luton,LTN,EGGW,,,19:10,20:40,16:10,19:40,210,1107,13457,2,2026-09-30T08:58:38.000Z
W64437,WZZ,Sofia,SOF,LBSF,Larnaca,LCA,LCLK,,,19:50,22:00,16:50,19:00,130,669,134567,2,2026-09-30T08:58:37.000Z
W64451,WZZ,Sofia,SOF,LBSF,Alghero (Sardinia),AHO,LIEA,,,19:55,21:10,16:55,19:10,135,689,124567,5,2026-09-29T21:00:53.000Z
W64307,WZZ,Sofia,SOF,LBSF,Corfu,CFU,LGKR,,,20:05,21:25,17:05,18:25,80,244,27,2,2026-09-29T20:00:23.000Z
W61556,WZZ,Split,SPU,LDSP,Warsaw Chopin,WAW,EPWA,,,08:50,10:40,06:50,08:40,110,551,135,2,2026-09-30T08:58:39.000Z
W61796,WZZ,Split,SPU,LDSP,Gdansk,GDN,EPGD,,,15:35,17:35,13:35,15:35,120,656,15,1,2026-09-28T17:01:43.000Z
W61862,WZZ,Split,SPU,LDSP,Wroclaw,WRO,EPWR,,,16:15,18:00,14:15,16:00,105,455,15,2,2026-09-28T17:59:16.000Z
W61640,WZZ,Split,SPU,LDSP,Lublin,LUZ,EPLB,,,17:55,19:55,15:55,17:55,120,530,26,2,2026-09-19T18:59:45.000Z
W95342,WUK,Split,SPU,LDSP,London Luton,LTN,EGGW,,,21:25,23:10,19:25,22:10,165,836,1234567,2,2026-09-30T00:00:21.000Z
W62012,WZZ,Split,SPU,LDSP,Kraków,KRK,EPKK,,,21:40,23:20,19:40,21:20,100,418,135,1,2026-09-28T22:59:39.000Z
W61268,WZZ,Split,SPU,LDSP,Katowice,KTW,EPKT,,,22:55,00:35,20:55,22:35,100,432,1234567,2,2026-09-28T23:59:34.000Z
W46070,WMT,Cairo (Sphinx),SPX,HESX,Rome Fiumicino,FCO,LIRF,,,10:50,13:25,07:50,11:25,215,1142,23467,4,2026-09-30T01:59:16.000Z
W46366,WMT,Cairo (Sphinx),SPX,HESX,Milan Malpensa,MXP,LIMC,,,22:40,01:40,19:40,23:40,240,1396,2467,3,2026-09-30T01:59:16.000Z
W95318,WUK,Cairo (Sphinx),SPX,HESX,London Luton,LTN,EGGW,,,22:50,02:20,19:50,01:20,330,1901,1357,2,2026-09-30T05:00:40.000Z
W46118,WMT,Sharm El Sheikh,SSH,HESH,Rome Fiumicino,FCO,LIRF,,,11:45,14:50,08:45,12:50,245,1364,1357,1,2026-09-30T08:58:37.000Z
W46926,WMT,Sharm El Sheikh,SSH,HESH,Naples,NAP,LIRN,,,19:40,22:30,16:40,20:30,230,1256,1234567,3,2026-09-30T08:58:38.000Z
W62260,WZZ,Sharm El Sheikh,SSH,HESH,Budapest,BUD,LHBP,,,20:10,23:10,17:10,21:10,240,1366,267,3,2026-09-29T22:59:54.000Z
W46642,WMT,Sharm El Sheikh,SSH,HESH,Palermo (Sicily),PMO,LICJ,,,21:35,23:55,18:35,21:55,200,1230,12457,3,2026-09-29T22:59:56.000Z
W46766,WMT,Sharm El Sheikh,SSH,HESH,Venice,VCE,LIPZ,,,21:55,01:10,18:55,23:10,255,1484,135,1,2026-09-30T08:58:38.000Z
W46364,WMT,Sharm El Sheikh,SSH,HESH,Milan Malpensa,MXP,LIMC,,,22:00,01:35,19:00,23:35,275,1614,1234567,1,2026-09-30T08:58:38.000Z
W46112,WMT,Sharm El Sheikh,SSH,HESH,Rome Fiumicino,FCO,LIRF,,,22:30,01:35,19:30,23:35,245,1364,1234567,1,2026-09-30T01:59:16.000Z
W64336,WZZ,Stuttgart,STR,EDDS,Sofia,SOF,LBSF,,,07:55,11:05,05:55,08:05,130,694,246,1,2026-09-29T09:57:41.000Z
W43368,WMT,Stuttgart,STR,EDDS,Cluj-Napoca,CLJ,LRCL,,,08:45,11:40,06:45,08:40,115,594,246,2,2026-09-29T10:00:29.000Z
W64744,WZZ,Stuttgart,STR,EDDS,Skopje,SKP,LWSK,,,09:10,11:15,07:10,09:15,125,660,246,1,2026-09-29T11:00:11.000Z
W62290,WZZ,Stuttgart,STR,EDDS,Budapest,BUD,LHBP,,,13:50,15:25,11:50,13:25,95,410,1234567,2,2026-09-30T00:00:17.000Z
W43236,WMT,Stuttgart,STR,EDDS,Bucharest Otopeni,OTP,LROP,,,15:00,18:20,13:00,15:20,140,737,1356,2,2026-09-30T08:58:36.000Z
W45120,WMT,Stuttgart,STR,EDDS,Tirana,TIA,LATI,,,18:15,20:20,16:15,18:20,125,623,135,1,2026-09-30T08:58:38.000Z
W61450,WZZ,Lamezia Terme,SUF,LICA,Warsaw Chopin,WAW,EPWA,,,09:40,12:00,07:40,10:00,140,820,135,3,2026-09-30T08:58:36.000Z
W67016,WZZ,Lamezia Terme,SUF,LICA,Bratislava,BTS,LZIB,,,12:45,14:40,10:45,12:40,115,558,145,3,2026-09-28T14:00:35.000Z
W64448,WZZ,Lamezia Terme,SUF,LICA,Sofia,SOF,LBSF,,,13:30,16:05,11:30,13:05,95,397,2467,4,2026-09-29T14:59:41.000Z
W62348,WZZ,Lamezia Terme,SUF,LICA,Budapest,BUD,LHBP,,,13:40,15:30,11:40,13:30,110,528,246,3,2026-09-29T14:59:33.000Z
W62524,WZZ,Lamezia Terme,SUF,LICA,Budapest,BUD,LHBP,,,21:35,23:25,19:35,21:25,110,528,5,1,2026-09-05T01:00:11.000Z
W61058,WZZ,Lamezia Terme,SUF,LICA,Katowice,KTW,EPKT,,,21:50,00:05,19:50,22:05,135,705,2467,3,2026-09-30T01:00:29.000Z
W93649,WUK,Satu Mare,SUJ,LRSM,London Luton,LTN,EGGW,,,23:00,23:55,20:00,22:55,175,931,246,2,2026-09-30T01:00:30.000Z
W62044,WZZ,Stavanger,SVG,ENZV,Kraków,KRK,EPKK,,,16:30,18:45,14:30,16:45,135,720,135,1,2026-09-30T08:58:36.000Z
W61756,WZZ,Stavanger,SVG,ENZV,Gdansk,GDN,EPGD,,,21:50,23:30,19:50,21:30,100,501,1234567,1,2026-09-29T22:59:56.000Z
W46040,WMT,Seville,SVQ,LEZL,Rome Fiumicino,FCO,LIRF,,,09:25,12:05,07:25,10:05,160,878,2467,1,2026-09-29T12:00:47.000Z
W46778,WMT,Seville,SVQ,LEZL,Venice,VCE,LIPZ,,,09:35,12:25,07:35,10:25,170,950,246,1,2026-09-29T13:59:14.000Z
W46410,WMT,Seville,SVQ,LEZL,Milan Malpensa,MXP,LIMC,,,10:00,12:35,08:00,10:35,155,819,1,1,2026-09-28T11:59:08.000Z
W95370,WUK,Seville,SVQ,LEZL,London Luton,LTN,EGGW,,,10:35,12:10,08:35,11:10,155,899,246,2,2026-09-29T12:59:44.000Z
W43196,WMT,Seville,SVQ,LEZL,Bucharest Otopeni,OTP,LROP,,,10:55,15:55,08:55,12:55,240,1501,246,1,2026-09-29T13:59:10.000Z
W46310,WMT,Seville,SVQ,LEZL,Milan Malpensa,MXP,LIMC,,,16:20,18:55,14:20,16:55,155,819,1234567,6,2026-09-30T08:58:38.000Z
W61352,WZZ,Seville,SVQ,LEZL,Warsaw Chopin,WAW,EPWA,,,19:15,23:10,17:15,21:10,235,1433,135,2,2026-09-30T08:58:38.000Z
W46024,WMT,Seville,SVQ,LEZL,Rome Fiumicino,FCO,LIRF,,,21:30,00:10,19:30,22:10,160,878,1234567,2,2026-09-30T00:00:21.000Z
W42185,WMT,Olsztyn-Mazury,SZY,EPSY,Dortmund,DTM,EDLW,,,11:20,13:10,09:20,11:10,110,500,135,1,2026-09-30T08:58:34.000Z
W62151,WZZ,Szczecin,SZZ,EPSC,Oslo Gardermoen,OSL,ENGM,,,10:20,11:55,08:20,09:55,95,416,135,2,2026-09-30T08:58:38.000Z
W62153,WZZ,Szczecin,SZZ,EPSC,Bergen,BGO,ENBR,,,10:55,12:45,08:55,10:45,110,512,15,1,2026-09-28T12:01:30.000Z
W95458,WUK,Poprad-Tatry,TAT,LZTT,London Luton,LTN,EGGW,,,10:05,11:40,08:05,10:40,155,802,246,2,2026-09-29T12:00:48.000Z
W61688,WZZ,Poprad-Tatry,TAT,LZTT,Gdansk,GDN,EPGD,,,22:20,23:40,20:20,21:40,80,325,47,2,2026-09-27T23:00:56.000Z
W46036,WMT,Tenerife (Canary Islands),TFS,GCTS,Rome Fiumicino,FCO,LIRF,,,10:45,16:10,09:45,14:10,265,1630,13457,1,2026-09-30T08:58:37.000Z
W61496,WZZ,Tenerife (Canary Islands),TFS,GCTS,Warsaw Chopin,WAW,EPWA,,,16:20,22:50,15:20,20:50,330,2210,1357,2,2026-09-30T08:58:38.000Z
W43022,WMT,Tenerife (Canary Islands),TFS,GCTS,Bucharest Otopeni,OTP,LROP,,,17:00,00:20,16:00,21:20,320,2258,1357,2,2026-09-30T08:58:38.000Z
W61082,WZZ,Tenerife (Canary Islands),TFS,GCTS,Katowice,KTW,EPKT,,,19:15,01:30,18:15,23:30,315,2102,1345,2,2026-09-30T08:58:38.000Z
W62494,WZZ,Tenerife (Canary Islands),TFS,GCTS,Budapest,BUD,LHBP,,,19:20,01:25,18:20,23:25,305,2034,1357,1,2026-09-30T08:58:38.000Z
W67601,WZZ,Podgorica,TGD,LYPG,Dortmund,DTM,EDLW,,,06:00,08:25,04:00,06:25,145,726,1357,2,2026-09-30T08:00:10.000Z
W67609,WZZ,Podgorica,TGD,LYPG,Karlsruhe/Baden-Baden,FKB,EDSB,,,06:00,08:05,04:00,06:05,125,606,246,1,2026-09-29T07:59:16.000Z
W67631,WZZ,Podgorica,TGD,LYPG,Poznan,POZ,EPPO,,,06:00,08:00,04:00,06:00,120,612,47,1,2026-09-17T07:59:35.000Z
W67607,WZZ,Podgorica,TGD,LYPG,Hamburg,HAM,EDDH,,,06:15,08:40,04:15,06:40,145,771,246,1,2026-09-29T07:59:15.000Z
W67048,WZZ,Podgorica,TGD,LYPG,Bratislava,BTS,LZIB,,,07:50,09:00,05:50,07:00,70,359,246,1,2026-09-29T09:03:52.000Z
W61580,WZZ,Podgorica,TGD,LYPG,Warsaw Chopin,WAW,EPWA,,,09:20,11:15,07:20,09:15,115,593,246,1,2026-09-29T11:00:12.000Z
W95762,WUK,Podgorica,TGD,LYPG,London Gatwick,LGW,EGKK,,,10:30,12:35,08:30,11:35,185,953,1357,1,2026-09-30T08:58:37.000Z
W67637,WZZ,Podgorica,TGD,LYPG,Budapest,BUD,LHBP,,,11:15,12:35,09:15,10:35,80,304,47,1,2026-09-27T12:01:19.000Z
W67651,WZZ,Podgorica,TGD,LYPG,Rome Fiumicino,FCO,LIRF,,,11:15,12:45,09:15,10:45,90,314,26,1,2026-09-29T12:00:47.000Z
W67633,WZZ,Podgorica,TGD,LYPG,Rzeszów,RZE,EPRZ,,,11:20,13:00,09:20,11:00,100,479,135,1,2026-09-18T12:58:58.000Z
W67623,WZZ,Podgorica,TGD,LYPG,Paris Beauvais,BVA,LFOB,,,12:20,14:55,10:20,12:55,155,830,1357,2,2026-09-30T08:58:33.000Z
W61890,WZZ,Podgorica,TGD,LYPG,Wroclaw,WRO,EPWR,,,12:35,14:25,10:35,12:25,110,534,2467,2,2026-09-29T13:59:14.000Z
W67605,WZZ,Podgorica,TGD,LYPG,Memmingen / Munich West,FMM,EDJA,,,12:45,14:35,10:45,12:35,110,509,2467,1,2026-09-29T14:01:32.000Z
W61646,WZZ,Podgorica,TGD,LYPG,Gdansk,GDN,EPGD,,,13:25,15:45,11:25,13:45,140,722,1357,1,2026-09-30T08:58:35.000Z
W61272,WZZ,Podgorica,TGD,LYPG,Katowice,KTW,EPKT,,,14:20,16:05,12:20,14:05,105,487,23467,3,2026-09-29T15:59:41.000Z
W67639,WZZ,Podgorica,TGD,LYPG,Ljubljana,LJU,LJLJ,,,15:55,17:15,13:55,15:15,80,310,2467,1,2026-09-29T16:59:39.000Z
W67641,WZZ,Podgorica,TGD,LYPG,Barcelona El Prat,BCN,LEBL,,,16:20,18:55,14:20,16:55,155,770,135,2,2026-09-30T08:58:31.000Z
W67621,WZZ,Podgorica,TGD,LYPG,Maastricht,MST,EHBK,,,17:30,19:55,15:30,17:55,145,755,246,2,2026-09-29T20:00:27.000Z
W67629,WZZ,Podgorica,TGD,LYPG,Malmo,MMX,ESMS,,,19:05,21:40,17:05,19:40,155,824,135,1,2026-09-30T08:58:38.000Z
W67603,WZZ,Podgorica,TGD,LYPG,Cologne,CGN,EDDK,,,19:40,22:10,17:40,20:10,150,713,2467,1,2026-09-29T22:01:01.000Z
W61940,WZZ,Podgorica,TGD,LYPG,Vilnius,VNO,EYVI,,,22:00,01:25,20:00,22:25,145,774,47,1,2026-09-27T23:59:03.000Z
W62518,WZZ,Podgorica,TGD,LYPG,Budapest,BUD,LHBP,,,22:05,23:25,20:05,21:25,80,304,2,1,2026-09-01T22:59:58.000Z
W46450,WMT,Podgorica,TGD,LYPG,Milan Malpensa,MXP,LIMC,,,22:50,00:45,20:50,22:45,115,495,1357,2,2026-09-29T00:59:26.000Z
W46540,WMT,Podgorica,TGD,LYPG,Catania (Sicily),CTA,LICC,,,23:20,00:55,21:20,22:55,95,351,246,1,2026-09-30T02:01:29.000Z
W43455,WMT,Targu Mures,TGM,LRTM,Paris Beauvais,BVA,LFOB,,,05:45,07:35,02:45,05:35,170,911,15,1,2026-09-28T07:02:29.000Z
W43453,WMT,Targu Mures,TGM,LRTM,Brussels Charleroi,CRL,EBCI,,,06:10,07:45,03:10,05:45,155,827,37,1,2026-09-30T07:01:12.000Z
W43451,WMT,Targu Mures,TGM,LRTM,London Luton,LTN,EGGW,,,06:10,07:15,03:10,06:15,185,1020,246,2,2026-09-29T07:59:18.000Z
W43467,WMT,Targu Mures,TGM,LRTM,Rome Fiumicino,FCO,LIRF,,,12:50,13:55,09:50,11:55,125,593,157,2,2026-09-28T12:59:03.000Z
W43459,WMT,Targu Mures,TGM,LRTM,Dortmund,DTM,EDLW,,,13:20,14:45,10:20,12:45,145,726,37,1,2026-09-30T08:58:34.000Z
W43461,WMT,Targu Mures,TGM,LRTM,Memmingen / Munich West,FMM,EDJA,,,13:55,14:55,10:55,12:55,120,584,246,1,2026-09-29T14:59:32.000Z
W62486,WZZ,Targu Mures,TGM,LRTM,Budapest,BUD,LHBP,,,14:35,14:40,11:35,12:40,65,219,1234567,1,2026-09-30T08:58:33.000Z
W43463,WMT,Targu Mures,TGM,LRTM,Basel-Mulhouse-Freiburg,BSL,LFSB,,,18:35,19:50,15:35,17:50,135,693,15,1,2026-09-28T16:58:42.000Z
W43469,WMT,Targu Mures,TGM,LRTM,Milan Bergamo,BGY,LIME,,,19:00,20:05,16:00,18:05,125,613,2346,2,2026-09-29T20:00:25.000Z
W43473,WMT,Targu Mures,TGM,LRTM,Larnaca,LCA,LCLK,,,19:20,21:50,16:20,18:50,150,811,37,1,2026-09-30T08:58:37.000Z
W95460,WUK,Tirana,TIA,LATI,London Luton,LTN,EGGW,,,00:30,02:50,22:30,01:50,200,1033,3567,2,2026-09-30T02:59:36.000Z
W95007,WUK,Tirana,TIA,LATI,London Luton,LTN,EGGW,,,02:55,04:55,00:55,03:55,180,1033,1234567,1,2026-09-30T05:00:40.000Z
W45101,WMT,Tirana,TIA,LATI,Dortmund,DTM,EDLW,,,05:30,08:05,03:30,06:05,155,784,1234567,1,2026-09-30T08:00:10.000Z
W45079,WMT,Tirana,TIA,LATI,Ancona,AOI,LIPY,,,05:50,07:20,03:50,05:20,90,311,1234567,1,2026-09-30T07:01:11.000Z
W45147,WMT,Tirana,TIA,LATI,Berlin Brandenburg,BER,EDDB,,,05:50,08:10,03:50,06:10,140,704,1356,2,2026-09-28T08:00:21.000Z
W45065,WMT,Tirana,TIA,LATI,Comiso (Sicily),CIY,LICB,,,05:50,07:25,03:50,05:25,95,356,26,1,2026-09-19T07:00:31.000Z
W45143,WMT,Tirana,TIA,LATI,Lyon,LYS,LFLL,,,05:50,08:15,03:50,06:15,145,686,12456,3,2026-09-29T07:59:18.000Z
W45221,WMT,Tirana,TIA,LATI,Tallinn,TLL,EETN,,,05:50,10:00,03:50,07:00,190,1097,135,1,2026-09-11T08:59:00.000Z
W45191,WMT,Tirana,TIA,LATI,Billund,BLL,EKBI,,,05:55,08:55,03:55,06:55,180,955,26,1,2026-09-29T08:05:44.000Z
W45139,WMT,Tirana,TIA,LATI,Paris Beauvais,BVA,LFOB,,,05:55,08:55,03:55,06:55,180,882,1234567,1,2026-09-30T08:00:08.000Z
W45047,WMT,Tirana,TIA,LATI,Bologna,BLQ,LIPE,,,06:00,07:45,04:00,05:45,105,415,1234567,1,2026-09-28T07:02:29.000Z
W45011,WMT,Tirana,TIA,LATI,Rome Fiumicino,FCO,LIRF,,,06:00,07:40,04:00,05:40,100,336,1234567,1,2026-09-30T07:01:16.000Z
W45041,WMT,Tirana,TIA,LATI,Bari,BRI,LIBD,,,06:05,07:05,04:05,05:05,60,135,1234567,1,2026-09-30T07:01:11.000Z
W45023,WMT,Tirana,TIA,LATI,Milan Malpensa,MXP,LIMC,,,06:05,08:10,04:05,06:10,125,541,1234567,3,2026-09-29T09:03:57.000Z
W45131,WMT,Tirana,TIA,LATI,Brussels Charleroi,CRL,EBCI,,,06:10,08:55,04:10,06:55,165,834,1234567,1,2026-09-30T08:00:08.000Z
W45135,WMT,Tirana,TIA,LATI,Eindhoven,EIN,EHEH,,,06:45,09:30,04:45,07:30,165,843,1234567,1,2026-09-30T08:58:34.000Z
W45035,WMT,Tirana,TIA,LATI,Venice Treviso,TSF,LIPH,,,06:45,08:25,04:45,06:25,100,414,1234567,1,2026-09-30T08:00:17.000Z
W45203,WMT,Tirana,TIA,LATI,Athens,ATH,LGAV,,,06:50,08:55,04:50,05:55,65,286,1234567,1,2026-09-30T08:00:07.000Z
W45103,WMT,Tirana,TIA,LATI,Memmingen / Munich West,FMM,EDJA,,,07:00,09:05,05:00,07:05,125,564,1234567,2,2026-09-30T08:58:30.000Z
W45069,WMT,Tirana,TIA,LATI,Naples,NAP,LIRN,,,07:15,08:40,05:15,06:40,85,247,37,1,2026-09-30T08:58:38.000Z
W45077,WMT,Tirana,TIA,LATI,Trieste,TRS,LIPQ,,,07:15,08:55,05:15,06:55,100,379,135,2,2026-09-28T08:00:30.000Z
W64392,WZZ,Tirana,TIA,LATI,Sofia,SOF,LBSF,,,07:40,09:40,05:40,06:40,60,182,246,3,2026-09-05T07:59:39.000Z
W67042,WZZ,Tirana,TIA,LATI,Bratislava,BTS,LZIB,,,08:10,09:55,06:10,07:55,105,419,135,1,2026-09-30T08:58:33.000Z
W65137,WMT,Tirana,TIA,LATI,Prague,PRG,LKPR,,,08:55,10:55,06:55,08:55,120,569,2,1,2026-09-01T09:59:29.000Z
W45105,WMT,Tirana,TIA,LATI,Berlin Brandenburg,BER,EDDB,,,09:10,11:30,07:10,09:30,140,704,1234567,1,2026-09-30T08:58:33.000Z
W95001,WUK,Tirana,TIA,LATI,London Luton,LTN,EGGW,,,09:40,11:55,07:40,10:55,195,1033,1234567,2,2026-09-30T08:58:37.000Z
W45053,WMT,Tirana,TIA,LATI,Verona,VRN,LIPX,,,09:50,11:35,07:50,09:35,105,453,135,2,2026-09-30T08:58:39.000Z
W45075,WMT,Tirana,TIA,LATI,Perugia,PEG,LIRZ,,,09:50,11:30,07:50,09:30,100,336,1234567,4,2026-09-30T08:58:38.000Z
W45083,WMT,Tirana,TIA,LATI,Genoa,GOA,LIMJ,,,10:30,12:25,08:30,10:25,115,511,1234567,1,2026-09-30T08:58:35.000Z
W45029,WMT,Tirana,TIA,LATI,Pisa (Tuscany),PSA,LIRP,,,10:30,12:15,08:30,10:15,105,434,1234567,1,2026-09-30T08:58:38.000Z
W95704,WUK,Tirana,TIA,LATI,London Gatwick,LGW,EGKK,,,10:50,12:55,08:50,11:55,185,1007,246,2,2026-09-29T12:59:44.000Z
W45025,WMT,Tirana,TIA,LATI,Milan Malpensa,MXP,LIMC,,,11:05,13:10,09:05,11:10,125,541,1234567,1,2026-09-30T08:58:38.000Z
W45081,WMT,Tirana,TIA,LATI,Rimini,RMI,LIPR,,,11:15,12:50,09:15,10:50,95,350,1234567,1,2026-09-30T08:58:35.000Z
W95003,WUK,Tirana,TIA,LATI,London Luton,LTN,EGGW,,,11:40,13:55,09:40,12:55,195,1033,1234567,1,2026-09-30T08:58:37.000Z
W45145,WMT,Tirana,TIA,LATI,Nice,NCE,LFMN,,,12:10,14:20,10:10,12:20,130,569,246,2,2026-09-29T13:59:13.000Z
W45057,WMT,Tirana,TIA,LATI,Turin,TRN,LIMF,,,12:10,14:20,10:10,12:20,130,574,13457,3,2026-09-30T08:58:39.000Z
W45125,WMT,Tirana,TIA,LATI,Dortmund,DTM,EDLW,,,12:20,14:55,10:20,12:55,155,784,13567,2,2026-09-30T08:58:34.000Z
W45087,WMT,Tirana,TIA,LATI,Barcelona El Prat,BCN,LEBL,,,13:00,15:45,11:00,13:45,165,794,246,2,2026-09-29T16:59:33.000Z
W45107,WMT,Tirana,TIA,LATI,Hamburg,HAM,EDDH,,,13:05,15:45,11:05,13:45,160,831,1234567,1,2026-09-30T08:58:36.000Z
W62234,WZZ,Tirana,TIA,LATI,Budapest,BUD,LHBP,,,13:10,14:40,11:10,12:40,90,362,1234567,4,2026-09-30T08:58:33.000Z
W45017,WMT,Tirana,TIA,LATI,Milan Bergamo,BGY,LIME,,,13:15,15:10,11:15,13:10,115,505,1234567,1,2026-09-29T14:59:37.000Z
W45085,WMT,Tirana,TIA,LATI,Pescara,PSR,LIBP,,,13:15,14:35,11:15,12:35,80,255,1234567,2,2026-09-30T08:58:30.000Z
W45165,WMT,Tirana,TIA,LATI,Palma de Mallorca,PMI,LEPA,,,13:40,16:10,11:40,14:10,150,782,26,1,2026-09-12T15:58:41.000Z
W45163,WMT,Tirana,TIA,LATI,Alghero (Sardinia),AHO,LIEA,,,14:00,15:50,12:00,13:50,110,519,37,1,2026-09-09T14:59:51.000Z
W65175,WZZ,Tirana,TIA,LATI,Warsaw Chopin,WAW,EPWA,,,14:10,16:20,12:10,14:20,130,647,5,1,2026-09-25T16:00:56.000Z
W45229,WMT,Tirana,TIA,LATI,Milan Malpensa,MXP,LIMC,,,14:35,16:40,12:35,14:40,125,541,15,1,2026-09-11T16:00:25.000Z
W45015,WMT,Tirana,TIA,LATI,Rome Fiumicino,FCO,LIRF,,,14:40,16:20,12:40,14:20,100,336,1234567,1,2026-09-30T08:58:37.000Z
W65177,WZZ,Tirana,TIA,LATI,Kraków,KRK,EPKK,,,15:15,17:10,13:15,15:10,115,520,1235,3,2026-09-30T08:58:36.000Z
W45137,WMT,Tirana,TIA,LATI,Prague,PRG,LKPR,,,15:25,17:30,13:25,15:30,125,569,13457,2,2026-09-30T08:58:38.000Z
W45119,WMT,Tirana,TIA,LATI,Stuttgart,STR,EDDS,,,15:25,17:40,13:25,15:40,135,623,135,1,2026-09-30T08:58:39.000Z
W61800,WZZ,Tirana,TIA,LATI,Gdansk,GDN,EPGD,,,15:35,18:00,13:35,16:00,145,780,2467,2,2026-09-29T17:59:50.000Z
W45129,WMT,Tirana,TIA,LATI,Memmingen / Munich West,FMM,EDJA,,,15:35,17:40,13:35,15:40,125,564,2467,1,2026-09-29T16:59:32.000Z
W61938,WZZ,Tirana,TIA,LATI,Vilnius,VNO,EYVI,,,15:40,19:15,13:40,16:15,155,824,246,3,2026-09-29T17:59:55.000Z
W45037,WMT,Tirana,TIA,LATI,Venice Treviso,TSF,LIPH,,,16:05,17:45,14:05,15:45,100,414,1234567,1,2026-09-30T08:58:39.000Z
W61814,WZZ,Tirana,TIA,LATI,Wroclaw,WRO,EPWR,,,16:45,18:50,14:45,16:50,125,593,1357,4,2026-09-28T17:59:16.000Z
W45189,WMT,Tirana,TIA,LATI,Stockholm Arlanda,ARN,ESSA,,,17:05,20:20,15:05,18:20,195,1097,12357,2,2026-09-30T08:58:39.000Z
W45151,WMT,Tirana,TIA,LATI,Madrid,MAD,LEMD,,,17:20,20:55,15:20,18:55,215,1054,246,2,2026-09-29T21:00:53.000Z
W45157,WMT,Tirana,TIA,LATI,Malaga,AGP,LEMG,,,17:25,20:50,15:25,18:50,205,1160,367,2,2026-09-30T08:58:37.000Z
W45067,WMT,Tirana,TIA,LATI,Naples,NAP,LIRN,,,17:25,18:50,15:25,16:50,85,247,1234567,1,2026-09-30T08:58:38.000Z
W45159,WMT,Tirana,TIA,LATI,Santander,SDR,LEXJ,,,17:25,20:35,15:25,18:35,190,1047,47,1,2026-09-27T20:59:27.000Z
W45031,WMT,Tirana,TIA,LATI,Pisa (Tuscany),PSA,LIRP,,,17:25,19:10,15:25,17:10,105,434,1234567,2,2026-09-29T18:58:51.000Z
W45193,WMT,Tirana,TIA,LATI,Oslo Sandefjord Torp,TRF,ENTO,,,17:35,20:55,15:35,18:55,200,1124,15,1,2026-09-28T21:00:03.000Z
W45133,WMT,Tirana,TIA,LATI,Brussels Charleroi,CRL,EBCI,,,17:45,20:30,15:45,18:30,165,834,1234567,1,2026-09-30T08:58:33.000Z
W45111,WMT,Tirana,TIA,LATI,Karlsruhe/Baden-Baden,FKB,EDSB,,,18:05,20:25,16:05,18:25,140,661,2467,1,2026-09-29T20:00:26.000Z
W45171,WMT,Tirana,TIA,LATI,Warsaw Chopin,WAW,EPWA,,,18:05,20:15,16:05,18:15,130,647,135,1,2026-09-30T08:58:39.000Z
W45153,WMT,Tirana,TIA,LATI,Barcelona El Prat,BCN,LEBL,,,18:55,21:35,16:55,19:35,160,794,1234567,1,2026-09-30T08:58:39.000Z
W45155,WMT,Tirana,TIA,LATI,Valencia,VLC,LEVC,,,19:00,22:00,17:00,20:00,180,928,145,2,2026-09-28T21:58:43.000Z
W45019,WMT,Tirana,TIA,LATI,Milan Bergamo,BGY,LIME,,,19:05,21:00,17:05,19:00,115,505,1234567,1,2026-09-30T08:58:36.000Z
W95005,WUK,Tirana,TIA,LATI,London Luton,LTN,EGGW,,,19:10,21:30,17:10,20:30,200,1033,1234567,2,2026-09-30T08:58:39.000Z
W45179,WMT,Tirana,TIA,LATI,Warsaw Radom,RDO,EPRA,,,19:10,21:10,17:10,19:10,120,602,47,2,2026-09-10T20:59:22.000Z
W45027,WMT,Tirana,TIA,LATI,Milan Malpensa,MXP,LIMC,,,19:10,21:15,17:10,19:15,125,541,1234567,1,2026-09-30T08:58:39.000Z
W45121,WMT,Tirana,TIA,LATI,Cologne,CGN,EDDK,,,19:30,22:05,17:30,20:05,155,770,12467,4,2026-09-29T21:00:55.000Z
W45195,WMT,Tirana,TIA,LATI,Malmo,MMX,ESMS,,,19:40,22:25,17:40,20:25,165,884,2467,2,2026-09-30T00:00:21.000Z
W45115,WMT,Tirana,TIA,LATI,Nuremberg,NUE,EDDN,,,19:45,21:50,17:45,19:50,125,606,246,2,2026-09-29T22:01:05.000Z
W45175,WMT,Tirana,TIA,LATI,Poznan,POZ,EPPO,,,19:45,22:00,17:45,20:00,135,671,15,1,2026-09-11T21:59:01.000Z
W45213,WMT,Tirana,TIA,LATI,Athens,ATH,LGAV,,,19:50,22:15,17:50,19:15,85,286,26,1,2026-09-12T21:49:56.000Z
W45109,WMT,Tirana,TIA,LATI,Frankfurt Hahn,HHN,EDFH,,,20:00,22:30,18:00,20:30,150,730,13457,3,2026-09-30T08:58:39.000Z
W45059,WMT,Tirana,TIA,LATI,Turin,TRN,LIMF,,,20:25,22:35,18:25,20:35,130,574,1234567,1,2026-09-29T22:01:07.000Z
W45097,WMT,Tirana,TIA,LATI,Genoa,GOA,LIMJ,,,20:35,22:30,18:35,20:30,115,511,47,1,2026-09-27T21:59:58.000Z
W45049,WMT,Tirana,TIA,LATI,Bologna,BLQ,LIPE,,,20:45,22:30,18:45,20:30,105,415,1234567,2,2026-09-30T08:58:39.000Z
W45201,WMT,Tirana,TIA,LATI,Malta,MLA,LMML,,,20:55,22:25,18:55,20:25,90,414,1356,2,2026-09-30T08:58:39.000Z
W45055,WMT,Tirana,TIA,LATI,Verona,VRN,LIPX,,,21:15,23:00,19:15,21:00,105,453,1234567,1,2026-09-29T22:59:59.000Z
W45185,WMT,Tirana,TIA,LATI,Pescara,PSR,LIBP,,,22:00,23:20,20:00,21:20,80,255,26,1,2026-09-22T23:00:47.000Z
W45043,WMT,Tirana,TIA,LATI,Bari,BRI,LIBD,,,22:05,23:05,20:05,21:05,60,135,123457,2,2026-09-28T22:59:35.000Z
W65173,WZZ,Tirana,TIA,LATI,Katowice,KTW,EPKT,,,22:45,00:40,20:45,22:40,115,545,12567,3,2026-09-30T00:00:20.000Z
W45063,WMT,Tirana,TIA,LATI,Catania (Sicily),CTA,LICC,,,23:20,00:55,21:20,22:55,95,320,1357,1,2026-09-28T23:59:30.000Z
W95702,WUK,Tirana,TIA,LATI,London Gatwick,LGW,EGKK,,,23:55,02:00,21:55,01:00,185,1007,1357,2,2026-09-29T03:01:00.000Z
W61752,WZZ,Turku,TKU,EFTU,Gdansk,GDN,EPGD,,,14:10,14:40,11:10,12:40,90,388,1234567,2,2026-09-30T08:58:35.000Z
W61974,WZZ,Turku,TKU,EFTU,Vilnius,VNO,EYVI,,,22:50,00:15,19:50,21:15,85,366,246,1,2026-09-15T22:59:22.000Z
W61968,WZZ,Tallinn,TLL,EETN,Vilnius,VNO,EYVI,,,08:05,09:20,05:05,06:20,75,287,1234567,1,2026-09-30T08:00:18.000Z
W61726,WZZ,Tallinn,TLL,EETN,Gdansk,GDN,EPGD,,,09:30,09:55,06:30,07:55,85,367,13457,1,2026-09-30T08:58:35.000Z
W46768,WMT,Tallinn,TLL,EETN,Venice,VCE,LIPZ,,,10:20,12:20,07:20,10:20,180,948,347,1,2026-09-27T11:59:01.000Z
W45222,WMT,Tallinn,TLL,EETN,Tirana,TIA,LATI,,,10:35,12:55,07:35,10:55,200,1097,135,1,2026-09-11T12:59:47.000Z
W95446,WUK,Tallinn,TLL,EETN,London Luton,LTN,EGGW,,,11:35,12:35,08:35,11:35,180,958,1357,1,2026-09-30T08:58:37.000Z
W62424,WZZ,Tallinn,TLL,EETN,Budapest,BUD,LHBP,,,15:25,16:45,12:25,14:45,140,746,12467,4,2026-09-29T15:59:38.000Z
W62046,WZZ,Tallinn,TLL,EETN,Kraków,KRK,EPKK,,,17:30,18:30,14:30,16:30,120,587,2467,1,2026-09-29T19:00:55.000Z
W61366,WZZ,Tallinn,TLL,EETN,Warsaw Chopin,WAW,EPWA,,,22:20,23:10,19:20,21:10,110,454,1234567,4,2026-09-28T22:59:41.000Z
W46134,WMT,Tallinn,TLL,EETN,Rome Fiumicino,FCO,LIRF,,,22:20,00:50,19:20,22:50,210,1156,135,1,2026-09-28T23:59:35.000Z
W64608,WZZ,Tel-Aviv,TLV,LLBG,Larnaca,LCA,LCLK,,,08:00,09:05,05:00,06:05,65,183,2,1,2026-09-22T07:59:16.000Z
W64604,WZZ,Tel-Aviv,TLV,LLBG,Larnaca,LCA,LCLK,,,08:05,09:05,05:05,06:05,60,183,1234567,5,2026-09-30T08:00:15.000Z
W43480,WMT,Tel-Aviv,TLV,LLBG,Cluj-Napoca,CLJ,LRCL,,,09:00,12:10,06:00,09:10,190,1026,15,2,2026-09-28T10:59:38.000Z
W64548,WZZ,Tel-Aviv,TLV,LLBG,Varna (Black Sea),VAR,LBWN,,,09:05,11:40,06:05,08:40,155,752,1356,2,2026-09-30T08:58:32.000Z
W64428,WZZ,Tel-Aviv,TLV,LLBG,Sofia,SOF,LBSF,,,09:10,12:00,06:10,09:00,170,842,1234567,1,2026-09-30T08:58:38.000Z
W43258,WMT,Tel-Aviv,TLV,LLBG,Bucharest Otopeni,OTP,LROP,,,09:20,12:10,06:20,09:10,170,859,1234567,1,2026-09-30T08:58:36.000Z
W62502,WZZ,Tel-Aviv,TLV,LLBG,Budapest,BUD,LHBP,,,10:10,12:40,07:10,10:40,210,1169,1,1,2026-09-28T12:01:30.000Z
W62504,WZZ,Tel-Aviv,TLV,LLBG,Budapest,BUD,LHBP,,,10:10,12:40,07:10,10:40,210,1169,2,1,2026-09-29T12:59:39.000Z
W62506,WZZ,Tel-Aviv,TLV,LLBG,Budapest,BUD,LHBP,,,10:10,12:40,07:10,10:40,210,1169,3,1,2026-09-30T08:58:32.000Z
W62508,WZZ,Tel-Aviv,TLV,LLBG,Budapest,BUD,LHBP,,,10:10,12:40,07:10,10:40,210,1169,45,1,2026-09-24T12:01:48.000Z
W62510,WZZ,Tel-Aviv,TLV,LLBG,Budapest,BUD,LHBP,,,10:10,12:40,07:10,10:40,210,1169,5,1,2026-09-25T13:02:21.000Z
W62512,WZZ,Tel-Aviv,TLV,LLBG,Budapest,BUD,LHBP,,,10:10,12:40,07:10,10:40,210,1169,6,1,2026-09-26T12:00:45.000Z
W62514,WZZ,Tel-Aviv,TLV,LLBG,Budapest,BUD,LHBP,,,10:10,12:40,07:10,10:40,210,1169,7,1,2026-09-27T12:01:19.000Z
W46406,WMT,Tel-Aviv,TLV,LLBG,Milan Malpensa,MXP,LIMC,,,10:50,14:05,07:50,12:05,255,1461,1234567,3,2026-09-30T08:58:32.000Z
W46042,WMT,Tel-Aviv,TLV,LLBG,Rome Fiumicino,FCO,LIRF,,,10:55,13:45,07:55,11:45,230,1230,1234567,2,2026-09-30T08:58:32.000Z
W46924,WMT,Tel-Aviv,TLV,LLBG,Naples,NAP,LIRN,,,11:00,13:30,08:00,11:30,210,1124,1234567,5,2026-09-30T08:58:32.000Z
W62098,WZZ,Tel-Aviv,TLV,LLBG,Kraków,KRK,EPKK,,,11:05,13:50,08:05,11:50,225,1277,1234567,2,2026-09-30T08:58:32.000Z
W61966,WZZ,Tel-Aviv,TLV,LLBG,Vilnius,VNO,EYVI,,,11:10,15:35,08:10,12:35,265,1418,2467,2,2026-09-29T13:59:14.000Z
W46736,WMT,Tel-Aviv,TLV,LLBG,Venice,VCE,LIPZ,,,11:15,14:10,08:15,12:10,235,1322,135,1,2026-09-30T08:58:32.000Z
W61560,WZZ,Tel-Aviv,TLV,LLBG,Warsaw Chopin,WAW,EPWA,,,11:50,14:50,08:50,12:50,240,1354,13457,1,2026-09-30T08:58:32.000Z
W64606,WZZ,Tel-Aviv,TLV,LLBG,Larnaca,LCA,LCLK,,,12:55,14:00,09:55,11:00,65,183,12345,4,2026-09-24T13:00:53.000Z
W47511,WMT,Tel-Aviv,TLV,LLBG,Athens,ATH,LGAV,,,12:55,14:55,09:55,11:55,120,645,1234567,1,2026-09-30T08:58:30.000Z
W95302,WUK,Tel-Aviv,TLV,LLBG,London Luton,LTN,EGGW,,,15:30,18:50,12:30,17:50,320,1944,1234567,1,2026-09-30T08:58:32.000Z
W43264,WMT,Tel-Aviv,TLV,LLBG,Bucharest Otopeni,OTP,LROP,,,16:45,19:35,13:45,16:35,170,859,1234567,3,2026-09-30T08:58:32.000Z
W43690,WMT,Tel-Aviv,TLV,LLBG,Iasi,IAS,LRIA,,,17:15,20:20,14:15,17:20,185,970,47,1,2026-09-27T18:59:44.000Z
W62328,WZZ,Tel-Aviv,TLV,LLBG,Budapest,BUD,LHBP,,,18:50,21:20,15:50,19:20,210,1169,1234567,1,2026-09-30T08:58:32.000Z
W46404,WMT,Tel-Aviv,TLV,LLBG,Milan Malpensa,MXP,LIMC,,,18:55,22:10,15:55,20:10,255,1461,1234567,1,2026-09-30T08:58:32.000Z
W62100,WZZ,Tel-Aviv,TLV,LLBG,Kraków,KRK,EPKK,,,20:45,23:30,17:45,21:30,225,1277,6,1,2026-09-26T22:59:17.000Z
W46640,WMT,Tel-Aviv,TLV,LLBG,Palermo (Sicily),PMO,LICJ,,,21:35,23:55,18:35,21:55,200,1130,136,1,2026-09-30T08:58:32.000Z
W95804,WUK,Tel-Aviv,TLV,LLBG,London Gatwick,LGW,EGKK,,,21:45,01:05,18:45,00:05,320,1921,23467,1,2026-09-30T08:58:32.000Z
W46044,WMT,Tel-Aviv,TLV,LLBG,Rome Fiumicino,FCO,LIRF,,,21:55,00:45,18:55,22:45,230,1230,1234567,3,2026-09-30T08:58:32.000Z
W46050,WMT,Tel-Aviv,TLV,LLBG,Rome Fiumicino,FCO,LIRF,,,21:55,00:45,18:55,22:45,230,1230,157,1,2026-09-27T23:59:00.000Z
W64434,WZZ,Tel-Aviv,TLV,LLBG,Sofia,SOF,LBSF,,,22:00,00:40,19:00,21:40,160,842,135,3,2026-09-30T08:58:32.000Z
W67062,WZZ,Tel-Aviv,TLV,LLBG,Bratislava,BTS,LZIB,,,22:30,01:10,19:30,23:10,220,1259,1234567,2,2026-09-30T02:01:28.000Z
W95306,WUK,Tel-Aviv,TLV,LLBG,London Luton,LTN,EGGW,,,22:30,01:50,19:30,00:50,320,1944,37,1,2026-09-28T01:58:59.000Z
W46528,WMT,Tel-Aviv,TLV,LLBG,Catania (Sicily),CTA,LICC,,,22:50,01:10,19:50,23:10,200,1029,2467,1,2026-09-30T01:00:26.000Z
W61772,WZZ,Tromso,TOS,ENTC,Gdansk,GDN,EPGD,,,22:10,00:55,20:10,22:55,165,919,135,1,2026-09-29T00:59:24.000Z
W61762,WZZ,Trondheim,TRD,ENVA,Gdansk,GDN,EPGD,,,08:55,10:50,06:55,08:50,115,592,2467,1,2026-09-29T11:00:07.000Z
W61516,WZZ,Oslo Sandefjord Torp,TRF,ENTO,Warsaw Chopin,WAW,EPWA,,,15:05,16:55,13:05,14:55,110,555,1234567,1,2026-09-30T08:58:38.000Z
W43446,WMT,Oslo Sandefjord Torp,TRF,ENTO,Cluj-Napoca,CLJ,LRCL,,,15:20,19:00,13:20,16:00,160,885,15,1,2026-09-28T17:59:12.000Z
W43216,WMT,Oslo Sandefjord Torp,TRF,ENTO,Bucharest Otopeni,OTP,LROP,,,20:30,00:30,18:30,21:30,180,1050,246,2,2026-09-30T00:00:20.000Z
W64706,WZZ,Oslo Sandefjord Torp,TRF,ENTO,Skopje,SKP,LWSK,,,20:50,23:55,18:50,21:55,185,1118,246,2,2026-09-30T00:00:22.000Z
W45194,WMT,Oslo Sandefjord Torp,TRF,ENTO,Tirana,TIA,LATI,,,21:30,00:40,19:30,22:40,190,1124,15,1,2026-09-29T00:59:28.000Z
W46839,WMT,Turin,TRN,LIMF,Bilbao,BIO,LEBB,,,06:00,07:50,04:00,05:50,110,468,135,1,2026-09-30T07:01:12.000Z
W46835,WMT,Turin,TRN,LIMF,Valencia,VLC,LEVC,,,06:00,07:50,04:00,05:50,110,497,2467,1,2026-09-29T06:58:41.000Z
W46803,WMT,Turin,TRN,LIMF,Rome Fiumicino,FCO,LIRF,,,08:30,09:45,06:30,07:45,75,286,1357,3,2026-09-30T08:58:37.000Z
W46612,WMT,Turin,TRN,LIMF,Palermo (Sicily),PMO,LICJ,,,08:55,10:40,06:55,08:40,105,487,1234567,1,2026-09-30T08:58:35.000Z
W46833,WMT,Turin,TRN,LIMF,Barcelona El Prat,BCN,LEBL,,,11:00,12:30,09:00,10:30,90,338,1234567,2,2026-09-30T08:58:31.000Z
W46526,WMT,Turin,TRN,LIMF,Catania (Sicily),CTA,LICC,,,13:35,15:30,11:35,13:30,115,572,1234567,1,2026-09-30T08:58:33.000Z
W45058,WMT,Turin,TRN,LIMF,Tirana,TIA,LATI,,,14:55,16:50,12:55,14:50,115,574,13457,3,2026-09-30T08:58:39.000Z
W46801,WMT,Turin,TRN,LIMF,Rome Fiumicino,FCO,LIRF,,,15:40,16:55,13:40,14:55,75,286,1234567,1,2026-09-29T15:59:42.000Z
W95378,WUK,Turin,TRN,LIMF,London Luton,LTN,EGGW,,,16:40,17:40,14:40,16:40,120,511,246,1,2026-09-29T19:00:56.000Z
W62350,WZZ,Turin,TRN,LIMF,Budapest,BUD,LHBP,,,17:05,18:50,15:05,16:50,105,499,135,2,2026-09-28T18:01:46.000Z
W46556,WMT,Turin,TRN,LIMF,Catania (Sicily),CTA,LICC,,,18:50,20:25,16:50,18:25,95,572,1234567,2,2026-09-30T08:58:39.000Z
W46614,WMT,Turin,TRN,LIMF,Palermo (Sicily),PMO,LICJ,,,19:25,21:10,17:25,19:10,105,487,1234567,2,2026-09-30T08:58:39.000Z
W43150,WMT,Turin,TRN,LIMF,Bucharest Otopeni,OTP,LROP,,,22:15,01:35,20:15,22:35,140,784,1357,1,2026-09-29T00:59:24.000Z
W45060,WMT,Turin,TRN,LIMF,Tirana,TIA,LATI,,,23:10,01:05,21:10,23:05,115,574,1234567,1,2026-09-30T01:00:31.000Z
W43678,WMT,Turin,TRN,LIMF,Iasi,IAS,LRIA,,,23:30,02:55,21:30,23:55,145,836,47,1,2026-09-28T01:00:29.000Z
W45078,WMT,Trieste,TRS,LIPQ,Tirana,TIA,LATI,,,09:30,11:00,07:30,09:00,90,379,135,2,2026-09-28T10:59:43.000Z
W43160,WMT,Venice Treviso,TSF,LIPH,Bucharest Otopeni,OTP,LROP,,,07:55,10:50,05:55,07:50,115,592,1234567,1,2026-09-30T08:58:36.000Z
W45036,WMT,Venice Treviso,TSF,LIPH,Tirana,TIA,LATI,,,09:00,10:30,07:00,08:30,90,414,1234567,1,2026-09-30T08:58:39.000Z
W43778,WMT,Venice Treviso,TSF,LIPH,Craiova,CRA,LRCV,,,13:15,16:00,11:15,13:00,105,503,26,2,2026-09-29T14:59:34.000Z
W43392,WMT,Venice Treviso,TSF,LIPH,Cluj-Napoca,CLJ,LRCL,,,14:45,17:30,12:45,14:30,105,482,15,2,2026-09-28T16:01:08.000Z
W43642,WMT,Venice Treviso,TSF,LIPH,Suceava,SCV,LRSV,,,15:10,18:10,13:10,15:10,120,595,246,3,2026-09-29T16:59:40.000Z
W43670,WMT,Venice Treviso,TSF,LIPH,Iasi,IAS,LRIA,,,15:15,18:20,13:15,15:20,125,644,1357,3,2026-09-30T08:58:36.000Z
W64752,WZZ,Venice Treviso,TSF,LIPH,Skopje,SKP,LWSK,,,15:20,17:00,13:20,15:00,100,464,37,2,2026-09-30T08:58:38.000Z
W43558,WMT,Venice Treviso,TSF,LIPH,Timisoara,TSR,LRTR,,,15:40,18:10,13:40,15:10,90,383,47,2,2026-09-27T16:59:00.000Z
W43162,WMT,Venice Treviso,TSF,LIPH,Bucharest Otopeni,OTP,LROP,,,16:15,19:10,14:15,16:10,115,592,15,1,2026-09-28T17:59:13.000Z
W45038,WMT,Venice Treviso,TSF,LIPH,Tirana,TIA,LATI,,,18:20,19:50,16:20,17:50,90,414,1234567,1,2026-09-30T08:58:39.000Z
W43535,WMT,Timisoara,TSR,LRTR,Berlin Brandenburg,BER,EDDB,,,06:00,06:50,03:00,04:50,110,499,47,1,2026-09-17T06:01:10.000Z
W43559,WMT,Timisoara,TSR,LRTR,Bologna,BLQ,LIPE,,,06:00,06:40,03:00,04:40,100,432,246,1,2026-09-29T06:00:01.000Z
W43545,WMT,Timisoara,TSR,LRTR,Karlsruhe/Baden-Baden,FKB,EDSB,,,06:00,07:00,03:00,05:00,120,568,1357,2,2026-09-30T07:01:15.000Z
W43539,WMT,Timisoara,TSR,LRTR,Memmingen / Munich West,FMM,EDJA,,,06:00,06:50,03:00,04:50,110,473,13457,4,2026-09-30T08:58:30.000Z
W43501,WMT,Timisoara,TSR,LRTR,London Luton,LTN,EGGW,,,06:35,07:30,03:35,06:30,175,927,1234567,1,2026-09-30T08:00:16.000Z
W43541,WMT,Timisoara,TSR,LRTR,Nuremberg,NUE,EDDN,,,06:45,07:30,03:45,05:30,105,470,123456,1,2026-09-15T07:00:32.000Z
W43531,WMT,Timisoara,TSR,LRTR,Dortmund,DTM,EDLW,,,07:00,08:10,04:00,06:10,130,642,1357,1,2026-09-28T08:00:25.000Z
W43543,WMT,Timisoara,TSR,LRTR,Frankfurt Hahn,HHN,EDFH,,,10:15,11:25,07:15,09:25,130,618,26,1,2026-09-15T10:58:59.000Z
W43511,WMT,Timisoara,TSR,LRTR,Zakynthos,ZTH,LGZA,,,12:05,14:00,09:05,11:00,115,484,7,1,2026-09-13T12:59:16.000Z
W43523,WMT,Timisoara,TSR,LRTR,Brussels Charleroi,CRL,EBCI,,,13:45,15:05,10:45,13:05,140,730,246,1,2026-09-29T14:59:33.000Z
W43563,WMT,Timisoara,TSR,LRTR,Barcelona El Prat,BCN,LEBL,,,13:50,15:40,10:50,13:40,170,878,13457,3,2026-09-30T08:58:31.000Z
W43557,WMT,Timisoara,TSR,LRTR,Venice Treviso,TSF,LIPH,,,14:25,15:00,11:25,13:00,95,383,47,2,2026-09-27T14:59:51.000Z
W43525,WMT,Timisoara,TSR,LRTR,Basel-Mulhouse-Freiburg,BSL,LFSB,,,16:00,17:00,13:00,15:00,120,578,246,1,2026-09-17T15:00:25.000Z
W43555,WMT,Timisoara,TSR,LRTR,Naples,NAP,LIRN,,,16:05,16:40,13:05,14:40,95,426,135,1,2026-09-30T08:58:38.000Z
W43561,WMT,Timisoara,TSR,LRTR,Madrid,MAD,LEMD,,,16:30,19:10,13:30,17:10,220,1132,246,2,2026-09-29T19:00:51.000Z
W43521,WMT,Timisoara,TSR,LRTR,Paris Beauvais,BVA,LFOB,,,18:00,19:35,15:00,17:35,155,806,135,1,2026-09-28T19:01:09.000Z
W43567,WMT,Timisoara,TSR,LRTR,Valencia,VLC,LEVC,,,18:40,20:50,15:40,18:50,190,1031,47,2,2026-09-27T20:00:12.000Z
W43571,WMT,Timisoara,TSR,LRTR,Larnaca,LCA,LCLK,,,19:35,22:15,16:35,19:15,160,862,246,1,2026-09-29T21:01:02.000Z
W43553,WMT,Timisoara,TSR,LRTR,Rome Fiumicino,FCO,LIRF,,,20:15,21:05,17:15,19:05,110,461,1357,2,2026-09-30T08:58:39.000Z
W43565,WMT,Timisoara,TSR,LRTR,Prague,PRG,LKPR,,,20:50,21:15,17:50,19:15,85,384,26,1,2026-09-15T21:01:00.000Z
W43551,WMT,Timisoara,TSR,LRTR,Milan Bergamo,BGY,LIME,,,21:00,21:50,18:00,19:50,110,487,13457,2,2026-09-30T08:58:39.000Z
W43549,WMT,Timisoara,TSR,LRTR,Bari,BRI,LIBD,,,21:00,21:25,18:00,19:25,85,344,47,2,2026-09-28T13:01:43.000Z
W64275,WZZ,Tuzla,TZL,LQTZ,Berlin Brandenburg,BER,EDDB,,,06:00,07:45,04:00,05:45,105,518,135,1,2026-09-30T07:01:12.000Z
W64297,WZZ,Tuzla,TZL,LQTZ,Dortmund,DTM,EDLW,,,06:00,08:05,04:00,06:05,125,614,2467,1,2026-09-29T07:59:14.000Z
W64295,WZZ,Tuzla,TZL,LQTZ,Gothenburg Landvetter,GOT,ESGG,,,06:15,08:45,04:15,06:45,150,828,237,2,2026-09-30T08:00:12.000Z
W64239,WZZ,Tuzla,TZL,LQTZ,Hamburg,HAM,EDDH,,,06:15,08:25,04:15,06:25,130,648,135,2,2026-09-30T08:58:36.000Z
W64291,WZZ,Tuzla,TZL,LQTZ,Malmo,MMX,ESMS,,,06:15,08:25,04:15,06:25,130,696,2467,2,2026-09-29T07:59:18.000Z
W64279,WZZ,Tuzla,TZL,LQTZ,Memmingen / Munich West,FMM,EDJA,,,10:40,12:15,08:40,10:15,95,411,1234567,3,2026-09-30T08:58:30.000Z
W64243,WZZ,Tuzla,TZL,LQTZ,Bratislava,BTS,LZIB,,,11:15,12:20,09:15,10:20,65,231,2467,2,2026-09-29T12:00:41.000Z
W64241,WZZ,Tuzla,TZL,LQTZ,Maastricht,MST,EHBK,,,12:10,14:20,10:10,12:20,130,650,1356,3,2026-09-30T08:58:37.000Z
W64249,WZZ,Tuzla,TZL,LQTZ,Larnaca,LCA,LCLK,,,12:30,16:15,10:30,13:15,165,895,26,1,2026-09-29T14:59:37.000Z
W64283,WZZ,Tuzla,TZL,LQTZ,Frankfurt Hahn,HHN,EDFH,,,19:45,21:45,17:45,19:45,120,571,246,1,2026-09-29T21:00:56.000Z
W64299,WZZ,Tuzla,TZL,LQTZ,Cologne,CGN,EDDK,,,20:05,22:10,18:05,20:10,125,605,1357,3,2026-09-30T08:58:39.000Z
W64527,WZZ,Varna (Black Sea),VAR,LBWN,Barcelona El Prat,BCN,LEBL,,,05:00,07:25,02:00,05:25,205,1145,246,1,2026-09-22T07:00:07.000Z
W64537,WZZ,Varna (Black Sea),VAR,LBWN,Paris Beauvais,BVA,LFOB,,,05:00,07:20,02:00,05:20,200,1123,37,1,2026-09-20T07:00:20.000Z
W64511,WZZ,Varna (Black Sea),VAR,LBWN,Memmingen / Munich West,FMM,EDJA,,,05:00,06:25,02:00,04:25,145,790,23467,1,2026-09-29T06:00:00.000Z
W64519,WZZ,Varna (Black Sea),VAR,LBWN,Hamburg,HAM,EDDH,,,05:30,07:20,02:30,05:20,170,941,12467,1,2026-09-29T07:00:55.000Z
W64547,WZZ,Varna (Black Sea),VAR,LBWN,Tel-Aviv,TLV,LLBG,,,05:50,08:10,02:50,05:10,140,752,1356,2,2026-09-30T08:00:09.000Z
W64501,WZZ,Varna (Black Sea),VAR,LBWN,London Luton,LTN,EGGW,,,05:55,07:15,02:55,06:15,200,1244,13457,2,2026-09-30T08:00:16.000Z
W64509,WZZ,Varna (Black Sea),VAR,LBWN,Dortmund,DTM,EDLW,,,11:10,13:05,08:10,11:05,175,956,234567,3,2026-09-30T08:58:34.000Z
W64535,WZZ,Varna (Black Sea),VAR,LBWN,Brussels Charleroi,CRL,EBCI,,,12:35,14:40,09:35,12:40,185,1047,124567,3,2026-09-29T14:01:33.000Z
W64515,WZZ,Varna (Black Sea),VAR,LBWN,Berlin Brandenburg,BER,EDDB,,,12:40,14:05,09:40,12:05,145,794,1234567,4,2026-09-30T08:58:39.000Z
W64529,WZZ,Varna (Black Sea),VAR,LBWN,Gdansk,GDN,EPGD,,,13:10,14:45,10:10,12:45,155,763,135,1,2026-09-21T13:59:28.000Z
W62346,WZZ,Varna (Black Sea),VAR,LBWN,Budapest,BUD,LHBP,,,13:50,14:30,10:50,12:30,100,440,12357,4,2026-09-16T15:01:49.000Z
W61270,WZZ,Varna (Black Sea),VAR,LBWN,Katowice,KTW,EPKT,,,15:20,16:20,12:20,14:20,120,563,1457,3,2026-09-27T11:00:40.000Z
W46240,WMT,Varna (Black Sea),VAR,LBWN,Rome Fiumicino,FCO,LIRF,,,15:40,17:10,12:40,15:10,150,693,1246,4,2026-09-29T16:59:39.000Z
W64513,WZZ,Varna (Black Sea),VAR,LBWN,Eindhoven,EIN,EHEH,,,16:05,18:10,13:05,16:10,185,1032,135,1,2026-09-30T08:58:34.000Z
W61426,WZZ,Varna (Black Sea),VAR,LBWN,Warsaw Modlin,WMI,EPMO,,,17:45,18:50,14:45,16:50,125,624,246,2,2026-09-29T16:59:40.000Z
W61888,WZZ,Varna (Black Sea),VAR,LBWN,Wroclaw,WRO,EPWR,,,17:50,19:00,14:50,17:00,130,649,1357,3,2026-09-30T08:58:39.000Z
W64543,WZZ,Varna (Black Sea),VAR,LBWN,Nuremberg,NUE,EDDN,,,18:10,19:35,15:10,17:35,145,787,26,1,2026-09-29T18:58:50.000Z
W64541,WZZ,Varna (Black Sea),VAR,LBWN,Frankfurt Hahn,HHN,EDFH,,,18:50,20:40,15:50,18:40,170,935,15,1,2026-09-28T20:00:03.000Z
W64523,WZZ,Varna (Black Sea),VAR,LBWN,Athens,ATH,LGAV,,,19:25,20:50,16:25,17:50,85,364,135,1,2026-09-18T19:01:54.000Z
W64533,WZZ,Varna (Black Sea),VAR,LBWN,Debrecen,DEB,LHDC,,,19:25,19:50,16:25,17:50,85,366,246,1,2026-09-22T20:01:38.000Z
W64507,WZZ,Varna (Black Sea),VAR,LBWN,Milan Bergamo,BGY,LIME,,,20:00,21:35,17:00,19:35,155,788,246,1,2026-09-29T21:01:01.000Z
W67006,WZZ,Varna (Black Sea),VAR,LBWN,Bratislava,BTS,LZIB,,,23:50,00:45,20:50,22:45,115,534,2467,3,2026-09-30T01:00:26.000Z
W46749,WMT,Venice,VCE,LIPZ,Larnaca,LCA,LCLK,,,05:45,10:00,03:45,07:00,195,1160,246,1,2026-09-29T09:03:56.000Z
W46767,WMT,Venice,VCE,LIPZ,Tallinn,TLL,EETN,,,05:45,09:45,03:45,06:45,180,948,347,1,2026-09-27T08:00:15.000Z
W46735,WMT,Venice,VCE,LIPZ,Tel-Aviv,TLV,LLBG,,,05:45,10:20,03:45,07:20,215,1322,135,1,2026-09-30T08:58:33.000Z
W46771,WMT,Venice,VCE,LIPZ,Bilbao,BIO,LEBB,,,06:00,08:15,04:00,06:15,135,667,1357,1,2026-09-30T08:00:09.000Z
W46506,WMT,Venice,VCE,LIPZ,Catania (Sicily),CTA,LICC,,,06:00,07:50,04:00,05:50,110,498,13,2,2026-09-02T07:00:35.000Z
W46729,WMT,Venice,VCE,LIPZ,Madrid,MAD,LEMD,,,06:00,08:40,04:00,06:40,160,760,1234567,1,2026-09-29T09:03:51.000Z
W46777,WMT,Venice,VCE,LIPZ,Seville,SVQ,LEZL,,,06:00,08:55,04:00,06:55,175,950,246,1,2026-09-29T11:00:11.000Z
W46745,WMT,Venice,VCE,LIPZ,Valencia,VLC,LEVC,,,06:00,08:15,04:00,06:15,135,672,1357,2,2026-09-30T08:00:18.000Z
W46769,WMT,Venice,VCE,LIPZ,Bordeaux,BOD,LFBD,,,06:15,08:10,04:15,06:10,115,554,246,1,2026-09-29T08:05:44.000Z
W41346,WMT,Venice,VCE,LIPZ,Warsaw Chopin,WAW,EPWA,,,06:15,08:05,04:15,06:05,110,524,1357,1,2026-09-30T08:00:18.000Z
W46608,WMT,Venice,VCE,LIPZ,Palermo (Sicily),PMO,LICJ,,,08:15,09:50,06:15,07:50,95,441,1234567,1,2026-09-30T08:58:35.000Z
W46513,WMT,Venice,VCE,LIPZ,Catania (Sicily),CTA,LICC,,,11:15,13:05,09:15,11:05,110,498,1234567,1,2026-09-30T08:58:33.000Z
W46761,WMT,Venice,VCE,LIPZ,Alghero (Sardinia),AHO,LIEA,,,11:35,13:00,09:35,11:00,85,342,135,3,2026-09-04T13:01:16.000Z
W46723,WMT,Venice,VCE,LIPZ,Athens,ATH,LGAV,,,11:45,14:55,09:45,11:55,130,689,1234567,4,2026-09-30T08:58:30.000Z
W46741,WMT,Venice,VCE,LIPZ,Kraków,KRK,EPKK,,,15:00,16:30,13:00,14:30,90,406,246,1,2026-09-29T16:59:37.000Z
W46711,WMT,Venice,VCE,LIPZ,Naples,NAP,LIRN,,,15:05,16:25,13:05,14:25,80,290,1234567,2,2026-09-30T08:58:38.000Z
W46709,WMT,Venice,VCE,LIPZ,Budapest,BUD,LHBP,,,15:15,16:35,13:15,14:35,80,308,135,1,2026-09-30T08:58:33.000Z
W46765,WMT,Venice,VCE,LIPZ,Sharm El Sheikh,SSH,HESH,,,16:25,21:20,14:25,18:20,235,1484,135,1,2026-09-30T08:58:39.000Z
W46763,WMT,Venice,VCE,LIPZ,Yerevan,EVN,UDYZ,,,16:35,22:20,14:35,18:20,225,1437,47,1,2026-09-27T20:59:28.000Z
W46743,WMT,Venice,VCE,LIPZ,Kutaisi,KUT,UGKO,,,16:35,22:15,14:35,18:15,220,1312,256,2,2026-09-29T20:00:26.000Z
W66709,WZZ,Venice,VCE,LIPZ,Budapest,BUD,LHBP,,,16:55,18:15,14:55,16:15,80,308,3,1,2026-09-02T18:00:37.000Z
W46610,WMT,Venice,VCE,LIPZ,Palermo (Sicily),PMO,LICJ,,,17:25,19:00,15:25,17:00,95,441,135,2,2026-09-30T08:58:35.000Z
W46775,WMT,Venice,VCE,LIPZ,Malaga,AGP,LEMG,,,18:15,21:05,16:15,19:05,170,926,1357,1,2026-09-30T08:58:39.000Z
W46747,WMT,Venice,VCE,LIPZ,London Luton,LTN,EGGW,,,18:55,20:10,16:55,19:10,135,631,1234567,2,2026-09-29T21:01:03.000Z
W46773,WMT,Venice,VCE,LIPZ,Alicante,ALC,LEAL,,,19:00,21:20,17:00,19:20,140,720,246,1,2026-09-26T22:01:24.000Z
W46727,WMT,Venice,VCE,LIPZ,Barcelona El Prat,BCN,LEBL,,,19:15,21:15,17:15,19:15,120,514,1234567,1,2026-09-30T08:58:39.000Z
W46721,WMT,Venice,VCE,LIPZ,Chisinau,RMO,LUKK,,,21:15,00:25,19:15,21:25,130,693,1347,2,2026-08-31T05:18:59.000Z
W46030,WMT,Valencia,VLC,LEVC,Rome Fiumicino,FCO,LIRF,,,08:35,10:40,06:35,08:40,125,596,27,2,2026-09-27T09:59:21.000Z
W46836,WMT,Valencia,VLC,LEVC,Turin,TRN,LIMF,,,08:35,10:25,06:35,08:25,110,497,2467,1,2026-09-29T10:00:35.000Z
W46746,WMT,Valencia,VLC,LEVC,Venice,VCE,LIPZ,,,08:55,11:05,06:55,09:05,130,672,1357,2,2026-09-30T08:58:39.000Z
W43232,WMT,Valencia,VLC,LEVC,Bucharest Otopeni,OTP,LROP,,,09:15,13:40,07:15,10:40,205,1218,15,1,2026-09-28T11:59:07.000Z
W62080,WZZ,Valencia,VLC,LEVC,Kraków,KRK,EPKK,,,09:20,12:30,07:20,10:30,190,1067,1234567,7,2026-09-30T08:58:36.000Z
W46414,WMT,Valencia,VLC,LEVC,Milan Malpensa,MXP,LIMC,,,09:30,11:30,07:30,09:30,120,549,37,2,2026-09-30T08:58:38.000Z
W61338,WZZ,Valencia,VLC,LEVC,Warsaw Chopin,WAW,EPWA,,,09:50,13:20,07:50,11:20,210,1169,1234567,5,2026-09-30T08:58:39.000Z
W95368,WUK,Valencia,VLC,LEVC,London Luton,LTN,EGGW,,,10:00,11:25,08:00,10:25,145,744,1234567,4,2026-09-30T08:58:37.000Z
W95738,WUK,Valencia,VLC,LEVC,London Gatwick,LGW,EGKK,,,12:40,14:10,10:40,13:10,150,700,1234567,3,2026-09-29T12:59:44.000Z
W46320,WMT,Valencia,VLC,LEVC,Milan Malpensa,MXP,LIMC,,,14:35,16:35,12:35,14:35,120,549,1356,3,2026-09-28T16:58:41.000Z
W46028,WMT,Valencia,VLC,LEVC,Rome Fiumicino,FCO,LIRF,,,15:25,17:30,13:25,15:30,125,596,1234567,1,2026-09-30T08:58:37.000Z
W43186,WMT,Valencia,VLC,LEVC,Bucharest Otopeni,OTP,LROP,,,19:45,00:10,17:45,21:10,205,1218,1234567,1,2026-09-30T08:58:39.000Z
W62386,WZZ,Valencia,VLC,LEVC,Budapest,BUD,LHBP,,,19:50,22:50,17:50,20:50,180,980,13457,2,2026-09-30T08:58:39.000Z
W64410,WZZ,Valencia,VLC,LEVC,Sofia,SOF,LBSF,,,20:00,00:10,18:00,21:10,190,1095,23467,3,2026-09-29T22:59:59.000Z
W43412,WMT,Valencia,VLC,LEVC,Cluj-Napoca,CLJ,LRCL,,,20:25,00:45,18:25,21:45,200,1140,47,2,2026-09-27T23:00:55.000Z
W43568,WMT,Valencia,VLC,LEVC,Timisoara,TSR,LRTR,,,21:40,01:35,19:40,22:35,175,1031,47,2,2026-09-27T23:59:01.000Z
W43724,WMT,Valencia,VLC,LEVC,Iasi,IAS,LRIA,,,22:10,02:50,20:10,23:50,220,1303,37,2,2026-09-28T01:00:29.000Z
W46318,WMT,Valencia,VLC,LEVC,Milan Malpensa,MXP,LIMC,,,22:15,00:15,20:15,22:15,120,549,1234567,1,2026-09-30T00:00:22.000Z
W46046,WMT,Valencia,VLC,LEVC,Rome Fiumicino,FCO,LIRF,,,22:40,00:45,20:40,22:45,125,596,1234567,2,2026-09-29T04:00:07.000Z
W45156,WMT,Valencia,VLC,LEVC,Tirana,TIA,LATI,,,22:40,01:25,20:40,23:25,165,928,145,2,2026-09-29T00:59:28.000Z
W61957,WZZ,Vilnius,VNO,EYVI,Catania (Sicily),CTA,LICC,,,05:20,07:40,02:20,05:40,200,1113,26,2,2026-09-29T07:00:53.000Z
W61911,WZZ,Vilnius,VNO,EYVI,Malaga,AGP,LEMG,,,06:00,09:15,03:00,07:15,255,1629,135,1,2026-09-30T08:58:37.000Z
W61965,WZZ,Vilnius,VNO,EYVI,Tel-Aviv,TLV,LLBG,,,06:00,10:15,03:00,07:15,255,1418,2467,1,2026-09-29T09:03:51.000Z
W61967,WZZ,Vilnius,VNO,EYVI,Tallinn,TLL,EETN,,,06:15,07:30,03:15,04:30,75,287,1234567,1,2026-09-30T05:59:42.000Z
W61901,WZZ,Vilnius,VNO,EYVI,London Luton,LTN,EGGW,,,06:20,07:15,03:20,06:15,175,931,13457,2,2026-09-30T08:00:16.000Z
W62040,WZZ,Vilnius,VNO,EYVI,Kraków,KRK,EPKK,,,09:25,09:50,06:25,07:50,85,340,1357,1,2026-09-30T08:58:36.000Z
W61989,WZZ,Vilnius,VNO,EYVI,Billund,BLL,EKBI,,,09:55,10:50,06:55,08:50,115,556,246,1,2026-09-29T10:00:29.000Z
W62426,WZZ,Vilnius,VNO,EYVI,Budapest,BUD,LHBP,,,09:55,10:40,06:55,08:40,105,488,1357,1,2026-09-30T08:58:33.000Z
W61921,WZZ,Vilnius,VNO,EYVI,Eindhoven,EIN,EHEH,,,13:30,14:55,10:30,12:55,145,741,15,1,2026-09-28T14:00:36.000Z
W61937,WZZ,Vilnius,VNO,EYVI,Tirana,TIA,LATI,,,13:30,15:05,10:30,13:05,155,824,246,3,2026-09-29T14:59:41.000Z
W61969,WZZ,Vilnius,VNO,EYVI,Nice,NCE,LFMN,,,15:10,17:10,12:10,15:10,180,963,237,2,2026-09-30T08:58:38.000Z
W61933,WZZ,Vilnius,VNO,EYVI,Dortmund,DTM,EDLW,,,15:20,16:35,12:20,14:35,135,662,23467,2,2026-09-30T08:58:34.000Z
W61963,WZZ,Vilnius,VNO,EYVI,Reykjavik,KEF,BIKF,,,15:25,16:45,12:25,16:45,260,1527,15,2,2026-09-28T17:59:13.000Z
W61913,WZZ,Vilnius,VNO,EYVI,Barcelona El Prat,BCN,LEBL,,,16:35,19:10,13:35,17:10,215,1219,23467,1,2026-09-29T19:00:52.000Z
W61945,WZZ,Vilnius,VNO,EYVI,Larnaca,LCA,LCLK,,,16:35,20:25,13:35,17:25,230,1236,1356,2,2026-09-30T08:58:37.000Z
W61947,WZZ,Vilnius,VNO,EYVI,Kutaisi,KUT,UGKO,,,19:25,00:15,16:25,20:15,230,1009,2467,3,2026-09-29T17:59:52.000Z
W61977,WZZ,Vilnius,VNO,EYVI,Bergen,BGO,ENBR,,,19:35,20:55,16:35,18:55,140,728,2,1,2026-09-01T20:01:11.000Z
W61953,WZZ,Vilnius,VNO,EYVI,Milan Malpensa,MXP,LIMC,,,19:35,21:15,16:35,19:15,160,832,135,1,2026-09-28T21:00:02.000Z
W61728,WZZ,Vilnius,VNO,EYVI,Gdansk,GDN,EPGD,,,19:45,19:50,16:45,17:50,65,238,2467,3,2026-09-29T10:00:29.000Z
W61971,WZZ,Vilnius,VNO,EYVI,Prague,PRG,LKPR,,,20:00,20:45,17:00,18:45,105,486,246,3,2026-09-29T20:00:30.000Z
W61939,WZZ,Vilnius,VNO,EYVI,Podgorica,TGD,LYPG,,,20:00,21:25,17:00,19:25,145,774,47,1,2026-09-27T20:59:26.000Z
W61973,WZZ,Vilnius,VNO,EYVI,Turku,TKU,EFTU,,,20:50,22:15,17:50,19:15,85,366,246,1,2026-09-15T20:58:34.000Z
W45054,WMT,Verona,VRN,LIPX,Tirana,TIA,LATI,,,12:10,13:45,10:10,11:45,95,453,135,2,2026-09-30T08:58:39.000Z
W46552,WMT,Verona,VRN,LIPX,Catania (Sicily),CTA,LICC,,,13:10,15:00,11:10,13:00,110,512,1234567,1,2026-09-30T08:58:33.000Z
W45056,WMT,Verona,VRN,LIPX,Tirana,TIA,LATI,,,23:35,01:10,21:35,23:10,95,453,1234567,1,2026-09-30T01:00:31.000Z
W61471,WZZ,Warsaw Chopin,WAW,EPWA,Madrid,MAD,LEMD,,,05:35,09:25,03:35,07:25,230,1226,1234567,2,2026-09-30T08:58:32.000Z
W61337,WZZ,Warsaw Chopin,WAW,EPWA,Valencia,VLC,LEVC,,,05:35,09:05,03:35,07:05,210,1169,1234567,4,2026-09-30T08:58:39.000Z
W61501,WZZ,Warsaw Chopin,WAW,EPWA,Stockholm Skavsta,NYO,ESKN,,,05:35,07:15,03:35,05:15,100,421,1357,1,2026-09-30T07:01:18.000Z
W61475,WZZ,Warsaw Chopin,WAW,EPWA,Barcelona El Prat,BCN,LEBL,,,05:40,08:45,03:40,06:45,185,1010,1234567,1,2026-09-30T08:00:07.000Z
W61349,WZZ,Warsaw Chopin,WAW,EPWA,Nice,NCE,LFMN,,,05:40,08:15,03:40,06:15,155,751,123567,2,2026-09-30T08:00:16.000Z
W61311,WZZ,Warsaw Chopin,WAW,EPWA,Liverpool,LPL,EGGP,,,05:45,07:35,03:45,06:35,170,864,1357,1,2026-09-28T08:00:28.000Z
W61339,WZZ,Warsaw Chopin,WAW,EPWA,Bari,BRI,LIBD,,,05:55,08:05,03:55,06:05,130,684,23467,2,2026-09-30T08:00:07.000Z
W61323,WMT,Warsaw Chopin,WAW,EPWA,Chania (Crete),CHQ,LGSA,,,05:55,09:50,03:55,06:50,175,1008,15,1,2026-09-28T08:00:24.000Z
W61545,WZZ,Warsaw Chopin,WAW,EPWA,Heraklion (Crete),HER,LGIR,,,05:55,09:30,03:55,06:30,155,1026,246,3,2026-09-29T07:59:16.000Z
W61547,WZZ,Warsaw Chopin,WAW,EPWA,Santorini,JTR,LGSR,,,05:55,09:35,03:55,06:35,160,966,26,1,2026-09-19T07:59:17.000Z
W61313,WZZ,Warsaw Chopin,WAW,EPWA,Olbia (Sardinia),OLB,LIEO,,,05:55,08:10,03:55,06:10,135,823,247,2,2026-09-29T07:59:19.000Z
W61431,WZZ,Warsaw Chopin,WAW,EPWA,Milan Bergamo,BGY,LIME,,,06:00,08:05,04:00,06:05,125,590,1234567,1,2026-09-30T08:00:12.000Z
W61301,WZZ,Warsaw Chopin,WAW,EPWA,London Luton,LTN,EGGW,,,06:00,07:35,04:00,06:35,155,786,1234567,1,2026-09-30T08:00:16.000Z
W61441,WZZ,Warsaw Chopin,WAW,EPWA,Rome Fiumicino,FCO,LIRF,,,06:10,08:30,04:10,06:30,140,716,1234567,2,2026-09-30T08:00:16.000Z
W61559,WZZ,Warsaw Chopin,WAW,EPWA,Tel-Aviv,TLV,LLBG,,,06:10,10:55,04:10,07:55,225,1354,1234567,1,2026-09-30T08:58:33.000Z
W61315,WZZ,Warsaw Chopin,WAW,EPWA,Leeds,LBA,EGNM,,,06:10,07:50,04:10,06:50,160,820,246,2,2026-09-29T07:59:17.000Z
W61555,WZZ,Warsaw Chopin,WAW,EPWA,Split,SPU,LDSP,,,06:15,08:10,04:15,06:10,115,551,135,2,2026-09-30T08:00:17.000Z
W61357,WZZ,Warsaw Chopin,WAW,EPWA,Genoa,GOA,LIMJ,,,06:15,08:35,04:15,06:35,140,670,246,2,2026-09-29T07:59:15.000Z
W61449,WZZ,Warsaw Chopin,WAW,EPWA,Lamezia Terme,SUF,LICA,,,06:30,09:05,04:30,07:05,155,820,135,3,2026-09-30T08:58:36.000Z
W61367,WZZ,Warsaw Chopin,WAW,EPWA,Copenhagen,CPH,EKCH,,,06:40,08:15,04:40,06:15,95,359,1234567,1,2026-09-29T07:59:14.000Z
W61335,WZZ,Warsaw Chopin,WAW,EPWA,Malaga,AGP,LEMG,,,06:50,10:45,04:50,08:45,235,1421,26,2,2026-09-29T10:00:33.000Z
W61487,WZZ,Warsaw Chopin,WAW,EPWA,Alicante,ALC,LEAL,,,07:05,10:45,05:05,08:45,220,1226,1234567,1,2026-09-30T08:58:30.000Z
W61587,WZZ,Warsaw Chopin,WAW,EPWA,Malta,MLA,LMML,,,07:05,10:30,05:05,08:30,205,1018,1,1,2026-09-14T09:59:56.000Z
W61551,WZZ,Warsaw Chopin,WAW,EPWA,Larnaca,LCA,LCLK,,,07:05,11:30,05:05,08:30,205,1171,1234567,1,2026-09-30T08:58:37.000Z
W62468,WZZ,Warsaw Chopin,WAW,EPWA,Budapest,BUD,LHBP,,,08:10,09:30,06:10,07:30,80,292,1234567,1,2026-09-29T11:00:03.000Z
W41345,WMT,Warsaw Chopin,WAW,EPWA,Venice,VCE,LIPZ,,,08:40,10:40,06:40,08:40,120,524,1357,1,2026-09-30T08:58:39.000Z
W61575,WZZ,Warsaw Chopin,WAW,EPWA,Kutaisi,KUT,UGKO,,,09:10,14:35,07:10,10:35,205,1057,1234567,1,2026-09-30T08:58:37.000Z
W46388,WMT,Warsaw Chopin,WAW,EPWA,Milan Malpensa,MXP,LIMC,,,09:45,12:00,07:45,10:00,135,621,1234567,2,2026-09-29T12:00:48.000Z
W61495,WZZ,Warsaw Chopin,WAW,EPWA,Tenerife (Canary Islands),TFS,GCTS,,,10:35,15:35,08:35,14:35,360,2210,1357,2,2026-09-30T08:58:39.000Z
W61353,WZZ,Warsaw Chopin,WAW,EPWA,Paris Orly,ORY,LFPO,,,10:45,13:20,08:45,11:20,155,738,1234567,1,2026-09-30T08:58:38.000Z
W61361,WZZ,Warsaw Chopin,WAW,EPWA,Dortmund,DTM,EDLW,,,11:15,13:05,09:15,11:05,110,496,13457,4,2026-09-30T08:58:34.000Z
W61553,WZZ,Warsaw Chopin,WAW,EPWA,Zakynthos,ZTH,LGZA,,,11:20,15:05,09:20,12:05,165,865,267,2,2026-09-19T13:59:16.000Z
W61423,WZZ,Warsaw Chopin,WAW,EPWA,Bratislava,BTS,LZIB,,,11:40,12:55,09:40,10:55,75,280,23467,5,2026-09-30T08:58:33.000Z
W61535,WZZ,Warsaw Chopin,WAW,EPWA,Funchal (Madeira),FNC,LPMA,,,11:40,16:05,09:40,15:05,325,2005,2467,1,2026-09-27T16:58:58.000Z
W61579,WZZ,Warsaw Chopin,WAW,EPWA,Podgorica,TGD,LYPG,,,11:50,13:45,09:50,11:45,115,593,246,1,2026-09-29T12:59:44.000Z
W61543,WZZ,Warsaw Chopin,WAW,EPWA,Corfu,CFU,LGKR,,,12:10,15:35,10:10,12:35,145,756,246,2,2026-09-29T14:59:34.000Z
W64348,WZZ,Warsaw Chopin,WAW,EPWA,Sofia,SOF,LBSF,,,12:10,15:10,10:10,12:10,120,577,13567,3,2026-09-28T14:00:42.000Z
W61329,WZZ,Warsaw Chopin,WAW,EPWA,Dubrovnik,DBV,LDDU,,,12:15,14:10,10:15,12:10,115,587,2467,2,2026-09-29T13:59:09.000Z
W61561,WZZ,Warsaw Chopin,WAW,EPWA,Bourgas (Black Sea),BOJ,LBBG,,,12:20,15:35,10:20,12:35,135,634,123456,4,2026-09-29T20:00:23.000Z
W65176,WZZ,Warsaw Chopin,WAW,EPWA,Tirana,TIA,LATI,,,12:25,14:25,10:25,12:25,120,647,1,1,2026-09-28T14:00:42.000Z
W61515,WZZ,Warsaw Chopin,WAW,EPWA,Oslo Sandefjord Torp,TRF,ENTO,,,12:35,14:30,10:35,12:30,115,555,1234567,1,2026-09-30T08:58:38.000Z
W61377,WZZ,Warsaw Chopin,WAW,EPWA,Brasov,GHV,LRBV,,,12:45,15:25,10:45,12:25,100,427,26,2,2026-09-29T12:00:50.000Z
W61215,WZZ,Warsaw Chopin,WAW,EPWA,Milan Bergamo,BGY,LIME,,,12:50,14:55,10:50,12:55,125,590,2,1,2026-09-29T13:59:10.000Z
W61371,WZZ,Warsaw Chopin,WAW,EPWA,Eindhoven,EIN,EHEH,,,12:50,14:55,10:50,12:55,125,579,1234567,1,2026-09-30T08:58:34.000Z
W61303,WZZ,Warsaw Chopin,WAW,EPWA,London Luton,LTN,EGGW,,,13:10,14:25,11:10,13:25,135,786,1234567,5,2026-09-30T08:58:37.000Z
W61497,WZZ,Warsaw Chopin,WAW,EPWA,Faro (Algarve),FAO,LPFR,,,13:15,16:35,11:15,15:35,260,1519,26,1,2026-09-29T17:59:50.000Z
W66390,WZZ,Warsaw Chopin,WAW,EPWA,Milan Malpensa,MXP,LIMC,,,13:30,15:45,11:30,13:45,135,621,135,2,2026-09-30T08:58:38.000Z
W61359,WZZ,Warsaw Chopin,WAW,EPWA,Malaga,AGP,LEMG,,,13:35,17:45,11:35,15:45,250,1421,1234567,1,2026-09-30T08:58:37.000Z
W61595,WZZ,Warsaw Chopin,WAW,EPWA,Porto,OPO,LPPR,,,14:25,17:15,12:25,16:15,230,1372,15,2,2026-09-28T17:59:13.000Z
W61457,WZZ,Warsaw Chopin,WAW,EPWA,Naples,NAP,LIRN,,,14:30,16:55,12:30,14:55,145,730,6,1,2026-09-19T15:59:15.000Z
W61351,WZZ,Warsaw Chopin,WAW,EPWA,Seville,SVQ,LEZL,,,14:30,18:35,12:30,16:35,245,1433,135,2,2026-09-30T08:58:38.000Z
W61489,WZZ,Warsaw Chopin,WAW,EPWA,Alicante,ALC,LEAL,,,14:45,18:25,12:45,16:25,220,1226,246,3,2026-09-29T17:59:46.000Z
W61327,WZZ,Warsaw Chopin,WAW,EPWA,Palma de Mallorca,PMI,LEPA,,,15:40,18:55,13:40,16:55,195,1069,246,1,2026-09-29T18:58:51.000Z
W61455,WZZ,Warsaw Chopin,WAW,EPWA,Bilbao,BIO,LEBB,,,15:45,19:10,13:45,17:10,205,1094,357,3,2026-09-30T08:58:33.000Z
W61477,WZZ,Warsaw Chopin,WAW,EPWA,Barcelona El Prat,BCN,LEBL,,,15:55,19:00,13:55,17:00,185,1010,1234567,1,2026-09-30T08:58:31.000Z
W61325,WZZ,Warsaw Chopin,WAW,EPWA,Rhodes,RHO,LGRP,,,16:00,20:00,14:00,17:00,180,993,1457,2,2026-09-28T18:58:57.000Z
W61481,WZZ,Warsaw Chopin,WAW,EPWA,Menorca,MAH,LEMH,,,16:00,19:05,14:00,17:05,185,1012,37,1,2026-09-30T08:58:37.000Z
W61589,WZZ,Warsaw Chopin,WAW,EPWA,Malta,MLA,LMML,,,16:15,19:15,14:15,17:15,180,1018,1234567,1,2026-09-30T08:58:37.000Z
W61383,WZZ,Warsaw Chopin,WAW,EPWA,Brussels Charleroi,CRL,EBCI,,,17:30,19:40,15:30,17:40,130,626,1234567,2,2026-09-30T08:58:33.000Z
W61305,WZZ,Warsaw Chopin,WAW,EPWA,London Luton,LTN,EGGW,,,17:30,19:05,15:30,18:05,155,786,1234567,2,2026-09-30T08:58:37.000Z
W61465,WZZ,Warsaw Chopin,WAW,EPWA,Bologna,BLQ,LIPE,,,17:40,19:40,15:40,17:40,120,598,1234567,5,2026-09-30T08:58:33.000Z
W61445,WZZ,Warsaw Chopin,WAW,EPWA,Rome Fiumicino,FCO,LIRF,,,17:40,20:05,15:40,18:05,145,716,246,3,2026-09-29T20:00:26.000Z
W61433,WZZ,Warsaw Chopin,WAW,EPWA,Milan Bergamo,BGY,LIME,,,18:00,20:05,16:00,18:05,125,590,1234567,1,2026-09-30T08:58:36.000Z
W61467,WZZ,Warsaw Chopin,WAW,EPWA,Pisa (Tuscany),PSA,LIRP,,,18:10,20:25,16:10,18:25,135,662,246,1,2026-09-29T20:00:30.000Z
W61583,WZZ,Warsaw Chopin,WAW,EPWA,Bucharest Baneasa,BBU,LRBS,,,18:20,21:10,16:20,18:10,110,503,1234567,1,2026-09-29T20:00:22.000Z
W61365,WZZ,Warsaw Chopin,WAW,EPWA,Tallinn,TLL,EETN,,,19:05,21:45,17:05,18:45,100,454,1234567,4,2026-09-30T08:58:39.000Z
W61343,WZZ,Warsaw Chopin,WAW,EPWA,Zadar,ZAD,LDZD,,,19:05,20:55,17:05,18:55,110,534,2467,3,2026-09-17T07:59:37.000Z
W41453,WMT,Warsaw Chopin,WAW,EPWA,Catania (Sicily),CTA,LICC,,,19:35,22:25,17:35,20:25,170,917,1234567,6,2026-09-29T22:59:54.000Z
W41457,WMT,Warsaw Chopin,WAW,EPWA,Naples,NAP,LIRN,,,20:25,22:55,18:25,20:55,150,730,1234567,1,2026-09-30T08:58:39.000Z
W45172,WMT,Warsaw Chopin,WAW,EPWA,Tirana,TIA,LATI,,,20:50,22:50,18:50,20:50,120,647,135,1,2026-09-30T08:58:39.000Z
W61593,WZZ,Warsaw Chopin,WAW,EPWA,Lisbon,LIS,LPPT,,,20:50,00:10,18:50,23:10,260,1484,15,1,2026-09-29T02:00:49.000Z
W61539,WZZ,Warsaw Chopin,WAW,EPWA,Reykjavik,KEF,BIKF,,,20:55,23:10,18:55,23:10,255,1514,23467,1,2026-09-30T08:58:39.000Z
W41443,WMT,Warsaw Chopin,WAW,EPWA,Rome Fiumicino,FCO,LIRF,,,21:30,23:55,19:30,21:55,145,716,1234567,1,2026-09-30T01:00:30.000Z
W62470,WZZ,Warsaw Chopin,WAW,EPWA,Budapest,BUD,LHBP,,,22:05,23:25,20:05,21:25,80,292,134567,2,2026-09-28T22:59:35.000Z
W61419,WZZ,Warsaw Modlin,WMI,EPMO,Bergen,BGO,ENBR,,,05:40,07:55,03:40,05:55,135,693,13457,1,2026-09-28T07:02:29.000Z
W61417,WZZ,Warsaw Modlin,WMI,EPMO,Paphos,PFO,LCPH,,,05:40,10:10,03:40,07:10,210,1179,246,1,2026-09-29T09:03:58.000Z
W61407,WZZ,Warsaw Modlin,WMI,EPMO,Alghero (Sardinia),AHO,LIEA,,,05:45,08:25,03:45,06:25,160,872,246,1,2026-09-29T08:05:42.000Z
W61409,WZZ,Warsaw Modlin,WMI,EPMO,Malta,MLA,LMML,,,05:45,08:50,03:45,06:50,185,1031,123567,1,2026-09-30T08:00:15.000Z
W61411,WZZ,Warsaw Modlin,WMI,EPMO,Barcelona El Prat,BCN,LEBL,,,11:40,14:35,09:40,12:35,175,1009,1357,1,2026-09-30T08:58:31.000Z
W61385,WZZ,Warsaw Modlin,WMI,EPMO,Basel-Mulhouse-Freiburg,BSL,LFSB,,,13:20,15:25,11:20,13:25,125,583,13457,2,2026-09-30T08:58:39.000Z
W61425,WZZ,Warsaw Modlin,WMI,EPMO,Varna (Black Sea),VAR,LBWN,,,14:10,17:10,12:10,14:10,120,624,246,2,2026-09-29T13:59:14.000Z
W61405,WZZ,Warsaw Modlin,WMI,EPMO,Palermo (Sicily),PMO,LICJ,,,14:35,17:20,12:35,15:20,165,913,2467,3,2026-09-29T16:59:36.000Z
W61403,WZZ,Warsaw Modlin,WMI,EPMO,Brindisi,BDS,LIBR,,,17:45,20:00,15:45,18:00,135,717,246,3,2026-09-29T20:00:23.000Z
W61429,WZZ,Warsaw Modlin,WMI,EPMO,Rimini,RMI,LIPR,,,18:35,20:35,16:35,18:35,120,599,1357,1,2026-09-30T08:58:35.000Z
W61413,WZZ,Warsaw Modlin,WMI,EPMO,Athens,ATH,LGAV,,,19:25,23:05,17:25,20:05,160,882,1357,1,2026-09-30T08:58:39.000Z
W61867,WZZ,Wroclaw,WRO,EPWR,Madrid,MAD,LEMD,,,05:30,08:55,03:30,06:55,205,1061,123456,1,2026-09-30T08:00:07.000Z
W61863,WZZ,Wroclaw,WRO,EPWR,Malaga,AGP,LEMG,,,05:45,09:30,03:45,07:30,225,1259,23467,1,2026-09-30T08:58:37.000Z
W61811,WZZ,Wroclaw,WRO,EPWR,Barcelona El Prat,BCN,LEBL,,,06:00,08:40,04:00,06:40,160,849,1234567,1,2026-09-30T08:00:07.000Z
W61827,WZZ,Wroclaw,WRO,EPWR,Basel-Mulhouse-Freiburg,BSL,LFSB,,,06:00,07:35,04:00,05:35,95,422,1357,2,2026-09-30T08:58:39.000Z
W61891,WZZ,Wroclaw,WRO,EPWR,Ohrid,OHD,LWOH,,,06:00,07:55,04:00,05:55,115,617,37,1,2026-09-16T07:58:52.000Z
W61831,WZZ,Wroclaw,WRO,EPWR,Dortmund,DTM,EDLW,,,06:15,07:40,04:15,05:40,85,349,246,1,2026-09-29T07:00:54.000Z
W64582,WZZ,Wroclaw,WRO,EPWR,Larnaca,LCA,LCLK,,,09:00,13:20,07:00,10:20,200,1215,37,1,2026-09-30T08:58:37.000Z
W61889,WZZ,Wroclaw,WRO,EPWR,Podgorica,TGD,LYPG,,,10:10,12:00,08:10,10:00,110,534,2467,2,2026-09-29T12:00:49.000Z
W61839,WZZ,Wroclaw,WRO,EPWR,Budapest,BUD,LHBP,,,10:25,11:35,08:25,09:35,70,239,135,2,2026-09-30T08:58:33.000Z
W61841,WZZ,Wroclaw,WRO,EPWR,Bucharest Baneasa,BBU,LRBS,,,13:20,16:15,11:20,13:15,115,543,246,1,2026-09-19T16:01:39.000Z
W61861,WZZ,Wroclaw,WRO,EPWR,Split,SPU,LDSP,,,13:50,15:35,11:50,13:35,105,455,15,2,2026-09-28T14:59:56.000Z
W61887,WZZ,Wroclaw,WRO,EPWR,Varna (Black Sea),VAR,LBWN,,,14:10,17:15,12:10,14:15,125,649,1357,3,2026-09-30T08:58:39.000Z
W61813,WZZ,Wroclaw,WRO,EPWR,Tirana,TIA,LATI,,,14:15,16:10,12:15,14:10,115,593,1357,4,2026-09-28T15:58:53.000Z
W61825,WZZ,Wroclaw,WRO,EPWR,Eindhoven,EIN,EHEH,,,14:50,16:30,12:50,14:30,100,432,124567,2,2026-09-29T15:59:39.000Z
W61893,WZZ,Wroclaw,WRO,EPWR,Kutaisi,KUT,UGKO,,,15:55,21:25,13:55,17:25,210,1175,37,1,2026-09-30T08:58:37.000Z
W43980,WMT,Wroclaw,WRO,EPWR,Chisinau,RMO,LUKK,,,15:55,18:45,13:55,15:45,110,536,47,1,2026-08-30T17:00:37.000Z
W61897,WZZ,Wroclaw,WRO,EPWR,Reykjavik,KEF,BIKF,,,16:35,18:40,14:35,18:40,245,1454,246,2,2026-09-29T20:00:25.000Z
W61829,WZZ,Wroclaw,WRO,EPWR,Nice,NCE,LFMN,,,18:25,20:35,16:25,18:35,130,594,246,1,2026-09-29T20:58:49.000Z
W61859,WZZ,Wroclaw,WRO,EPWR,Bari,BRI,LIBD,,,19:15,20:55,17:15,18:55,100,598,1357,4,2026-09-30T08:58:30.000Z
W61801,WZZ,Wroclaw,WRO,EPWR,London Luton,LTN,EGGW,,,19:25,20:40,17:25,19:40,135,645,1234567,2,2026-09-30T08:58:37.000Z
W61853,WZZ,Wroclaw,WRO,EPWR,Catania (Sicily),CTA,LICC,,,19:45,22:20,17:45,20:20,155,822,15,1,2026-09-28T22:00:44.000Z
W62472,WZZ,Zadar,ZAD,LDZD,Budapest,BUD,LHBP,,,17:45,18:55,15:45,16:55,70,258,2467,3,2026-09-19T18:01:29.000Z
W61344,WZZ,Zadar,ZAD,LDZD,Warsaw Chopin,WAW,EPWA,,,21:30,23:20,19:30,21:20,110,534,2467,3,2026-09-17T09:58:35.000Z
W46478,WMT,Zaragoza,ZAZ,LEZG,Milan Malpensa,MXP,LIMC,,,09:25,11:10,07:25,09:10,105,486,246,1,2026-09-29T11:00:10.000Z
W43192,WMT,Zaragoza,ZAZ,LEZG,Bucharest Otopeni,OTP,LROP,,,09:25,13:50,07:25,10:50,205,1197,2346,4,2026-09-30T08:58:36.000Z
W46190,WMT,Zaragoza,ZAZ,LEZG,Rome Fiumicino,FCO,LIRF,,,16:20,18:30,14:20,16:30,130,595,1357,1,2026-09-30T08:58:37.000Z
W43418,WMT,Zaragoza,ZAZ,LEZG,Cluj-Napoca,CLJ,LRCL,,,20:05,00:15,18:05,21:15,190,1102,246,2,2026-09-29T22:59:55.000Z
W43284,WMT,Zakynthos,ZTH,LGZA,Bucharest Otopeni,OTP,LROP,,,08:05,09:50,05:05,06:50,105,472,2346,2,2026-09-19T07:59:13.000Z
W46122,WMT,Zakynthos,ZTH,LGZA,Rome Fiumicino,FCO,LIRF,,,09:25,10:20,06:25,08:20,115,466,134567,4,2026-09-05T09:59:02.000Z
W62456,WZZ,Zakynthos,ZTH,LGZA,Budapest,BUD,LHBP,,,09:40,10:40,06:40,08:40,120,586,2467,4,2026-09-29T10:00:28.000Z
W46434,WMT,Zakynthos,ZTH,LGZA,Milan Malpensa,MXP,LIMC,,,10:30,11:55,07:30,09:55,145,720,13567,2,2026-09-05T11:59:15.000Z
W43512,WMT,Zakynthos,ZTH,LGZA,Timisoara,TSR,LRTR,,,14:30,16:15,11:30,13:15,105,484,7,1,2026-09-13T14:58:55.000Z
W61554,WZZ,Zakynthos,ZTH,LGZA,Warsaw Chopin,WAW,EPWA,,,15:40,17:15,12:40,15:15,155,865,267,2,2026-09-19T17:00:17.000Z
W43318,WMT,Zakynthos,ZTH,LGZA,Cluj-Napoca,CLJ,LRCL,,,17:30,19:30,14:30,16:30,120,556,47,2,2026-09-27T18:00:44.000Z
W95494,WUK,Zakynthos,ZTH,LGZA,London Luton,LTN,EGGW,,,20:00,21:45,17:00,20:45,225,1232,36,2,2026-09-19T23:00:17.000Z
