departure_city,departure_iata,departure_icao,arrival_city,arrival_iata,arrival_icao
Aberdeen,ABZ,EGPD,Gdansk,GDN,EPGD
Alesund,AES,ENAL,Gdansk,GDN,EPGD
Agadir,AGA,GMAD,Bratislava,BTS,LZIB
Agadir,AGA,GMAD,Gdansk,GDN,EPGD
Agadir,AGA,GMAD,Katowice,KTW,EPKT
Agadir,AGA,GMAD,Milan Malpensa,MXP,LIMC
Agadir,AGA,GMAD,"Warsaw Chopin
",WAW,EPWA
Malaga,AGP,LEMG,Bucharest Baneasa,BBU,LRBS
Malaga,AGP,LEMG,Bilbao,BIO,LEBB
Malaga,AGP,LEMG,Bratislava,BTS,LZIB
Malaga,AGP,LEMG,Budapest,BUD,LHBP
Malaga,AGP,LEMG,Cluj-Napoca,CLJ,LRCL
Malaga,AGP,LEMG,Rome Fiumicino,FCO,LIRF
Malaga,AGP,LEMG,Gdansk,GDN,EPGD
Malaga,AGP,LEMG,"Kraków
",KRK,EPKK
Malaga,AGP,LEMG,Katowice,KTW,EPKT
Malaga,AGP,LEMG,London Gatwick,LGW,EGKK
Malaga,AGP,LEMG,London Luton,LTN,EGGW
Malaga,AGP,LEMG,Milan Malpensa,MXP,LIMC
Malaga,AGP,LEMG,"Bucharest Otopeni
",OTP,LROP
Malaga,AGP,LEMG,"Santiago de Compostela
",SCQ,LEST
Malaga,AGP,LEMG,Sofia,SOF,LBSF
Malaga,AGP,LEMG,Tirana,TIA,LATI
Malaga,AGP,LEMG,Turin,TRN,LIMF
Malaga,AGP,LEMG,Venice,VCE,LIPZ
Malaga,AGP,LEMG,Vilnius,VNO,EYVI
Malaga,AGP,LEMG,"Warsaw Chopin
",WAW,EPWA
Malaga,AGP,LEMG,Wroclaw,WRO,EPWR
Alghero (Sardinia),AHO,LIEA,Belgrade,BEG,LYBE
Alghero (Sardinia),AHO,LIEA,Budapest,BUD,LHBP
Alghero (Sardinia),AHO,LIEA,"Bucharest Otopeni
",OTP,LROP
Alghero (Sardinia),AHO,LIEA,Skopje,SKP,LWSK
Alghero (Sardinia),AHO,LIEA,Sofia,SOF,LBSF
Alghero (Sardinia),AHO,LIEA,Tirana,TIA,LATI
Alghero (Sardinia),AHO,LIEA,Venice,VCE,LIPZ
Alghero (Sardinia),AHO,LIEA,"Warsaw Modlin
",WMI,EPMO
Alicante,ALC,LEAL,Bucharest Baneasa,BBU,LRBS
Alicante,ALC,LEAL,Belgrade,BEG,LYBE
Alicante,ALC,LEAL,Bratislava,BTS,LZIB
Alicante,ALC,LEAL,Budapest,BUD,LHBP
Alicante,ALC,LEAL,Cluj-Napoca,CLJ,LRCL
Alicante,ALC,LEAL,Catania (Sicily),CTA,LICC
Alicante,ALC,LEAL,Rome Fiumicino,FCO,LIRF
Alicante,ALC,LEAL,Gdansk,GDN,EPGD
Alicante,ALC,LEAL,Katowice,KTW,EPKT
Alicante,ALC,LEAL,London Luton,LTN,EGGW
Alicante,ALC,LEAL,Milan Malpensa,MXP,LIMC
Alicante,ALC,LEAL,"Bucharest Otopeni
",OTP,LROP
Alicante,ALC,LEAL,Chisinau,RMO,LUKK
Alicante,ALC,LEAL,Targu Mures,TGM,LRTM
Alicante,ALC,LEAL,Venice,VCE,LIPZ
Alicante,ALC,LEAL,"Warsaw Chopin
",WAW,EPWA
"Amman
",AMM,OJAI,Budapest,BUD,LHBP
Ancona,AOI,LIPY,Tirana,TIA,LATI
"Stockholm Arlanda
",ARN,ESSA,Bucharest Baneasa,BBU,LRBS
"Stockholm Arlanda
",ARN,ESSA,Budapest,BUD,LHBP
"Stockholm Arlanda
",ARN,ESSA,Gdansk,GDN,EPGD
"Stockholm Arlanda
",ARN,ESSA,"Bucharest Otopeni
",OTP,LROP
"Stockholm Arlanda
",ARN,ESSA,Skopje,SKP,LWSK
"Stockholm Arlanda
",ARN,ESSA,Tirana,TIA,LATI
Arad,ARW,LRAR,Barcelona El Prat,BCN,LEBL
Arad,ARW,LRAR,"Berlin Brandenburg
",BER,EDDB
Arad,ARW,LRAR,Milan Bergamo,BGY,LIME
Arad,ARW,LRAR,Bologna,BLQ,LIPE
Arad,ARW,LRAR,Bari,BRI,LIBD
Arad,ARW,LRAR,Basel-Mulhouse-Freiburg,BSL,LFSB
Arad,ARW,LRAR,Paris Beauvais,BVA,LFOB
Arad,ARW,LRAR,Rome Ciampino,CIA,LIRA
Arad,ARW,LRAR,Brussels Charleroi,CRL,EBCI
Arad,ARW,LRAR,Dortmund,DTM,EDLW
Arad,ARW,LRAR,Rome Fiumicino,FCO,LIRF
Arad,ARW,LRAR,Karlsruhe/Baden-Baden,FKB,EDSB
Arad,ARW,LRAR,Memmingen / Munich West,FMM,EDJA
Arad,ARW,LRAR,Frankfurt Hahn,HHN,EDFH
Arad,ARW,LRAR,Larnaca,LCA,LCLK
Arad,ARW,LRAR,London Luton,LTN,EGGW
Arad,ARW,LRAR,Madrid,MAD,LEMD
Arad,ARW,LRAR,Naples,NAP,LIRN
Arad,ARW,LRAR,Nuremberg,NUE,EDDN
Arad,ARW,LRAR,Prague,PRG,LKPR
Arad,ARW,LRAR,Venice Treviso,TSF,LIPH
Arad,ARW,LRAR,Venice,VCE,LIPZ
Arad,ARW,LRAR,Valencia,VLC,LEVC
Arad,ARW,LRAR,Zakynthos,ZTH,LGZA
"Athens
",ATH,LGAV,Bucharest Baneasa,BBU,LRBS
"Athens
",ATH,LGAV,Bratislava,BTS,LZIB
"Athens
",ATH,LGAV,Budapest,BUD,LHBP
"Athens
",ATH,LGAV,Craiova,CRA,LRCV
"Athens
",ATH,LGAV,Gdansk,GDN,EPGD
"Athens
",ATH,LGAV,Katowice,KTW,EPKT
"Athens
",ATH,LGAV,Kutaisi,KUT,UGKO
"Athens
",ATH,LGAV,Larnaca,LCA,LCLK
"Athens
",ATH,LGAV,London Luton,LTN,EGGW
"Athens
",ATH,LGAV,"Bucharest Otopeni
",OTP,LROP
"Athens
",ATH,LGAV,Chisinau,RMO,LUKK
"Athens
",ATH,LGAV,Tirana,TIA,LATI
"Athens
",ATH,LGAV,Tel-Aviv,TLV,LLBG
"Athens
",ATH,LGAV,Varna (Black Sea),VAR,LBWN
"Athens
",ATH,LGAV,Venice,VCE,LIPZ
"Athens
",ATH,LGAV,"Warsaw Modlin
",WMI,EPMO
Abu Dhabi,AUH,OMAA,Bucharest Baneasa,BBU,LRBS
Abu Dhabi,AUH,OMAA,Budapest,BUD,LHBP
Abu Dhabi,AUH,OMAA,Cluj-Napoca,CLJ,LRCL
Abu Dhabi,AUH,OMAA,"Kraków
",KRK,EPKK
Abu Dhabi,AUH,OMAA,Katowice,KTW,EPKT
Abu Dhabi,AUH,OMAA,Larnaca,LCA,LCLK
Abu Dhabi,AUH,OMAA,"Bucharest Otopeni
",OTP,LROP
Abu Dhabi,AUH,OMAA,Sofia,SOF,LBSF
Antalya,AYT,LTAI,Budapest,BUD,LHBP
Antalya,AYT,LTAI,Cluj-Napoca,CLJ,LRCL
Antalya,AYT,LTAI,London Gatwick,LGW,EGKK
Antalya,AYT,LTAI,London Luton,LTN,EGGW
Antalya,AYT,LTAI,"Bucharest Otopeni
",OTP,LROP
Bucharest Baneasa,BBU,LRBS,Malaga,AGP,LEMG
Bucharest Baneasa,BBU,LRBS,Alghero (Sardinia),AHO,LIEA
Bucharest Baneasa,BBU,LRBS,Alicante,ALC,LEAL
Bucharest Baneasa,BBU,LRBS,"Stockholm Arlanda
",ARN,ESSA
Bucharest Baneasa,BBU,LRBS,"Athens
",ATH,LGAV
Bucharest Baneasa,BBU,LRBS,Abu Dhabi,AUH,OMAA
Bucharest Baneasa,BBU,LRBS,Antalya,AYT,LTAI
Bucharest Baneasa,BBU,LRBS,Barcelona El Prat,BCN,LEBL
Bucharest Baneasa,BBU,LRBS,"Brindisi
",BDS,LIBR
Bucharest Baneasa,BBU,LRBS,"Berlin Brandenburg
",BER,EDDB
Bucharest Baneasa,BBU,LRBS,Milan Bergamo,BGY,LIME
Bucharest Baneasa,BBU,LRBS,Birmingham,BHX,EGBB
Bucharest Baneasa,BBU,LRBS,Billund,BLL,EKBI
Bucharest Baneasa,BBU,LRBS,Bologna,BLQ,LIPE
Bucharest Baneasa,BBU,LRBS,Bordeaux,BOD,LFBD
Bucharest Baneasa,BBU,LRBS,Bari,BRI,LIBD
Bucharest Baneasa,BBU,LRBS,Basel-Mulhouse-Freiburg,BSL,LFSB
Bucharest Baneasa,BBU,LRBS,Bratislava,BTS,LZIB
Bucharest Baneasa,BBU,LRBS,Budapest,BUD,LHBP
Bucharest Baneasa,BBU,LRBS,Paris Beauvais,BVA,LFOB
Bucharest Baneasa,BBU,LRBS,Castellon (Valencia),CDT,LECH
Bucharest Baneasa,BBU,LRBS,Corfu,CFU,LGKR
Bucharest Baneasa,BBU,LRBS,Cologne,CGN,EDDK
Bucharest Baneasa,BBU,LRBS,Rome Ciampino,CIA,LIRA
Bucharest Baneasa,BBU,LRBS,Copenhagen,CPH,EKCH
Bucharest Baneasa,BBU,LRBS,Brussels Charleroi,CRL,EBCI
Bucharest Baneasa,BBU,LRBS,Catania (Sicily),CTA,LICC
Bucharest Baneasa,BBU,LRBS,Dubrovnik,DBV,LDDU
Bucharest Baneasa,BBU,LRBS,Dortmund,DTM,EDLW
Bucharest Baneasa,BBU,LRBS,"Dubai 
",DXB,OMDB
Bucharest Baneasa,BBU,LRBS,Kefalonia,EFL,LGKF
Bucharest Baneasa,BBU,LRBS,Eindhoven,EIN,EHEH
Bucharest Baneasa,BBU,LRBS,Yerevan,EVN,UDYZ
Bucharest Baneasa,BBU,LRBS,Faro (Algarve),FAO,LPFR
Bucharest Baneasa,BBU,LRBS,Rome Fiumicino,FCO,LIRF
Bucharest Baneasa,BBU,LRBS,Karlsruhe/Baden-Baden,FKB,EDSB
Bucharest Baneasa,BBU,LRBS,Memmingen / Munich West,FMM,EDJA
Bucharest Baneasa,BBU,LRBS,Gdansk,GDN,EPGD
Bucharest Baneasa,BBU,LRBS,Hamburg,HAM,EDDH
Bucharest Baneasa,BBU,LRBS,Heraklion (Crete),HER,LGIR
Bucharest Baneasa,BBU,LRBS,Frankfurt Hahn,HHN,EDFH
Bucharest Baneasa,BBU,LRBS,Mykonos,JMK,LGMK
Bucharest Baneasa,BBU,LRBS,Santorini,JTR,LGSR
Bucharest Baneasa,BBU,LRBS,"Kraków
",KRK,EPKK
Bucharest Baneasa,BBU,LRBS,Leeds,LBA,EGNM
Bucharest Baneasa,BBU,LRBS,Larnaca,LCA,LCLK
Bucharest Baneasa,BBU,LRBS,"Almería
",LEI,LEAM
Bucharest Baneasa,BBU,LRBS,Lisbon,LIS,LPPT
Bucharest Baneasa,BBU,LRBS,"Gran Canaria (Canary Islands)
",LPA,GCLP
Bucharest Baneasa,BBU,LRBS,Liverpool,LPL,EGGP
Bucharest Baneasa,BBU,LRBS,London Luton,LTN,EGGW
Bucharest Baneasa,BBU,LRBS,"Lyon
",LYS,LFLL
Bucharest Baneasa,BBU,LRBS,Madrid,MAD,LEMD
Bucharest Baneasa,BBU,LRBS,Malta,MLA,LMML
Bucharest Baneasa,BBU,LRBS,Milan Malpensa,MXP,LIMC
Bucharest Baneasa,BBU,LRBS,Naples,NAP,LIRN
Bucharest Baneasa,BBU,LRBS,Nice,NCE,LFMN
Bucharest Baneasa,BBU,LRBS,Nuremberg,NUE,EDDN
Bucharest Baneasa,BBU,LRBS,"Stockholm Skavsta
",NYO,ESKN
Bucharest Baneasa,BBU,LRBS,Porto,OPO,LPPR
Bucharest Baneasa,BBU,LRBS,Paris Orly,ORY,LFPO
Bucharest Baneasa,BBU,LRBS,Palma de Mallorca,PMI,LEPA
Bucharest Baneasa,BBU,LRBS,Prague,PRG,LKPR
Bucharest Baneasa,BBU,LRBS,Pisa (Tuscany),PSA,LIRP
Bucharest Baneasa,BBU,LRBS,Pescara,PSR,LIBP
Bucharest Baneasa,BBU,LRBS,"Marrakesh
",RAK,GMMX
Bucharest Baneasa,BBU,LRBS,Chisinau,RMO,LUKK
Bucharest Baneasa,BBU,LRBS,Santander,SDR,LEXJ
Bucharest Baneasa,BBU,LRBS,Stuttgart,STR,EDDS
Bucharest Baneasa,BBU,LRBS,Seville,SVQ,LEZL
Bucharest Baneasa,BBU,LRBS,Tenerife (Canary Islands),TFS,GCTS
Bucharest Baneasa,BBU,LRBS,Turku,TKU,EFTU
Bucharest Baneasa,BBU,LRBS,Tel-Aviv,TLV,LLBG
Bucharest Baneasa,BBU,LRBS,Oslo Sandefjord Torp,TRF,ENTO
Bucharest Baneasa,BBU,LRBS,Turin,TRN,LIMF
Bucharest Baneasa,BBU,LRBS,Venice Treviso,TSF,LIPH
Bucharest Baneasa,BBU,LRBS,Venice,VCE,LIPZ
Bucharest Baneasa,BBU,LRBS,Valencia,VLC,LEVC
Bucharest Baneasa,BBU,LRBS,"Warsaw Chopin
",WAW,EPWA
Bucharest Baneasa,BBU,LRBS,Wroclaw,WRO,EPWR
Bucharest Baneasa,BBU,LRBS,Zaragoza,ZAZ,LEZG
Bucharest Baneasa,BBU,LRBS,Zakynthos,ZTH,LGZA
Bacau,BCM,LRBC,Rome Fiumicino,FCO,LIRF
Bacau,BCM,LRBC,London Luton,LTN,EGGW
Barcelona El Prat,BCN,LEBL,Bucharest Baneasa,BBU,LRBS
Barcelona El Prat,BCN,LEBL,Belgrade,BEG,LYBE
Barcelona El Prat,BCN,LEBL,Bratislava,BTS,LZIB
Barcelona El Prat,BCN,LEBL,Budapest,BUD,LHBP
Barcelona El Prat,BCN,LEBL,Cluj-Napoca,CLJ,LRCL
Barcelona El Prat,BCN,LEBL,Craiova,CRA,LRCV
Barcelona El Prat,BCN,LEBL,Rome Fiumicino,FCO,LIRF
Barcelona El Prat,BCN,LEBL,Gdansk,GDN,EPGD
Barcelona El Prat,BCN,LEBL,Brasov,GHV,LRBV
Barcelona El Prat,BCN,LEBL,Iasi,IAS,LRIA
Barcelona El Prat,BCN,LEBL,"Kraków
",KRK,EPKK
Barcelona El Prat,BCN,LEBL,Katowice,KTW,EPKT
Barcelona El Prat,BCN,LEBL,Kutaisi,KUT,UGKO
Barcelona El Prat,BCN,LEBL,Larnaca,LCA,LCLK
Barcelona El Prat,BCN,LEBL,London Luton,LTN,EGGW
Barcelona El Prat,BCN,LEBL,Milan Malpensa,MXP,LIMC
Barcelona El Prat,BCN,LEBL,Naples,NAP,LIRN
Barcelona El Prat,BCN,LEBL,"Bucharest Otopeni
",OTP,LROP
Barcelona El Prat,BCN,LEBL,"Palermo (Sicily)
",PMO,LICJ
Barcelona El Prat,BCN,LEBL,Chisinau,RMO,LUKK
Barcelona El Prat,BCN,LEBL,Skopje,SKP,LWSK
Barcelona El Prat,BCN,LEBL,Sofia,SOF,LBSF
Barcelona El Prat,BCN,LEBL,Podgorica,TGD,LYPG
Barcelona El Prat,BCN,LEBL,Tirana,TIA,LATI
Barcelona El Prat,BCN,LEBL,Turin,TRN,LIMF
Barcelona El Prat,BCN,LEBL,Timisoara,TSR,LRTR
Barcelona El Prat,BCN,LEBL,Varna (Black Sea),VAR,LBWN
Barcelona El Prat,BCN,LEBL,Venice,VCE,LIPZ
Barcelona El Prat,BCN,LEBL,Vilnius,VNO,EYVI
Barcelona El Prat,BCN,LEBL,"Warsaw Chopin
",WAW,EPWA
Barcelona El Prat,BCN,LEBL,"Warsaw Modlin
",WMI,EPMO
Barcelona El Prat,BCN,LEBL,Wroclaw,WRO,EPWR
"Brindisi
",BDS,LIBR,Katowice,KTW,EPKT
"Brindisi
",BDS,LIBR,"Bucharest Otopeni
",OTP,LROP
"Brindisi
",BDS,LIBR,"Warsaw Modlin
",WMI,EPMO
Belgrade,BEG,LYBE,Alghero (Sardinia),AHO,LIEA
Belgrade,BEG,LYBE,Alicante,ALC,LEAL
Belgrade,BEG,LYBE,Barcelona El Prat,BCN,LEBL
Belgrade,BEG,LYBE,"Berlin Brandenburg
",BER,EDDB
Belgrade,BEG,LYBE,Milan Bergamo,BGY,LIME
Belgrade,BEG,LYBE,Bâle / Mulhouse,BSL,LFSB
Belgrade,BEG,LYBE,Paris Beauvais,BVA,LFOB
Belgrade,BEG,LYBE,Chania (Crete),CHQ,LGSA
Belgrade,BEG,LYBE,Rome Ciampino,CIA,LIRA
Belgrade,BEG,LYBE,Dortmund,DTM,EDLW
Belgrade,BEG,LYBE,Eindhoven,EIN,EHEH
Belgrade,BEG,LYBE,Rome Fiumicino,FCO,LIRF
Belgrade,BEG,LYBE,Friedrichshafen,FDH,EDNY
Belgrade,BEG,LYBE,Karlsruhe/Baden-Baden,FKB,EDSB
Belgrade,BEG,LYBE,Memmingen / Munich West,FMM,EDJA
Belgrade,BEG,LYBE,Grenoble,GNB,LFLS
Belgrade,BEG,LYBE,Gothenburg Landvetter,GOT,ESGG
Belgrade,BEG,LYBE,Hamburg,HAM,EDDH
Belgrade,BEG,LYBE,Larnaca,LCA,LCLK
Belgrade,BEG,LYBE,London Luton,LTN,EGGW
Belgrade,BEG,LYBE,Madrid,MAD,LEMD
Belgrade,BEG,LYBE,Malta,MLA,LMML
Belgrade,BEG,LYBE,Malmo,MMX,ESMS
Belgrade,BEG,LYBE,Nice,NCE,LFMN
Belgrade,BEG,LYBE,"Stockholm Skavsta
",NYO,ESKN
Belgrade,BEG,LYBE,"Palermo (Sicily)
",PMO,LICJ
Belgrade,BEG,LYBE,Pisa (Tuscany),PSA,LIRP
"Berlin Brandenburg
",BER,EDDB,Belgrade,BEG,LYBE
"Berlin Brandenburg
",BER,EDDB,Bratislava,BTS,LZIB
"Berlin Brandenburg
",BER,EDDB,Budapest,BUD,LHBP
"Berlin Brandenburg
",BER,EDDB,Cluj-Napoca,CLJ,LRCL
"Berlin Brandenburg
",BER,EDDB,Kutaisi,KUT,UGKO
"Berlin Brandenburg
",BER,EDDB,Milan Malpensa,MXP,LIMC
"Berlin Brandenburg
",BER,EDDB,"Bucharest Otopeni
",OTP,LROP
"Berlin Brandenburg
",BER,EDDB,Prishtina,PRN,BKPR
"Berlin Brandenburg
",BER,EDDB,Chisinau,RMO,LUKK
"Berlin Brandenburg
",BER,EDDB,Suceava,SCV,LRSV
"Berlin Brandenburg
",BER,EDDB,Sarajevo,SJJ,LQSA
"Berlin Brandenburg
",BER,EDDB,Skopje,SKP,LWSK
"Berlin Brandenburg
",BER,EDDB,Sofia,SOF,LBSF
"Berlin Brandenburg
",BER,EDDB,Tirana,TIA,LATI
"Berlin Brandenburg
",BER,EDDB,Timisoara,TSR,LRTR
"Berlin Brandenburg
",BER,EDDB,Tuzla,TZL,LQTZ
"Berlin Brandenburg
",BER,EDDB,Varna (Black Sea),VAR,LBWN
"Berlin Brandenburg
",BER,EDDB,Vilnius,VNO,EYVI
Bergen,BGO,ENBR,Budapest,BUD,LHBP
Bergen,BGO,ENBR,Gdansk,GDN,EPGD
Bergen,BGO,ENBR,"Kraków
",KRK,EPKK
Bergen,BGO,ENBR,Szczecin,SZZ,EPSC
Bergen,BGO,ENBR,Vilnius,VNO,EYVI
Bergen,BGO,ENBR,"Warsaw Modlin
",WMI,EPMO
Milan Bergamo,BGY,LIME,Arad,ARW,LRAR
Milan Bergamo,BGY,LIME,Bucharest Baneasa,BBU,LRBS
Milan Bergamo,BGY,LIME,Belgrade,BEG,LYBE
Milan Bergamo,BGY,LIME,Cluj-Napoca,CLJ,LRCL
Milan Bergamo,BGY,LIME,Craiova,CRA,LRCV
Milan Bergamo,BGY,LIME,Iasi,IAS,LRIA
Milan Bergamo,BGY,LIME,"Oradea
",OMR,LROD
Milan Bergamo,BGY,LIME,"Bucharest Otopeni
",OTP,LROP
Milan Bergamo,BGY,LIME,Chisinau,RMO,LUKK
Milan Bergamo,BGY,LIME,Sibiu,SBZ,LRSB
Milan Bergamo,BGY,LIME,Suceava,SCV,LRSV
Milan Bergamo,BGY,LIME,Skopje,SKP,LWSK
Milan Bergamo,BGY,LIME,Sofia,SOF,LBSF
Milan Bergamo,BGY,LIME,Targu Mures,TGM,LRTM
Milan Bergamo,BGY,LIME,Tirana,TIA,LATI
Milan Bergamo,BGY,LIME,Timisoara,TSR,LRTR
Milan Bergamo,BGY,LIME,Varna (Black Sea),VAR,LBWN
Milan Bergamo,BGY,LIME,"Warsaw Chopin
",WAW,EPWA
Milan Bergamo,BGY,LIME,"Warsaw Modlin
",WMI,EPMO
Birmingham,BHX,EGBB,Craiova,CRA,LRCV
Birmingham,BHX,EGBB,Rome Fiumicino,FCO,LIRF
Birmingham,BHX,EGBB,"Bucharest Otopeni
",OTP,LROP
Birmingham,BHX,EGBB,Suceava,SCV,LRSV
Bilbao,BIO,LEBB,Malaga,AGP,LEMG
Bilbao,BIO,LEBB,Budapest,BUD,LHBP
Bilbao,BIO,LEBB,Rome Fiumicino,FCO,LIRF
Bilbao,BIO,LEBB,"Kraków
",KRK,EPKK
Bilbao,BIO,LEBB,London Luton,LTN,EGGW
Bilbao,BIO,LEBB,Milan Malpensa,MXP,LIMC
Bilbao,BIO,LEBB,Naples,NAP,LIRN
Bilbao,BIO,LEBB,"Santiago de Compostela
",SCQ,LEST
Bilbao,BIO,LEBB,Turin,TRN,LIMF
Bilbao,BIO,LEBB,Venice,VCE,LIPZ
Bilbao,BIO,LEBB,Valencia,VLC,LEVC
Bilbao,BIO,LEBB,"Warsaw Chopin
",WAW,EPWA
Bilbao,BIO,LEBB,Wroclaw,WRO,EPWR
Billund,BLL,EKBI,Budapest,BUD,LHBP
Billund,BLL,EKBI,Cluj-Napoca,CLJ,LRCL
Billund,BLL,EKBI,Gdansk,GDN,EPGD
Billund,BLL,EKBI,Iasi,IAS,LRIA
Billund,BLL,EKBI,Katowice,KTW,EPKT
Billund,BLL,EKBI,"Bucharest Otopeni
",OTP,LROP
Billund,BLL,EKBI,Tirana,TIA,LATI
Billund,BLL,EKBI,Vilnius,VNO,EYVI
Bologna,BLQ,LIPE,Arad,ARW,LRAR
Bologna,BLQ,LIPE,Cluj-Napoca,CLJ,LRCL
Bologna,BLQ,LIPE,Craiova,CRA,LRCV
Bologna,BLQ,LIPE,Catania (Sicily),CTA,LICC
Bologna,BLQ,LIPE,Iasi,IAS,LRIA
Bologna,BLQ,LIPE,"Bucharest Otopeni
",OTP,LROP
Bologna,BLQ,LIPE,"Palermo (Sicily)
",PMO,LICJ
Bologna,BLQ,LIPE,Chisinau,RMO,LUKK
Bologna,BLQ,LIPE,Suceava,SCV,LRSV
Bologna,BLQ,LIPE,Skopje,SKP,LWSK
Bologna,BLQ,LIPE,Tirana,TIA,LATI
Bologna,BLQ,LIPE,Timisoara,TSR,LRTR
Bologna,BLQ,LIPE,"Warsaw Chopin
",WAW,EPWA
Banja Luka,BNX,LQBK,Bâle / Mulhouse,BSL,LFSB
Banja Luka,BNX,LQBK,Dortmund,DTM,EDLW
Bordeaux,BOD,LFBD,Rome Fiumicino,FCO,LIRF
Bordeaux,BOD,LFBD,London Luton,LTN,EGGW
Bordeaux,BOD,LFBD,"Bucharest Otopeni
",OTP,LROP
Bordeaux,BOD,LFBD,Venice,VCE,LIPZ
Bourgas (Black Sea),BOJ,LBBG,Budapest,BUD,LHBP
Bourgas (Black Sea),BOJ,LBBG,Gdansk,GDN,EPGD
Bourgas (Black Sea),BOJ,LBBG,Katowice,KTW,EPKT
Bourgas (Black Sea),BOJ,LBBG,London Luton,LTN,EGGW
Bourgas (Black Sea),BOJ,LBBG,Lublin,LUZ,EPLB
Bourgas (Black Sea),BOJ,LBBG,"Warsaw Radom
",RDO,EPRA
Bourgas (Black Sea),BOJ,LBBG,"Warsaw Chopin
",WAW,EPWA
Bari,BRI,LIBD,Arad,ARW,LRAR
Bari,BRI,LIBD,Bucharest Baneasa,BBU,LRBS
Bari,BRI,LIBD,Budapest,BUD,LHBP
Bari,BRI,LIBD,Cluj-Napoca,CLJ,LRCL
Bari,BRI,LIBD,Craiova,CRA,LRCV
Bari,BRI,LIBD,Yerevan,EVN,UDYZ
Bari,BRI,LIBD,"Bucharest Otopeni
",OTP,LROP
Bari,BRI,LIBD,Skopje,SKP,LWSK
Bari,BRI,LIBD,Sofia,SOF,LBSF
Bari,BRI,LIBD,Tirana,TIA,LATI
Bari,BRI,LIBD,Timisoara,TSR,LRTR
Bari,BRI,LIBD,"Warsaw Chopin
",WAW,EPWA
Bari,BRI,LIBD,Wroclaw,WRO,EPWR
Bâle / Mulhouse,BSL,LFSB,Bucharest Baneasa,BBU,LRBS
Bâle / Mulhouse,BSL,LFSB,Belgrade,BEG,LYBE
Bâle / Mulhouse,BSL,LFSB,Banja Luka,BNX,LQBK
Bâle / Mulhouse,BSL,LFSB,Bratislava,BTS,LZIB
Bâle / Mulhouse,BSL,LFSB,Budapest,BUD,LHBP
Bâle / Mulhouse,BSL,LFSB,Cluj-Napoca,CLJ,LRCL
Bâle / Mulhouse,BSL,LFSB,Yerevan,EVN,UDYZ
Bâle / Mulhouse,BSL,LFSB,Iasi,IAS,LRIA
Bâle / Mulhouse,BSL,LFSB,Niš,INI,LYNI
Bâle / Mulhouse,BSL,LFSB,"Kraków
",KRK,EPKK
Bâle / Mulhouse,BSL,LFSB,Naples,NAP,LIRN
Bâle / Mulhouse,BSL,LFSB,Ohrid,OHD,LWOH
Bâle / Mulhouse,BSL,LFSB,"Bucharest Otopeni
",OTP,LROP
Bâle / Mulhouse,BSL,LFSB,Poznan,POZ,EPPO
Bâle / Mulhouse,BSL,LFSB,Prishtina,PRN,BKPR
Bâle / Mulhouse,BSL,LFSB,Chisinau,RMO,LUKK
Bâle / Mulhouse,BSL,LFSB,Skopje,SKP,LWSK
Bâle / Mulhouse,BSL,LFSB,Sofia,SOF,LBSF
Bâle / Mulhouse,BSL,LFSB,Podgorica,TGD,LYPG
Bâle / Mulhouse,BSL,LFSB,Targu Mures,TGM,LRTM
Bâle / Mulhouse,BSL,LFSB,Tirana,TIA,LATI
Bâle / Mulhouse,BSL,LFSB,Timisoara,TSR,LRTR
Bâle / Mulhouse,BSL,LFSB,Tuzla,TZL,LQTZ
Bâle / Mulhouse,BSL,LFSB,Varna (Black Sea),VAR,LBWN
Bâle / Mulhouse,BSL,LFSB,"Warsaw Chopin
",WAW,EPWA
Bâle / Mulhouse,BSL,LFSB,"Warsaw Modlin
",WMI,EPMO
Bâle / Mulhouse,BSL,LFSB,Wroclaw,WRO,EPWR
Bratislava,BTS,LZIB,Agadir,AGA,GMAD
Bratislava,BTS,LZIB,Malaga,AGP,LEMG
Bratislava,BTS,LZIB,Alicante,ALC,LEAL
Bratislava,BTS,LZIB,"Athens
",ATH,LGAV
Bratislava,BTS,LZIB,Barcelona El Prat,BCN,LEBL
Bratislava,BTS,LZIB,"Berlin Brandenburg
",BER,EDDB
Bratislava,BTS,LZIB,Basel-Mulhouse-Freiburg,BSL,LFSB
Bratislava,BTS,LZIB,Dortmund,DTM,EDLW
Bratislava,BTS,LZIB,Yerevan,EVN,UDYZ
Bratislava,BTS,LZIB,Rome Fiumicino,FCO,LIRF
Bratislava,BTS,LZIB,Baku,GYD,UBBB
Bratislava,BTS,LZIB,Hurghada,HRG,HEGN
Bratislava,BTS,LZIB,Mykonos,JMK,LGMK
Bratislava,BTS,LZIB,Kosice,KSC,LZKZ
Bratislava,BTS,LZIB,Kutaisi,KUT,UGKO
Bratislava,BTS,LZIB,Larnaca,LCA,LCLK
Bratislava,BTS,LZIB,London Luton,LTN,EGGW
Bratislava,BTS,LZIB,Naples,NAP,LIRN
Bratislava,BTS,LZIB,Nice,NCE,LFMN
Bratislava,BTS,LZIB,Ohrid,OHD,LWOH
Bratislava,BTS,LZIB,Oslo Gardermoen,OSL,ENGM
Bratislava,BTS,LZIB,"Bucharest Otopeni
",OTP,LROP
Bratislava,BTS,LZIB,Plovdiv,PDV,LBPD
Bratislava,BTS,LZIB,"Palermo (Sicily)
",PMO,LICJ
Bratislava,BTS,LZIB,Prishtina,PRN,BKPR
Bratislava,BTS,LZIB,Chisinau,RMO,LUKK
Bratislava,BTS,LZIB,Sarajevo,SJJ,LQSA
Bratislava,BTS,LZIB,Skopje,SKP,LWSK
Bratislava,BTS,LZIB,Lamezia Terme,SUF,LICA
Bratislava,BTS,LZIB,Podgorica,TGD,LYPG
Bratislava,BTS,LZIB,Tirana,TIA,LATI
Bratislava,BTS,LZIB,Tel-Aviv,TLV,LLBG
Bratislava,BTS,LZIB,Tuzla,TZL,LQTZ
Bratislava,BTS,LZIB,Varna (Black Sea),VAR,LBWN
Bratislava,BTS,LZIB,"Warsaw Chopin
",WAW,EPWA
Budapest,BUD,LHBP,Malaga,AGP,LEMG
Budapest,BUD,LHBP,Alghero (Sardinia),AHO,LIEA
Budapest,BUD,LHBP,Alicante,ALC,LEAL
Budapest,BUD,LHBP,"Amman
",AMM,OJAI
Budapest,BUD,LHBP,"Stockholm Arlanda
",ARN,ESSA
Budapest,BUD,LHBP,"Athens
",ATH,LGAV
Budapest,BUD,LHBP,Abu Dhabi,AUH,OMAA
Budapest,BUD,LHBP,Antalya,AYT,LTAI
Budapest,BUD,LHBP,Bucharest Baneasa,BBU,LRBS
Budapest,BUD,LHBP,Barcelona El Prat,BCN,LEBL
Budapest,BUD,LHBP,"Berlin Brandenburg
",BER,EDDB
Budapest,BUD,LHBP,Bergen,BGO,ENBR
Budapest,BUD,LHBP,Bilbao,BIO,LEBB
Budapest,BUD,LHBP,Billund,BLL,EKBI
Budapest,BUD,LHBP,Bourgas (Black Sea),BOJ,LBBG
Budapest,BUD,LHBP,Bari,BRI,LIBD
Budapest,BUD,LHBP,Basel-Mulhouse-Freiburg,BSL,LFSB
Budapest,BUD,LHBP,Corfu,CFU,LGKR
Budapest,BUD,LHBP,Rome Ciampino,CIA,LIRA
Budapest,BUD,LHBP,Copenhagen,CPH,EKCH
Budapest,BUD,LHBP,Brussels Charleroi,CRL,EBCI
Budapest,BUD,LHBP,Catania (Sicily),CTA,LICC
Budapest,BUD,LHBP,Dubrovnik,DBV,LDDU
Budapest,BUD,LHBP,Dortmund,DTM,EDLW
Budapest,BUD,LHBP,"Dubai 
",DXB,OMDB
Budapest,BUD,LHBP,Kefalonia,EFL,LGKF
Budapest,BUD,LHBP,Eindhoven,EIN,EHEH
Budapest,BUD,LHBP,Ankara,ESB,LTAC
Budapest,BUD,LHBP,Yerevan,EVN,UDYZ
Budapest,BUD,LHBP,Rome Fiumicino,FCO,LIRF
Budapest,BUD,LHBP,Memmingen / Munich West,FMM,EDJA
Budapest,BUD,LHBP,Funchal (Madeira),FNC,LPMA
Budapest,BUD,LHBP,Gdansk,GDN,EPGD
Budapest,BUD,LHBP,Brasov,GHV,LRBV
Budapest,BUD,LHBP,Genoa,GOA,LIMJ
Budapest,BUD,LHBP,Baku,GYD,UBBB
Budapest,BUD,LHBP,Heraklion (Crete),HER,LGIR
Budapest,BUD,LHBP,Hurghada,HRG,HEGN
Budapest,BUD,LHBP,"Istanbul
",IST,LTFM
Budapest,BUD,LHBP,"Jeddah
",JED,OEJN
Budapest,BUD,LHBP,Santorini,JTR,LGSR
Budapest,BUD,LHBP,Reykjavik,KEF,BIKF
Budapest,BUD,LHBP,Kalamata,KLX,LGKL
Budapest,BUD,LHBP,"Kraków
",KRK,EPKK
Budapest,BUD,LHBP,Kutaisi,KUT,UGKO
Budapest,BUD,LHBP,Larnaca,LCA,LCLK
Budapest,BUD,LHBP,London Gatwick,LGW,EGKK
Budapest,BUD,LHBP,Lisbon,LIS,LPPT
Budapest,BUD,LHBP,"Gran Canaria (Canary Islands)
",LPA,GCLP
Budapest,BUD,LHBP,London Luton,LTN,EGGW
Budapest,BUD,LHBP,Madrid,MAD,LEMD
Budapest,BUD,LHBP,Menorca,MAH,LEMH
Budapest,BUD,LHBP,Malta,MLA,LMML
Budapest,BUD,LHBP,Milan Malpensa,MXP,LIMC
Budapest,BUD,LHBP,Naples,NAP,LIRN
Budapest,BUD,LHBP,Nice,NCE,LFMN
Budapest,BUD,LHBP,Paris Orly,ORY,LFPO
Budapest,BUD,LHBP,Oslo Gardermoen,OSL,ENGM
Budapest,BUD,LHBP,"Bucharest Otopeni
",OTP,LROP
Budapest,BUD,LHBP,Palma de Mallorca,PMI,LEPA
Budapest,BUD,LHBP,"Marrakesh
",RAK,GMMX
Budapest,BUD,LHBP,Rhodes,RHO,LGRP
Budapest,BUD,LHBP,"Marsa Alam
",RMF,HEMA
Budapest,BUD,LHBP,"Rimini
",RMI,LIPR
Budapest,BUD,LHBP,Chisinau,RMO,LUKK
Budapest,BUD,LHBP,Thessaloniki,SKG,LGTS
Budapest,BUD,LHBP,Skopje,SKP,LWSK
Budapest,BUD,LHBP,Sofia,SOF,LBSF
Budapest,BUD,LHBP,Cairo (Sphinx),SPX,HESX
Budapest,BUD,LHBP,"Sharm El Sheikh
",SSH,HESH
Budapest,BUD,LHBP,Stuttgart,STR,EDDS
Budapest,BUD,LHBP,Lamezia Terme,SUF,LICA
Budapest,BUD,LHBP,Tenerife (Canary Islands),TFS,GCTS
Budapest,BUD,LHBP,Podgorica,TGD,LYPG
Budapest,BUD,LHBP,Targu Mures,TGM,LRTM
Budapest,BUD,LHBP,Tirana,TIA,LATI
Budapest,BUD,LHBP,Tallinn,TLL,EETN
Budapest,BUD,LHBP,Tel-Aviv,TLV,LLBG
Budapest,BUD,LHBP,Turin,TRN,LIMF
Budapest,BUD,LHBP,Varna (Black Sea),VAR,LBWN
Budapest,BUD,LHBP,Venice,VCE,LIPZ
Budapest,BUD,LHBP,Valencia,VLC,LEVC
Budapest,BUD,LHBP,Vilnius,VNO,EYVI
Budapest,BUD,LHBP,"Warsaw Chopin
",WAW,EPWA
Budapest,BUD,LHBP,Wroclaw,WRO,EPWR
Budapest,BUD,LHBP,Zadar,ZAD,LDZD
Budapest,BUD,LHBP,Zakynthos,ZTH,LGZA
Paris Beauvais,BVA,LFOB,Arad,ARW,LRAR
Paris Beauvais,BVA,LFOB,Bucharest Baneasa,BBU,LRBS
Paris Beauvais,BVA,LFOB,Belgrade,BEG,LYBE
Paris Beauvais,BVA,LFOB,Cluj-Napoca,CLJ,LRCL
Paris Beauvais,BVA,LFOB,Craiova,CRA,LRCV
Paris Beauvais,BVA,LFOB,Yerevan,EVN,UDYZ
Paris Beauvais,BVA,LFOB,Iasi,IAS,LRIA
Paris Beauvais,BVA,LFOB,Kutaisi,KUT,UGKO
Paris Beauvais,BVA,LFOB,"Bucharest Otopeni
",OTP,LROP
Paris Beauvais,BVA,LFOB,Chisinau,RMO,LUKK
Paris Beauvais,BVA,LFOB,Skopje,SKP,LWSK
Paris Beauvais,BVA,LFOB,Sofia,SOF,LBSF
Paris Beauvais,BVA,LFOB,Podgorica,TGD,LYPG
Paris Beauvais,BVA,LFOB,Targu Mures,TGM,LRTM
Paris Beauvais,BVA,LFOB,Tirana,TIA,LATI
Paris Beauvais,BVA,LFOB,Timisoara,TSR,LRTR
Paris Beauvais,BVA,LFOB,Tuzla,TZL,LQTZ
Paris Beauvais,BVA,LFOB,Varna (Black Sea),VAR,LBWN
Cagliari,CAG,LIEE,Milan Malpensa,MXP,LIMC
Cagliari,CAG,LIEE,Venice,VCE,LIPZ
Castellon (Valencia),CDT,LECH,Arad,ARW,LRAR
Castellon (Valencia),CDT,LECH,Bucharest Baneasa,BBU,LRBS
Castellon (Valencia),CDT,LECH,Bilbao,BIO,LEBB
Castellon (Valencia),CDT,LECH,Budapest,BUD,LHBP
Castellon (Valencia),CDT,LECH,Cluj-Napoca,CLJ,LRCL
Castellon (Valencia),CDT,LECH,Catania (Sicily),CTA,LICC
Castellon (Valencia),CDT,LECH,Yerevan,EVN,UDYZ
Castellon (Valencia),CDT,LECH,Rome Fiumicino,FCO,LIRF
Castellon (Valencia),CDT,LECH,Brasov,GHV,LRBV
Castellon (Valencia),CDT,LECH,Iasi,IAS,LRIA
Castellon (Valencia),CDT,LECH,"Kraków
",KRK,EPKK
Castellon (Valencia),CDT,LECH,London Gatwick,LGW,EGKK
Castellon (Valencia),CDT,LECH,London Luton,LTN,EGGW
Castellon (Valencia),CDT,LECH,Milan Malpensa,MXP,LIMC
Castellon (Valencia),CDT,LECH,Naples,NAP,LIRN
Castellon (Valencia),CDT,LECH,"Bucharest Otopeni
",OTP,LROP
Castellon (Valencia),CDT,LECH,"Asturias
",OVD,LEAS
Castellon (Valencia),CDT,LECH,Palma de Mallorca,PMI,LEPA
Castellon (Valencia),CDT,LECH,Chisinau,RMO,LUKK
Castellon (Valencia),CDT,LECH,"Santiago de Compostela
",SCQ,LEST
Castellon (Valencia),CDT,LECH,Santander,SDR,LEXJ
Castellon (Valencia),CDT,LECH,Sofia,SOF,LBSF
Castellon (Valencia),CDT,LECH,Tirana,TIA,LATI
Castellon (Valencia),CDT,LECH,Turin,TRN,LIMF
Castellon (Valencia),CDT,LECH,Timisoara,TSR,LRTR
Castellon (Valencia),CDT,LECH,Venice,VCE,LIPZ
Castellon (Valencia),CDT,LECH,"Warsaw Chopin
",WAW,EPWA
Corfu,CFU,LGKR,Budapest,BUD,LHBP
Corfu,CFU,LGKR,Cluj-Napoca,CLJ,LRCL
Corfu,CFU,LGKR,Rome Fiumicino,FCO,LIRF
Corfu,CFU,LGKR,Katowice,KTW,EPKT
Corfu,CFU,LGKR,London Luton,LTN,EGGW
Corfu,CFU,LGKR,Milan Malpensa,MXP,LIMC
Corfu,CFU,LGKR,"Bucharest Otopeni
",OTP,LROP
Corfu,CFU,LGKR,Sofia,SOF,LBSF
Corfu,CFU,LGKR,"Warsaw Chopin
",WAW,EPWA
Cologne,CGN,EDDK,"Bucharest Otopeni
",OTP,LROP
Cologne,CGN,EDDK,Chisinau,RMO,LUKK
Cologne,CGN,EDDK,Skopje,SKP,LWSK
Cologne,CGN,EDDK,Podgorica,TGD,LYPG
Cologne,CGN,EDDK,Tirana,TIA,LATI
Cologne,CGN,EDDK,Tuzla,TZL,LQTZ
Chania (Crete),CHQ,LGSA,Belgrade,BEG,LYBE
Chania (Crete),CHQ,LGSA,Rome Fiumicino,FCO,LIRF
Chania (Crete),CHQ,LGSA,London Luton,LTN,EGGW
Chania (Crete),CHQ,LGSA,"Warsaw Chopin
",WAW,EPWA
Rome Ciampino,CIA,LIRA,Belgrade,BEG,LYBE
Rome Ciampino,CIA,LIRA,Budapest,BUD,LHBP
Rome Ciampino,CIA,LIRA,Cluj-Napoca,CLJ,LRCL
Rome Ciampino,CIA,LIRA,Craiova,CRA,LRCV
Rome Ciampino,CIA,LIRA,Gdansk,GDN,EPGD
Rome Ciampino,CIA,LIRA,Iasi,IAS,LRIA
Rome Ciampino,CIA,LIRA,"Kraków
",KRK,EPKK
Rome Ciampino,CIA,LIRA,Katowice,KTW,EPKT
Rome Ciampino,CIA,LIRA,Kutaisi,KUT,UGKO
Rome Ciampino,CIA,LIRA,Larnaca,LCA,LCLK
Rome Ciampino,CIA,LIRA,Olbia (Sardinia),OLB,LIEO
Rome Ciampino,CIA,LIRA,"Bucharest Otopeni
",OTP,LROP
Rome Ciampino,CIA,LIRA,Skopje,SKP,LWSK
Rome Ciampino,CIA,LIRA,Sofia,SOF,LBSF
Rome Ciampino,CIA,LIRA,Tirana,TIA,LATI
Rome Ciampino,CIA,LIRA,Timisoara,TSR,LRTR
Rome Ciampino,CIA,LIRA,"Warsaw Chopin
",WAW,EPWA
"Comiso (Sicily)
",CIY,LICB,Katowice,KTW,EPKT
"Comiso (Sicily)
",CIY,LICB,Milan Malpensa,MXP,LIMC
"Comiso (Sicily)
",CIY,LICB,Tirana,TIA,LATI
Cluj-Napoca,CLJ,LRCL,Malaga,AGP,LEMG
Cluj-Napoca,CLJ,LRCL,Alicante,ALC,LEAL
Cluj-Napoca,CLJ,LRCL,Abu Dhabi,AUH,OMAA
Cluj-Napoca,CLJ,LRCL,Antalya,AYT,LTAI
Cluj-Napoca,CLJ,LRCL,Barcelona El Prat,BCN,LEBL
Cluj-Napoca,CLJ,LRCL,"Berlin Brandenburg
",BER,EDDB
Cluj-Napoca,CLJ,LRCL,Milan Bergamo,BGY,LIME
Cluj-Napoca,CLJ,LRCL,Billund,BLL,EKBI
Cluj-Napoca,CLJ,LRCL,Bologna,BLQ,LIPE
Cluj-Napoca,CLJ,LRCL,Bari,BRI,LIBD
Cluj-Napoca,CLJ,LRCL,Basel-Mulhouse-Freiburg,BSL,LFSB
Cluj-Napoca,CLJ,LRCL,Paris Beauvais,BVA,LFOB
Cluj-Napoca,CLJ,LRCL,Castellon (Valencia),CDT,LECH
Cluj-Napoca,CLJ,LRCL,Corfu,CFU,LGKR
Cluj-Napoca,CLJ,LRCL,Rome Ciampino,CIA,LIRA
Cluj-Napoca,CLJ,LRCL,Brussels Charleroi,CRL,EBCI
Cluj-Napoca,CLJ,LRCL,Catania (Sicily),CTA,LICC
Cluj-Napoca,CLJ,LRCL,Dubrovnik,DBV,LDDU
Cluj-Napoca,CLJ,LRCL,Dortmund,DTM,EDLW
Cluj-Napoca,CLJ,LRCL,Eindhoven,EIN,EHEH
Cluj-Napoca,CLJ,LRCL,Rome Fiumicino,FCO,LIRF
Cluj-Napoca,CLJ,LRCL,Memmingen / Munich West,FMM,EDJA
Cluj-Napoca,CLJ,LRCL,Heraklion (Crete),HER,LGIR
Cluj-Napoca,CLJ,LRCL,Leeds,LBA,EGNM
Cluj-Napoca,CLJ,LRCL,Larnaca,LCA,LCLK
Cluj-Napoca,CLJ,LRCL,Lisbon,LIS,LPPT
Cluj-Napoca,CLJ,LRCL,London Luton,LTN,EGGW
Cluj-Napoca,CLJ,LRCL,Madrid,MAD,LEMD
Cluj-Napoca,CLJ,LRCL,Malta,MLA,LMML
Cluj-Napoca,CLJ,LRCL,Malmo,MMX,ESMS
Cluj-Napoca,CLJ,LRCL,Milan Malpensa,MXP,LIMC
Cluj-Napoca,CLJ,LRCL,Naples,NAP,LIRN
Cluj-Napoca,CLJ,LRCL,Nuremberg,NUE,EDDN
Cluj-Napoca,CLJ,LRCL,"Stockholm Skavsta
",NYO,ESKN
Cluj-Napoca,CLJ,LRCL,Palma de Mallorca,PMI,LEPA
Cluj-Napoca,CLJ,LRCL,"Marrakesh
",RAK,GMMX
Cluj-Napoca,CLJ,LRCL,Stuttgart,STR,EDDS
Cluj-Napoca,CLJ,LRCL,Tel-Aviv,TLV,LLBG
Cluj-Napoca,CLJ,LRCL,Oslo Sandefjord Torp,TRF,ENTO
Cluj-Napoca,CLJ,LRCL,Venice Treviso,TSF,LIPH
Cluj-Napoca,CLJ,LRCL,Venice,VCE,LIPZ
Cluj-Napoca,CLJ,LRCL,Valencia,VLC,LEVC
Cluj-Napoca,CLJ,LRCL,Zaragoza,ZAZ,LEZG
Cluj-Napoca,CLJ,LRCL,Zakynthos,ZTH,LGZA
Constanta,CND,LRCK,Rome Fiumicino,FCO,LIRF
Constanta,CND,LRCK,London Luton,LTN,EGGW
Copenhagen,CPH,EKCH,Budapest,BUD,LHBP
Copenhagen,CPH,EKCH,Gdansk,GDN,EPGD
Copenhagen,CPH,EKCH,"Bucharest Otopeni
",OTP,LROP
Copenhagen,CPH,EKCH,Chisinau,RMO,LUKK
Copenhagen,CPH,EKCH,"Warsaw Chopin
",WAW,EPWA
Craiova,CRA,LRCV,"Athens
",ATH,LGAV
Craiova,CRA,LRCV,Barcelona El Prat,BCN,LEBL
Craiova,CRA,LRCV,Milan Bergamo,BGY,LIME
Craiova,CRA,LRCV,Birmingham,BHX,EGBB
Craiova,CRA,LRCV,Bologna,BLQ,LIPE
Craiova,CRA,LRCV,Bari,BRI,LIBD
Craiova,CRA,LRCV,Paris Beauvais,BVA,LFOB
Craiova,CRA,LRCV,Rome Ciampino,CIA,LIRA
Craiova,CRA,LRCV,Brussels Charleroi,CRL,EBCI
Craiova,CRA,LRCV,Dortmund,DTM,EDLW
Craiova,CRA,LRCV,Rome Fiumicino,FCO,LIRF
Craiova,CRA,LRCV,Memmingen / Munich West,FMM,EDJA
Craiova,CRA,LRCV,London Luton,LTN,EGGW
Craiova,CRA,LRCV,Madrid,MAD,LEMD
Craiova,CRA,LRCV,Naples,NAP,LIRN
Craiova,CRA,LRCV,Venice Treviso,TSF,LIPH
Craiova,CRA,LRCV,Venice,VCE,LIPZ
Brussels Charleroi,CRL,EBCI,Arad,ARW,LRAR
Brussels Charleroi,CRL,EBCI,Bucharest Baneasa,BBU,LRBS
Brussels Charleroi,CRL,EBCI,Budapest,BUD,LHBP
Brussels Charleroi,CRL,EBCI,Cluj-Napoca,CLJ,LRCL
Brussels Charleroi,CRL,EBCI,Craiova,CRA,LRCV
Brussels Charleroi,CRL,EBCI,Yerevan,EVN,UDYZ
Brussels Charleroi,CRL,EBCI,Iasi,IAS,LRIA
Brussels Charleroi,CRL,EBCI,Kutaisi,KUT,UGKO
Brussels Charleroi,CRL,EBCI,"Bucharest Otopeni
",OTP,LROP
Brussels Charleroi,CRL,EBCI,Prishtina,PRN,BKPR
Brussels Charleroi,CRL,EBCI,Chisinau,RMO,LUKK
Brussels Charleroi,CRL,EBCI,Suceava,SCV,LRSV
Brussels Charleroi,CRL,EBCI,Skopje,SKP,LWSK
Brussels Charleroi,CRL,EBCI,Sofia,SOF,LBSF
Brussels Charleroi,CRL,EBCI,Targu Mures,TGM,LRTM
Brussels Charleroi,CRL,EBCI,Tirana,TIA,LATI
Brussels Charleroi,CRL,EBCI,Timisoara,TSR,LRTR
Brussels Charleroi,CRL,EBCI,Varna (Black Sea),VAR,LBWN
Brussels Charleroi,CRL,EBCI,"Warsaw Chopin
",WAW,EPWA
Catania (Sicily),CTA,LICC,Alicante,ALC,LEAL
Catania (Sicily),CTA,LICC,Bucharest Baneasa,BBU,LRBS
Catania (Sicily),CTA,LICC,Bologna,BLQ,LIPE
Catania (Sicily),CTA,LICC,Budapest,BUD,LHBP
Catania (Sicily),CTA,LICC,Cluj-Napoca,CLJ,LRCL
Catania (Sicily),CTA,LICC,Rome Fiumicino,FCO,LIRF
Catania (Sicily),CTA,LICC,Memmingen / Munich West,FMM,EDJA
Catania (Sicily),CTA,LICC,Gdansk,GDN,EPGD
Catania (Sicily),CTA,LICC,Katowice,KTW,EPKT
Catania (Sicily),CTA,LICC,Milan Malpensa,MXP,LIMC
Catania (Sicily),CTA,LICC,Porto,OPO,LPPR
Catania (Sicily),CTA,LICC,"Bucharest Otopeni
",OTP,LROP
Catania (Sicily),CTA,LICC,Prague,PRG,LKPR
Catania (Sicily),CTA,LICC,"Sharm El Sheikh
",SSH,HESH
Catania (Sicily),CTA,LICC,Podgorica,TGD,LYPG
Catania (Sicily),CTA,LICC,Tirana,TIA,LATI
Catania (Sicily),CTA,LICC,Tel-Aviv,TLV,LLBG
Catania (Sicily),CTA,LICC,Turin,TRN,LIMF
Catania (Sicily),CTA,LICC,Venice,VCE,LIPZ
Catania (Sicily),CTA,LICC,Valencia,VLC,LEVC
Catania (Sicily),CTA,LICC,Vilnius,VNO,EYVI
Catania (Sicily),CTA,LICC,Verona,VRN,LIPX
Catania (Sicily),CTA,LICC,"Warsaw Chopin
",WAW,EPWA
Catania (Sicily),CTA,LICC,Wroclaw,WRO,EPWR
Dubrovnik,DBV,LDDU,Budapest,BUD,LHBP
Dubrovnik,DBV,LDDU,Cluj-Napoca,CLJ,LRCL
Dubrovnik,DBV,LDDU,Gdansk,GDN,EPGD
Dubrovnik,DBV,LDDU,Katowice,KTW,EPKT
Dubrovnik,DBV,LDDU,"Bucharest Otopeni
",OTP,LROP
Dubrovnik,DBV,LDDU,"Warsaw Chopin
",WAW,EPWA
Debrecen,DEB,LHDC,Eindhoven,EIN,EHEH
Debrecen,DEB,LHDC,"Istanbul
",IST,LTFM
Debrecen,DEB,LHDC,Larnaca,LCA,LCLK
Debrecen,DEB,LHDC,London Luton,LTN,EGGW
Debrecen,DEB,LHDC,Tel-Aviv,TLV,LLBG
Debrecen,DEB,LHDC,Varna (Black Sea),VAR,LBWN
Dalaman,DLM,LTBS,London Gatwick,LGW,EGKK
Dortmund,DTM,EDLW,Arad,ARW,LRAR
Dortmund,DTM,EDLW,Bucharest Baneasa,BBU,LRBS
Dortmund,DTM,EDLW,Belgrade,BEG,LYBE
Dortmund,DTM,EDLW,Banja Luka,BNX,LQBK
Dortmund,DTM,EDLW,Bratislava,BTS,LZIB
Dortmund,DTM,EDLW,Budapest,BUD,LHBP
Dortmund,DTM,EDLW,Cluj-Napoca,CLJ,LRCL
Dortmund,DTM,EDLW,Craiova,CRA,LRCV
Dortmund,DTM,EDLW,Yerevan,EVN,UDYZ
Dortmund,DTM,EDLW,Rome Fiumicino,FCO,LIRF
Dortmund,DTM,EDLW,Gdansk,GDN,EPGD
Dortmund,DTM,EDLW,Brasov,GHV,LRBV
Dortmund,DTM,EDLW,Iasi,IAS,LRIA
Dortmund,DTM,EDLW,Niš,INI,LYNI
Dortmund,DTM,EDLW,Katowice,KTW,EPKT
Dortmund,DTM,EDLW,Kutaisi,KUT,UGKO
Dortmund,DTM,EDLW,London Luton,LTN,EGGW
Dortmund,DTM,EDLW,Milan Malpensa,MXP,LIMC
Dortmund,DTM,EDLW,Ohrid,OHD,LWOH
Dortmund,DTM,EDLW,"Oradea
",OMR,LROD
Dortmund,DTM,EDLW,"Bucharest Otopeni
",OTP,LROP
Dortmund,DTM,EDLW,"Palermo (Sicily)
",PMO,LICJ
Dortmund,DTM,EDLW,Prishtina,PRN,BKPR
Dortmund,DTM,EDLW,Chisinau,RMO,LUKK
Dortmund,DTM,EDLW,Sibiu,SBZ,LRSB
Dortmund,DTM,EDLW,Suceava,SCV,LRSV
Dortmund,DTM,EDLW,Skopje,SKP,LWSK
Dortmund,DTM,EDLW,Sofia,SOF,LBSF
Dortmund,DTM,EDLW,Olsztyn-Mazury,SZY,EPSY
Dortmund,DTM,EDLW,Podgorica,TGD,LYPG
Dortmund,DTM,EDLW,Targu Mures,TGM,LRTM
Dortmund,DTM,EDLW,Tirana,TIA,LATI
Dortmund,DTM,EDLW,Timisoara,TSR,LRTR
Dortmund,DTM,EDLW,Tuzla,TZL,LQTZ
Dortmund,DTM,EDLW,Varna (Black Sea),VAR,LBWN
Dortmund,DTM,EDLW,Vilnius,VNO,EYVI
Dortmund,DTM,EDLW,"Warsaw Chopin
",WAW,EPWA
Dortmund,DTM,EDLW,Wroclaw,WRO,EPWR
"Dubai 
",DXB,OMDB,Bucharest Baneasa,BBU,LRBS
"Dubai 
",DXB,OMDB,Budapest,BUD,LHBP
"Dubai 
",DXB,OMDB,Cluj-Napoca,CLJ,LRCL
"Dubai 
",DXB,OMDB,"Kraków
",KRK,EPKK
"Dubai 
",DXB,OMDB,Katowice,KTW,EPKT
"Dubai 
",DXB,OMDB,Larnaca,LCA,LCLK
"Dubai 
",DXB,OMDB,"Bucharest Otopeni
",OTP,LROP
"Dubai 
",DXB,OMDB,Sofia,SOF,LBSF
Kefalonia,EFL,LGKF,Budapest,BUD,LHBP
Kefalonia,EFL,LGKF,Rome Fiumicino,FCO,LIRF
Kefalonia,EFL,LGKF,"Bucharest Otopeni
",OTP,LROP
Eindhoven,EIN,EHEH,Bucharest Baneasa,BBU,LRBS
Eindhoven,EIN,EHEH,Belgrade,BEG,LYBE
Eindhoven,EIN,EHEH,Budapest,BUD,LHBP
Eindhoven,EIN,EHEH,Cluj-Napoca,CLJ,LRCL
Eindhoven,EIN,EHEH,Debrecen,DEB,LHDC
Eindhoven,EIN,EHEH,Yerevan,EVN,UDYZ
Eindhoven,EIN,EHEH,Gdansk,GDN,EPGD
Eindhoven,EIN,EHEH,Iasi,IAS,LRIA
Eindhoven,EIN,EHEH,"Kraków
",KRK,EPKK
Eindhoven,EIN,EHEH,Katowice,KTW,EPKT
Eindhoven,EIN,EHEH,"Bucharest Otopeni
",OTP,LROP
Eindhoven,EIN,EHEH,Skopje,SKP,LWSK
Eindhoven,EIN,EHEH,Sofia,SOF,LBSF
Eindhoven,EIN,EHEH,Tirana,TIA,LATI
Eindhoven,EIN,EHEH,Varna (Black Sea),VAR,LBWN
Eindhoven,EIN,EHEH,Vilnius,VNO,EYVI
Eindhoven,EIN,EHEH,"Warsaw Chopin
",WAW,EPWA
Eindhoven,EIN,EHEH,Wroclaw,WRO,EPWR
Ankara,ESB,LTAC,Budapest,BUD,LHBP
Yerevan,EVN,UDYZ,Bari,BRI,LIBD
Yerevan,EVN,UDYZ,Bâle / Mulhouse,BSL,LFSB
Yerevan,EVN,UDYZ,Bratislava,BTS,LZIB
Yerevan,EVN,UDYZ,Budapest,BUD,LHBP
Yerevan,EVN,UDYZ,Paris Beauvais,BVA,LFOB
Yerevan,EVN,UDYZ,Brussels Charleroi,CRL,EBCI
Yerevan,EVN,UDYZ,Dortmund,DTM,EDLW
Yerevan,EVN,UDYZ,Eindhoven,EIN,EHEH
Yerevan,EVN,UDYZ,Rome Fiumicino,FCO,LIRF
Yerevan,EVN,UDYZ,Memmingen / Munich West,FMM,EDJA
Yerevan,EVN,UDYZ,Hamburg,HAM,EDDH
Yerevan,EVN,UDYZ,Larnaca,LCA,LCLK
Yerevan,EVN,UDYZ,London Luton,LTN,EGGW
Yerevan,EVN,UDYZ,Milan Malpensa,MXP,LIMC
Yerevan,EVN,UDYZ,Naples,NAP,LIRN
Yerevan,EVN,UDYZ,"Bucharest Otopeni
",OTP,LROP
Yerevan,EVN,UDYZ,Prague,PRG,LKPR
Yerevan,EVN,UDYZ,Rhodes,RHO,LGRP
Yerevan,EVN,UDYZ,Varna (Black Sea),VAR,LBWN
Yerevan,EVN,UDYZ,Venice,VCE,LIPZ
Yerevan,EVN,UDYZ,Valencia,VLC,LEVC
Faro (Algarve),FAO,LPFR,Katowice,KTW,EPKT
Faro (Algarve),FAO,LPFR,London Gatwick,LGW,EGKK
Faro (Algarve),FAO,LPFR,London Luton,LTN,EGGW
Faro (Algarve),FAO,LPFR,"Bucharest Otopeni
",OTP,LROP
Faro (Algarve),FAO,LPFR,"Warsaw Chopin
",WAW,EPWA
Rome Fiumicino,FCO,LIRF,Malaga,AGP,LEMG
Rome Fiumicino,FCO,LIRF,Alicante,ALC,LEAL
Rome Fiumicino,FCO,LIRF,Arad,ARW,LRAR
Rome Fiumicino,FCO,LIRF,Bacau,BCM,LRBC
Rome Fiumicino,FCO,LIRF,Barcelona El Prat,BCN,LEBL
Rome Fiumicino,FCO,LIRF,Belgrade,BEG,LYBE
Rome Fiumicino,FCO,LIRF,Birmingham,BHX,EGBB
Rome Fiumicino,FCO,LIRF,Bilbao,BIO,LEBB
Rome Fiumicino,FCO,LIRF,Bordeaux,BOD,LFBD
Rome Fiumicino,FCO,LIRF,Bratislava,BTS,LZIB
Rome Fiumicino,FCO,LIRF,Budapest,BUD,LHBP
Rome Fiumicino,FCO,LIRF,Corfu,CFU,LGKR
Rome Fiumicino,FCO,LIRF,Chania (Crete),CHQ,LGSA
Rome Fiumicino,FCO,LIRF,Cluj-Napoca,CLJ,LRCL
Rome Fiumicino,FCO,LIRF,Constanta,CND,LRCK
Rome Fiumicino,FCO,LIRF,Craiova,CRA,LRCV
Rome Fiumicino,FCO,LIRF,Catania (Sicily),CTA,LICC
Rome Fiumicino,FCO,LIRF,Dortmund,DTM,EDLW
Rome Fiumicino,FCO,LIRF,Kefalonia,EFL,LGKF
Rome Fiumicino,FCO,LIRF,Yerevan,EVN,UDYZ
Rome Fiumicino,FCO,LIRF,Gdansk,GDN,EPGD
Rome Fiumicino,FCO,LIRF,Brasov,GHV,LRBV
Rome Fiumicino,FCO,LIRF,Glasgow,GLA,EGPF
Rome Fiumicino,FCO,LIRF,Baku,GYD,UBBB
Rome Fiumicino,FCO,LIRF,Heraklion (Crete),HER,LGIR
Rome Fiumicino,FCO,LIRF,Hurghada,HRG,HEGN
Rome Fiumicino,FCO,LIRF,Iasi,IAS,LRIA
Rome Fiumicino,FCO,LIRF,Ibiza,IBZ,LEIB
Rome Fiumicino,FCO,LIRF,"Jeddah
",JED,OEJN
Rome Fiumicino,FCO,LIRF,Mykonos,JMK,LGMK
Rome Fiumicino,FCO,LIRF,"Skiathos
",JSI,LGSK
Rome Fiumicino,FCO,LIRF,Santorini,JTR,LGSR
Rome Fiumicino,FCO,LIRF,"Kraków
",KRK,EPKK
Rome Fiumicino,FCO,LIRF,Kosice,KSC,LZKZ
Rome Fiumicino,FCO,LIRF,Katowice,KTW,EPKT
Rome Fiumicino,FCO,LIRF,Kutaisi,KUT,UGKO
Rome Fiumicino,FCO,LIRF,Larnaca,LCA,LCLK
Rome Fiumicino,FCO,LIRF,Lisbon,LIS,LPPT
Rome Fiumicino,FCO,LIRF,Lampedusa,LMP,LICD
Rome Fiumicino,FCO,LIRF,London Luton,LTN,EGGW
Rome Fiumicino,FCO,LIRF,Madrid,MAD,LEMD
Rome Fiumicino,FCO,LIRF,Menorca,MAH,LEMH
Rome Fiumicino,FCO,LIRF,Malta,MLA,LMML
Rome Fiumicino,FCO,LIRF,Nice,NCE,LFMN
Rome Fiumicino,FCO,LIRF,"Oradea
",OMR,LROD
Rome Fiumicino,FCO,LIRF,Porto,OPO,LPPR
Rome Fiumicino,FCO,LIRF,Paris Orly,ORY,LFPO
Rome Fiumicino,FCO,LIRF,Oslo Gardermoen,OSL,ENGM
Rome Fiumicino,FCO,LIRF,"Bucharest Otopeni
",OTP,LROP
Rome Fiumicino,FCO,LIRF,Palma de Mallorca,PMI,LEPA
Rome Fiumicino,FCO,LIRF,"Palermo (Sicily)
",PMO,LICJ
Rome Fiumicino,FCO,LIRF,Prague,PRG,LKPR
Rome Fiumicino,FCO,LIRF,Prishtina,PRN,BKPR
Rome Fiumicino,FCO,LIRF,"Marrakesh
",RAK,GMMX
Rome Fiumicino,FCO,LIRF,Rhodes,RHO,LGRP
Rome Fiumicino,FCO,LIRF,"Marsa Alam
",RMF,HEMA
Rome Fiumicino,FCO,LIRF,Chisinau,RMO,LUKK
Rome Fiumicino,FCO,LIRF,"Rzeszów
",RZE,EPRZ
Rome Fiumicino,FCO,LIRF,Sibiu,SBZ,LRSB
Rome Fiumicino,FCO,LIRF,"Santiago de Compostela
",SCQ,LEST
Rome Fiumicino,FCO,LIRF,Suceava,SCV,LRSV
Rome Fiumicino,FCO,LIRF,Sarajevo,SJJ,LQSA
Rome Fiumicino,FCO,LIRF,Skopje,SKP,LWSK
Rome Fiumicino,FCO,LIRF,Sofia,SOF,LBSF
Rome Fiumicino,FCO,LIRF,Cairo (Sphinx),SPX,HESX
Rome Fiumicino,FCO,LIRF,"Sharm El Sheikh
",SSH,HESH
Rome Fiumicino,FCO,LIRF,Lamezia Terme,SUF,LICA
Rome Fiumicino,FCO,LIRF,Seville,SVQ,LEZL
Rome Fiumicino,FCO,LIRF,Tenerife (Canary Islands),TFS,GCTS
Rome Fiumicino,FCO,LIRF,Podgorica,TGD,LYPG
Rome Fiumicino,FCO,LIRF,Targu Mures,TGM,LRTM
Rome Fiumicino,FCO,LIRF,Tirana,TIA,LATI
Rome Fiumicino,FCO,LIRF,Tallinn,TLL,EETN
Rome Fiumicino,FCO,LIRF,Tel-Aviv,TLV,LLBG
Rome Fiumicino,FCO,LIRF,Turin,TRN,LIMF
Rome Fiumicino,FCO,LIRF,Timisoara,TSR,LRTR
Rome Fiumicino,FCO,LIRF,Varna (Black Sea),VAR,LBWN
Rome Fiumicino,FCO,LIRF,Valencia,VLC,LEVC
Rome Fiumicino,FCO,LIRF,"Warsaw Chopin
",WAW,EPWA
Rome Fiumicino,FCO,LIRF,Zaragoza,ZAZ,LEZG
Rome Fiumicino,FCO,LIRF,Zakynthos,ZTH,LGZA
Friedrichshafen,FDH,EDNY,Belgrade,BEG,LYBE
Friedrichshafen,FDH,EDNY,Skopje,SKP,LWSK
Karlsruhe/Baden-Baden,FKB,EDSB,Arad,ARW,LRAR
Karlsruhe/Baden-Baden,FKB,EDSB,Bucharest Baneasa,BBU,LRBS
Karlsruhe/Baden-Baden,FKB,EDSB,Belgrade,BEG,LYBE
Karlsruhe/Baden-Baden,FKB,EDSB,Brasov,GHV,LRBV
Karlsruhe/Baden-Baden,FKB,EDSB,Prishtina,PRN,BKPR
Karlsruhe/Baden-Baden,FKB,EDSB,Sibiu,SBZ,LRSB
Karlsruhe/Baden-Baden,FKB,EDSB,Suceava,SCV,LRSV
Karlsruhe/Baden-Baden,FKB,EDSB,Skopje,SKP,LWSK
Karlsruhe/Baden-Baden,FKB,EDSB,Podgorica,TGD,LYPG
Karlsruhe/Baden-Baden,FKB,EDSB,Tirana,TIA,LATI
Karlsruhe/Baden-Baden,FKB,EDSB,Timisoara,TSR,LRTR
Memmingen / Munich West,FMM,EDJA,Arad,ARW,LRAR
Memmingen / Munich West,FMM,EDJA,Bucharest Baneasa,BBU,LRBS
Memmingen / Munich West,FMM,EDJA,Belgrade,BEG,LYBE
Memmingen / Munich West,FMM,EDJA,Budapest,BUD,LHBP
Memmingen / Munich West,FMM,EDJA,Cluj-Napoca,CLJ,LRCL
Memmingen / Munich West,FMM,EDJA,Craiova,CRA,LRCV
Memmingen / Munich West,FMM,EDJA,Catania (Sicily),CTA,LICC
Memmingen / Munich West,FMM,EDJA,Yerevan,EVN,UDYZ
Memmingen / Munich West,FMM,EDJA,Brasov,GHV,LRBV
Memmingen / Munich West,FMM,EDJA,Iasi,IAS,LRIA
Memmingen / Munich West,FMM,EDJA,Niš,INI,LYNI
Memmingen / Munich West,FMM,EDJA,Kutaisi,KUT,UGKO
Memmingen / Munich West,FMM,EDJA,Ohrid,OHD,LWOH
Memmingen / Munich West,FMM,EDJA,"Bucharest Otopeni
",OTP,LROP
Memmingen / Munich West,FMM,EDJA,Prishtina,PRN,BKPR
Memmingen / Munich West,FMM,EDJA,Chisinau,RMO,LUKK
Memmingen / Munich West,FMM,EDJA,Sibiu,SBZ,LRSB
Memmingen / Munich West,FMM,EDJA,Suceava,SCV,LRSV
Memmingen / Munich West,FMM,EDJA,Skopje,SKP,LWSK
Memmingen / Munich West,FMM,EDJA,Sofia,SOF,LBSF
Memmingen / Munich West,FMM,EDJA,Podgorica,TGD,LYPG
Memmingen / Munich West,FMM,EDJA,Targu Mures,TGM,LRTM
Memmingen / Munich West,FMM,EDJA,Tirana,TIA,LATI
Memmingen / Munich West,FMM,EDJA,Timisoara,TSR,LRTR
Memmingen / Munich West,FMM,EDJA,Tuzla,TZL,LQTZ
Memmingen / Munich West,FMM,EDJA,Varna (Black Sea),VAR,LBWN
Funchal (Madeira),FNC,LPMA,Budapest,BUD,LHBP
Funchal (Madeira),FNC,LPMA,Gdansk,GDN,EPGD
Funchal (Madeira),FNC,LPMA,Katowice,KTW,EPKT
Funchal (Madeira),FNC,LPMA,"Warsaw Chopin
",WAW,EPWA
Fuerteventura (Canary Islands),FUE,GCFV,Katowice,KTW,EPKT
Fuerteventura (Canary Islands),FUE,GCFV,"Santiago de Compostela
",SCQ,LEST
Fuerteventura (Canary Islands),FUE,GCFV,"Warsaw Chopin
",WAW,EPWA
Gdansk,GDN,EPGD,Aberdeen,ABZ,EGPD
Gdansk,GDN,EPGD,Alesund,AES,ENAL
Gdansk,GDN,EPGD,Agadir,AGA,GMAD
Gdansk,GDN,EPGD,Malaga,AGP,LEMG
Gdansk,GDN,EPGD,Alicante,ALC,LEAL
Gdansk,GDN,EPGD,"Stockholm Arlanda
",ARN,ESSA
Gdansk,GDN,EPGD,"Athens
",ATH,LGAV
Gdansk,GDN,EPGD,Barcelona El Prat,BCN,LEBL
Gdansk,GDN,EPGD,Bergen,BGO,ENBR
Gdansk,GDN,EPGD,Billund,BLL,EKBI
Gdansk,GDN,EPGD,Bourgas (Black Sea),BOJ,LBBG
Gdansk,GDN,EPGD,Budapest,BUD,LHBP
Gdansk,GDN,EPGD,Rome Ciampino,CIA,LIRA
Gdansk,GDN,EPGD,Copenhagen,CPH,EKCH
Gdansk,GDN,EPGD,Catania (Sicily),CTA,LICC
Gdansk,GDN,EPGD,Dubrovnik,DBV,LDDU
Gdansk,GDN,EPGD,Dortmund,DTM,EDLW
Gdansk,GDN,EPGD,Eindhoven,EIN,EHEH
Gdansk,GDN,EPGD,Rome Fiumicino,FCO,LIRF
Gdansk,GDN,EPGD,Funchal (Madeira),FNC,LPMA
Gdansk,GDN,EPGD,Gothenburg Landvetter,GOT,ESGG
Gdansk,GDN,EPGD,Hamburg,HAM,EDDH
Gdansk,GDN,EPGD,Haugesund,HAU,ENHD
Gdansk,GDN,EPGD,Heraklion (Crete),HER,LGIR
Gdansk,GDN,EPGD,Reykjavik,KEF,BIKF
Gdansk,GDN,EPGD,Larnaca,LCA,LCLK
Gdansk,GDN,EPGD,London Luton,LTN,EGGW
Gdansk,GDN,EPGD,Madrid,MAD,LEMD
Gdansk,GDN,EPGD,Milan Malpensa,MXP,LIMC
Gdansk,GDN,EPGD,Nice,NCE,LFMN
Gdansk,GDN,EPGD,Oslo Gardermoen,OSL,ENGM
Gdansk,GDN,EPGD,"Bucharest Otopeni
",OTP,LROP
Gdansk,GDN,EPGD,Palma de Mallorca,PMI,LEPA
Gdansk,GDN,EPGD,Rijeka,RJK,LDRI
Gdansk,GDN,EPGD,"Marsa Alam
",RMF,HEMA
Gdansk,GDN,EPGD,Split,SPU,LDSP
Gdansk,GDN,EPGD,"Sharm El Sheikh
",SSH,HESH
Gdansk,GDN,EPGD,Stavanger,SVG,ENZV
Gdansk,GDN,EPGD,Poprad-Tatry,TAT,LZTT
Gdansk,GDN,EPGD,Tenerife (Canary Islands),TFS,GCTS
Gdansk,GDN,EPGD,Podgorica,TGD,LYPG
Gdansk,GDN,EPGD,Tirana,TIA,LATI
Gdansk,GDN,EPGD,Turku,TKU,EFTU
Gdansk,GDN,EPGD,Tallinn,TLL,EETN
Gdansk,GDN,EPGD,"Tromso
",TOS,ENTC
Gdansk,GDN,EPGD,Trondheim,TRD,ENVA
Gdansk,GDN,EPGD,Turin,TRN,LIMF
Gdansk,GDN,EPGD,Varna (Black Sea),VAR,LBWN
Gdansk,GDN,EPGD,Vilnius,VNO,EYVI
Gdansk,GDN,EPGD,Verona,VRN,LIPX
Brasov,GHV,LRBV,Barcelona El Prat,BCN,LEBL
Brasov,GHV,LRBV,Budapest,BUD,LHBP
Brasov,GHV,LRBV,Dortmund,DTM,EDLW
Brasov,GHV,LRBV,Rome Fiumicino,FCO,LIRF
Brasov,GHV,LRBV,Karlsruhe/Baden-Baden,FKB,EDSB
Brasov,GHV,LRBV,Memmingen / Munich West,FMM,EDJA
Brasov,GHV,LRBV,Katowice,KTW,EPKT
Brasov,GHV,LRBV,London Luton,LTN,EGGW
Brasov,GHV,LRBV,Madrid,MAD,LEMD
Brasov,GHV,LRBV,Milan Malpensa,MXP,LIMC
Brasov,GHV,LRBV,Naples,NAP,LIRN
Brasov,GHV,LRBV,Nuremberg,NUE,EDDN
Brasov,GHV,LRBV,Chisinau,RMO,LUKK
Brasov,GHV,LRBV,Valencia,VLC,LEVC
Brasov,GHV,LRBV,"Warsaw Chopin
",WAW,EPWA
Glasgow,GLA,EGPF,Rome Fiumicino,FCO,LIRF
Glasgow,GLA,EGPF,Milan Malpensa,MXP,LIMC
Grenoble,GNB,LFLS,Belgrade,BEG,LYBE
Grenoble,GNB,LFLS,London Gatwick,LGW,EGKK
Grenoble,GNB,LFLS,London Luton,LTN,EGGW
Grenoble,GNB,LFLS,Vilnius,VNO,EYVI
Grenoble,GNB,LFLS,"Warsaw Chopin
",WAW,EPWA
Genoa,GOA,LIMJ,Budapest,BUD,LHBP
Genoa,GOA,LIMJ,"Kraków
",KRK,EPKK
Genoa,GOA,LIMJ,Naples,NAP,LIRN
Genoa,GOA,LIMJ,Tirana,TIA,LATI
Genoa,GOA,LIMJ,"Warsaw Chopin
",WAW,EPWA
Gothenburg Landvetter,GOT,ESGG,Belgrade,BEG,LYBE
Gothenburg Landvetter,GOT,ESGG,Gdansk,GDN,EPGD
Gothenburg Landvetter,GOT,ESGG,Skopje,SKP,LWSK
Gothenburg Landvetter,GOT,ESGG,Tuzla,TZL,LQTZ
"Granada
",GRX,LEGR,London Luton,LTN,EGGW
Baku,GYD,UBBB,Bratislava,BTS,LZIB
Baku,GYD,UBBB,Budapest,BUD,LHBP
Baku,GYD,UBBB,Rome Fiumicino,FCO,LIRF
Hamburg,HAM,EDDH,Bucharest Baneasa,BBU,LRBS
Hamburg,HAM,EDDH,Belgrade,BEG,LYBE
Hamburg,HAM,EDDH,Yerevan,EVN,UDYZ
Hamburg,HAM,EDDH,Gdansk,GDN,EPGD
Hamburg,HAM,EDDH,Kutaisi,KUT,UGKO
Hamburg,HAM,EDDH,"Bucharest Otopeni
",OTP,LROP
Hamburg,HAM,EDDH,Prishtina,PRN,BKPR
Hamburg,HAM,EDDH,Chisinau,RMO,LUKK
Hamburg,HAM,EDDH,Skopje,SKP,LWSK
Hamburg,HAM,EDDH,Sofia,SOF,LBSF
Hamburg,HAM,EDDH,Podgorica,TGD,LYPG
Hamburg,HAM,EDDH,Tirana,TIA,LATI
Hamburg,HAM,EDDH,Tuzla,TZL,LQTZ
Hamburg,HAM,EDDH,Varna (Black Sea),VAR,LBWN
Haugesund,HAU,ENHD,Gdansk,GDN,EPGD
Heraklion (Crete),HER,LGIR,Budapest,BUD,LHBP
Heraklion (Crete),HER,LGIR,Cluj-Napoca,CLJ,LRCL
Heraklion (Crete),HER,LGIR,Rome Fiumicino,FCO,LIRF
Heraklion (Crete),HER,LGIR,Gdansk,GDN,EPGD
Heraklion (Crete),HER,LGIR,"Kraków
",KRK,EPKK
Heraklion (Crete),HER,LGIR,Milan Malpensa,MXP,LIMC
Heraklion (Crete),HER,LGIR,"Bucharest Otopeni
",OTP,LROP
Heraklion (Crete),HER,LGIR,Tel-Aviv,TLV,LLBG
Heraklion (Crete),HER,LGIR,"Warsaw Chopin
",WAW,EPWA
Frankfurt Hahn,HHN,EDFH,Bucharest Baneasa,BBU,LRBS
Frankfurt Hahn,HHN,EDFH,Kutaisi,KUT,UGKO
Frankfurt Hahn,HHN,EDFH,"Bucharest Otopeni
",OTP,LROP
Frankfurt Hahn,HHN,EDFH,Prishtina,PRN,BKPR
Frankfurt Hahn,HHN,EDFH,Chisinau,RMO,LUKK
Frankfurt Hahn,HHN,EDFH,Skopje,SKP,LWSK
Frankfurt Hahn,HHN,EDFH,Tirana,TIA,LATI
Frankfurt Hahn,HHN,EDFH,Timisoara,TSR,LRTR
Frankfurt Hahn,HHN,EDFH,Tuzla,TZL,LQTZ
Frankfurt Hahn,HHN,EDFH,Varna (Black Sea),VAR,LBWN
Hurghada,HRG,HEGN,Bratislava,BTS,LZIB
Hurghada,HRG,HEGN,Budapest,BUD,LHBP
Hurghada,HRG,HEGN,Rome Fiumicino,FCO,LIRF
Hurghada,HRG,HEGN,Katowice,KTW,EPKT
Hurghada,HRG,HEGN,London Gatwick,LGW,EGKK
Hurghada,HRG,HEGN,London Luton,LTN,EGGW
Hurghada,HRG,HEGN,Naples,NAP,LIRN
Hurghada,HRG,HEGN,Sofia,SOF,LBSF
Hurghada,HRG,HEGN,"Warsaw Modlin
",WMI,EPMO
Hurghada,HRG,HEGN,Wroclaw,WRO,EPWR
Iasi,IAS,LRIA,Barcelona El Prat,BCN,LEBL
Iasi,IAS,LRIA,Milan Bergamo,BGY,LIME
Iasi,IAS,LRIA,Billund,BLL,EKBI
Iasi,IAS,LRIA,Bologna,BLQ,LIPE
Iasi,IAS,LRIA,Bâle / Mulhouse,BSL,LFSB
Iasi,IAS,LRIA,Paris Beauvais,BVA,LFOB
Iasi,IAS,LRIA,Rome Ciampino,CIA,LIRA
Iasi,IAS,LRIA,Brussels Charleroi,CRL,EBCI
Iasi,IAS,LRIA,Dortmund,DTM,EDLW
Iasi,IAS,LRIA,Eindhoven,EIN,EHEH
Iasi,IAS,LRIA,Rome Fiumicino,FCO,LIRF
Iasi,IAS,LRIA,Memmingen / Munich West,FMM,EDJA
Iasi,IAS,LRIA,"Istanbul
",IST,LTFM
Iasi,IAS,LRIA,Larnaca,LCA,LCLK
Iasi,IAS,LRIA,Liverpool,LPL,EGGP
Iasi,IAS,LRIA,London Luton,LTN,EGGW
Iasi,IAS,LRIA,Madrid,MAD,LEMD
Iasi,IAS,LRIA,Milan Malpensa,MXP,LIMC
Iasi,IAS,LRIA,Prague,PRG,LKPR
Iasi,IAS,LRIA,Pisa (Tuscany),PSA,LIRP
Iasi,IAS,LRIA,Tel-Aviv,TLV,LLBG
Iasi,IAS,LRIA,Turin,TRN,LIMF
Iasi,IAS,LRIA,Venice Treviso,TSF,LIPH
Iasi,IAS,LRIA,Venice,VCE,LIPZ
Iasi,IAS,LRIA,Valencia,VLC,LEVC
Ibiza,IBZ,LEIB,Rome Fiumicino,FCO,LIRF
Niš,INI,LYNI,Bâle / Mulhouse,BSL,LFSB
Niš,INI,LYNI,Dortmund,DTM,EDLW
Niš,INI,LYNI,Memmingen / Munich West,FMM,EDJA
"Istanbul
",IST,LTFM,Budapest,BUD,LHBP
"Istanbul
",IST,LTFM,Debrecen,DEB,LHDC
"Istanbul
",IST,LTFM,Iasi,IAS,LRIA
"Istanbul
",IST,LTFM,London Gatwick,LGW,EGKK
"Istanbul
",IST,LTFM,London Luton,LTN,EGGW
"Jeddah
",JED,OEJN,Budapest,BUD,LHBP
"Jeddah
",JED,OEJN,Rome Fiumicino,FCO,LIRF
"Jeddah
",JED,OEJN,Milan Malpensa,MXP,LIMC
Mykonos,JMK,LGMK,Bratislava,BTS,LZIB
Mykonos,JMK,LGMK,Rome Fiumicino,FCO,LIRF
Mykonos,JMK,LGMK,London Luton,LTN,EGGW
Mykonos,JMK,LGMK,"Bucharest Otopeni
",OTP,LROP
"Skiathos
",JSI,LGSK,Rome Fiumicino,FCO,LIRF
"Skiathos
",JSI,LGSK,Milan Malpensa,MXP,LIMC
Santorini,JTR,LGSR,Budapest,BUD,LHBP
Santorini,JTR,LGSR,Rome Fiumicino,FCO,LIRF
Santorini,JTR,LGSR,London Gatwick,LGW,EGKK
Santorini,JTR,LGSR,"Bucharest Otopeni
",OTP,LROP
Santorini,JTR,LGSR,"Warsaw Chopin
",WAW,EPWA
Reykjavik,KEF,BIKF,Budapest,BUD,LHBP
Reykjavik,KEF,BIKF,Gdansk,GDN,EPGD
Reykjavik,KEF,BIKF,Katowice,KTW,EPKT
Reykjavik,KEF,BIKF,Milan Malpensa,MXP,LIMC
Reykjavik,KEF,BIKF,Vilnius,VNO,EYVI
Reykjavik,KEF,BIKF,"Warsaw Chopin
",WAW,EPWA
Reykjavik,KEF,BIKF,Wroclaw,WRO,EPWR
Kalamata,KLX,LGKL,Budapest,BUD,LHBP
"Kraków
",KRK,EPKK,Malaga,AGP,LEMG
"Kraków
",KRK,EPKK,Abu Dhabi,AUH,OMAA
"Kraków
",KRK,EPKK,Bucharest Baneasa,BBU,LRBS
"Kraków
",KRK,EPKK,Barcelona El Prat,BCN,LEBL
"Kraków
",KRK,EPKK,Bergen,BGO,ENBR
"Kraków
",KRK,EPKK,Bilbao,BIO,LEBB
"Kraków
",KRK,EPKK,Basel-Mulhouse-Freiburg,BSL,LFSB
"Kraków
",KRK,EPKK,Budapest,BUD,LHBP
"Kraków
",KRK,EPKK,Rome Ciampino,CIA,LIRA
"Kraków
",KRK,EPKK,Eindhoven,EIN,EHEH
"Kraków
",KRK,EPKK,Rome Fiumicino,FCO,LIRF
"Kraków
",KRK,EPKK,Genoa,GOA,LIMJ
"Kraków
",KRK,EPKK,Heraklion (Crete),HER,LGIR
"Kraków
",KRK,EPKK,Larnaca,LCA,LCLK
"Kraków
",KRK,EPKK,London Gatwick,LGW,EGKK
"Kraków
",KRK,EPKK,London Luton,LTN,EGGW
"Kraków
",KRK,EPKK,"Lyon
",LYS,LFLL
"Kraków
",KRK,EPKK,Milan Malpensa,MXP,LIMC
"Kraków
",KRK,EPKK,Nice,NCE,LFMN
"Kraków
",KRK,EPKK,Oslo Gardermoen,OSL,ENGM
"Kraków
",KRK,EPKK,"Bucharest Otopeni
",OTP,LROP
"Kraków
",KRK,EPKK,Rhodes,RHO,LGRP
"Kraków
",KRK,EPKK,"Marsa Alam
",RMF,HEMA
"Kraków
",KRK,EPKK,Sofia,SOF,LBSF
"Kraków
",KRK,EPKK,Split,SPU,LDSP
"Kraków
",KRK,EPKK,Stavanger,SVG,ENZV
"Kraków
",KRK,EPKK,Tirana,TIA,LATI
"Kraków
",KRK,EPKK,Tallinn,TLL,EETN
"Kraków
",KRK,EPKK,Tel-Aviv,TLV,LLBG
"Kraków
",KRK,EPKK,Venice,VCE,LIPZ
"Kraków
",KRK,EPKK,Valencia,VLC,LEVC
"Kraków
",KRK,EPKK,Vilnius,VNO,EYVI
"Kraków
",KRK,EPKK,Verona,VRN,LIPX
Kosice,KSC,LZKZ,Bratislava,BTS,LZIB
Kosice,KSC,LZKZ,Rome Fiumicino,FCO,LIRF
Kosice,KSC,LZKZ,London Luton,LTN,EGGW
Katowice,KTW,EPKT,Agadir,AGA,GMAD
Katowice,KTW,EPKT,Malaga,AGP,LEMG
Katowice,KTW,EPKT,Alicante,ALC,LEAL
Katowice,KTW,EPKT,"Athens
",ATH,LGAV
Katowice,KTW,EPKT,Abu Dhabi,AUH,OMAA
Katowice,KTW,EPKT,Barcelona El Prat,BCN,LEBL
Katowice,KTW,EPKT,"Brindisi
",BDS,LIBR
Katowice,KTW,EPKT,Billund,BLL,EKBI
Katowice,KTW,EPKT,Bourgas (Black Sea),BOJ,LBBG
Katowice,KTW,EPKT,Corfu,CFU,LGKR
Katowice,KTW,EPKT,Rome Ciampino,CIA,LIRA
Katowice,KTW,EPKT,"Comiso (Sicily)
",CIY,LICB
Katowice,KTW,EPKT,Catania (Sicily),CTA,LICC
Katowice,KTW,EPKT,Dubrovnik,DBV,LDDU
Katowice,KTW,EPKT,Dortmund,DTM,EDLW
Katowice,KTW,EPKT,Eindhoven,EIN,EHEH
Katowice,KTW,EPKT,Faro (Algarve),FAO,LPFR
Katowice,KTW,EPKT,Rome Fiumicino,FCO,LIRF
Katowice,KTW,EPKT,Funchal (Madeira),FNC,LPMA
Katowice,KTW,EPKT,Fuerteventura (Canary Islands),FUE,GCFV
Katowice,KTW,EPKT,Brasov,GHV,LRBV
Katowice,KTW,EPKT,Hurghada,HRG,HEGN
Katowice,KTW,EPKT,Reykjavik,KEF,BIKF
Katowice,KTW,EPKT,Kutaisi,KUT,UGKO
Katowice,KTW,EPKT,Larnaca,LCA,LCLK
Katowice,KTW,EPKT,London Luton,LTN,EGGW
Katowice,KTW,EPKT,Madrid,MAD,LEMD
Katowice,KTW,EPKT,Malta,MLA,LMML
Katowice,KTW,EPKT,Maastricht,MST,EHBK
Katowice,KTW,EPKT,Naples,NAP,LIRN
Katowice,KTW,EPKT,Ohrid,OHD,LWOH
Katowice,KTW,EPKT,Porto,OPO,LPPR
Katowice,KTW,EPKT,Rijeka,RJK,LDRI
Katowice,KTW,EPKT,"Marsa Alam
",RMF,HEMA
Katowice,KTW,EPKT,"Rimini
",RMI,LIPR
Katowice,KTW,EPKT,Split,SPU,LDSP
Katowice,KTW,EPKT,"Sharm El Sheikh
",SSH,HESH
Katowice,KTW,EPKT,Lamezia Terme,SUF,LICA
Katowice,KTW,EPKT,Tenerife (Canary Islands),TFS,GCTS
Katowice,KTW,EPKT,Podgorica,TGD,LYPG
Katowice,KTW,EPKT,Tirana,TIA,LATI
Katowice,KTW,EPKT,Turin,TRN,LIMF
Katowice,KTW,EPKT,Varna (Black Sea),VAR,LBWN
Kaunas,KUN,EYKA,Malaga,AGP,LEMG
Kaunas,KUN,EYKA,Barcelona El Prat,BCN,LEBL
Kaunas,KUN,EYKA,"Berlin Brandenburg
",BER,EDDB
Kaunas,KUN,EYKA,Bergen,BGO,ENBR
Kaunas,KUN,EYKA,Billund,BLL,EKBI
Kaunas,KUN,EYKA,Budapest,BUD,LHBP
Kaunas,KUN,EYKA,Catania (Sicily),CTA,LICC
Kaunas,KUN,EYKA,Dortmund,DTM,EDLW
Kaunas,KUN,EYKA,Eindhoven,EIN,EHEH
Kaunas,KUN,EYKA,Gdansk,GDN,EPGD
Kaunas,KUN,EYKA,Grenoble,GNB,LFLS
Kaunas,KUN,EYKA,Reykjavik,KEF,BIKF
Kaunas,KUN,EYKA,"Kraków
",KRK,EPKK
Kaunas,KUN,EYKA,Kutaisi,KUT,UGKO
Kaunas,KUN,EYKA,Larnaca,LCA,LCLK
Kaunas,KUN,EYKA,London Luton,LTN,EGGW
Kaunas,KUN,EYKA,Milan Malpensa,MXP,LIMC
Kaunas,KUN,EYKA,Nice,NCE,LFMN
Kaunas,KUN,EYKA,Prague,PRG,LKPR
Kaunas,KUN,EYKA,Podgorica,TGD,LYPG
Kaunas,KUN,EYKA,Tirana,TIA,LATI
Kaunas,KUN,EYKA,Turku,TKU,EFTU
Kaunas,KUN,EYKA,Tallinn,TLL,EETN
Kaunas,KUN,EYKA,Tel-Aviv,TLV,LLBG
Kutaisi,KUT,UGKO,"Athens
",ATH,LGAV
Kutaisi,KUT,UGKO,Barcelona El Prat,BCN,LEBL
Kutaisi,KUT,UGKO,"Berlin Brandenburg
",BER,EDDB
Kutaisi,KUT,UGKO,Bratislava,BTS,LZIB
Kutaisi,KUT,UGKO,Budapest,BUD,LHBP
Kutaisi,KUT,UGKO,Paris Beauvais,BVA,LFOB
Kutaisi,KUT,UGKO,Rome Ciampino,CIA,LIRA
Kutaisi,KUT,UGKO,Brussels Charleroi,CRL,EBCI
Kutaisi,KUT,UGKO,Dortmund,DTM,EDLW
Kutaisi,KUT,UGKO,Rome Fiumicino,FCO,LIRF
Kutaisi,KUT,UGKO,Memmingen / Munich West,FMM,EDJA
Kutaisi,KUT,UGKO,Hamburg,HAM,EDDH
Kutaisi,KUT,UGKO,Frankfurt Hahn,HHN,EDFH
Kutaisi,KUT,UGKO,Katowice,KTW,EPKT
Kutaisi,KUT,UGKO,Larnaca,LCA,LCLK
Kutaisi,KUT,UGKO,"Lyon
",LYS,LFLL
Kutaisi,KUT,UGKO,Madrid,MAD,LEMD
Kutaisi,KUT,UGKO,Milan Malpensa,MXP,LIMC
Kutaisi,KUT,UGKO,Poznan,POZ,EPPO
Kutaisi,KUT,UGKO,Prague,PRG,LKPR
Kutaisi,KUT,UGKO,Thessaloniki,SKG,LGTS
Kutaisi,KUT,UGKO,Venice,VCE,LIPZ
Kutaisi,KUT,UGKO,Vilnius,VNO,EYVI
Kutaisi,KUT,UGKO,"Warsaw Chopin
",WAW,EPWA
Kutaisi,KUT,UGKO,Wroclaw,WRO,EPWR
Leeds,LBA,EGNM,Cluj-Napoca,CLJ,LRCL
Leeds,LBA,EGNM,"Bucharest Otopeni
",OTP,LROP
Leeds,LBA,EGNM,"Warsaw Chopin
",WAW,EPWA
Larnaca,LCA,LCLK,"Athens
",ATH,LGAV
Larnaca,LCA,LCLK,Abu Dhabi,AUH,OMAA
Larnaca,LCA,LCLK,Bucharest Baneasa,BBU,LRBS
Larnaca,LCA,LCLK,Barcelona El Prat,BCN,LEBL
Larnaca,LCA,LCLK,Belgrade,BEG,LYBE
Larnaca,LCA,LCLK,Bratislava,BTS,LZIB
Larnaca,LCA,LCLK,Budapest,BUD,LHBP
Larnaca,LCA,LCLK,Rome Ciampino,CIA,LIRA
Larnaca,LCA,LCLK,Cluj-Napoca,CLJ,LRCL
Larnaca,LCA,LCLK,Debrecen,DEB,LHDC
Larnaca,LCA,LCLK,Yerevan,EVN,UDYZ
Larnaca,LCA,LCLK,Rome Fiumicino,FCO,LIRF
Larnaca,LCA,LCLK,Gdansk,GDN,EPGD
Larnaca,LCA,LCLK,Iasi,IAS,LRIA
Larnaca,LCA,LCLK,"Kraków
",KRK,EPKK
Larnaca,LCA,LCLK,Katowice,KTW,EPKT
Larnaca,LCA,LCLK,Kutaisi,KUT,UGKO
Larnaca,LCA,LCLK,London Gatwick,LGW,EGKK
Larnaca,LCA,LCLK,London Luton,LTN,EGGW
Larnaca,LCA,LCLK,Gyumri,LWN,UDSG
Larnaca,LCA,LCLK,Madrid,MAD,LEMD
Larnaca,LCA,LCLK,Milan Malpensa,MXP,LIMC
Larnaca,LCA,LCLK,"Bucharest Otopeni
",OTP,LROP
Larnaca,LCA,LCLK,Prague,PRG,LKPR
Larnaca,LCA,LCLK,"Warsaw Radom
",RDO,EPRA
Larnaca,LCA,LCLK,Chisinau,RMO,LUKK
Larnaca,LCA,LCLK,Suceava,SCV,LRSV
Larnaca,LCA,LCLK,Thessaloniki,SKG,LGTS
Larnaca,LCA,LCLK,Skopje,SKP,LWSK
Larnaca,LCA,LCLK,Sofia,SOF,LBSF
Larnaca,LCA,LCLK,Targu Mures,TGM,LRTM
Larnaca,LCA,LCLK,Tel-Aviv,TLV,LLBG
Larnaca,LCA,LCLK,Timisoara,TSR,LRTR
Larnaca,LCA,LCLK,Tuzla,TZL,LQTZ
Larnaca,LCA,LCLK,Varna (Black Sea),VAR,LBWN
Larnaca,LCA,LCLK,Venice,VCE,LIPZ
Larnaca,LCA,LCLK,Vilnius,VNO,EYVI
Larnaca,LCA,LCLK,"Warsaw Chopin
",WAW,EPWA
Larnaca,LCA,LCLK,Wroclaw,WRO,EPWR
"Almería
",LEI,LEAM,"Bucharest Otopeni
",OTP,LROP
London Gatwick,LGW,EGKK,Malaga,AGP,LEMG
London Gatwick,LGW,EGKK,Antalya,AYT,LTAI
London Gatwick,LGW,EGKK,Budapest,BUD,LHBP
London Gatwick,LGW,EGKK,Dalaman,DLM,LTBS
London Gatwick,LGW,EGKK,Faro (Algarve),FAO,LPFR
London Gatwick,LGW,EGKK,Grenoble,GNB,LFLS
London Gatwick,LGW,EGKK,Hurghada,HRG,HEGN
London Gatwick,LGW,EGKK,"Istanbul
",IST,LTFM
London Gatwick,LGW,EGKK,Santorini,JTR,LGSR
London Gatwick,LGW,EGKK,"Kraków
",KRK,EPKK
London Gatwick,LGW,EGKK,Larnaca,LCA,LCLK
London Gatwick,LGW,EGKK,"Lyon
",LYS,LFLL
London Gatwick,LGW,EGKK,Prague,PRG,LKPR
London Gatwick,LGW,EGKK,Chisinau,RMO,LUKK
London Gatwick,LGW,EGKK,"Sharm El Sheikh
",SSH,HESH
London Gatwick,LGW,EGKK,Podgorica,TGD,LYPG
London Gatwick,LGW,EGKK,Tirana,TIA,LATI
London Gatwick,LGW,EGKK,Tel-Aviv,TLV,LLBG
London Gatwick,LGW,EGKK,Valencia,VLC,LEVC
Lisbon,LIS,LPPT,Bucharest Baneasa,BBU,LRBS
Lisbon,LIS,LPPT,Budapest,BUD,LHBP
Lisbon,LIS,LPPT,Cluj-Napoca,CLJ,LRCL
Lisbon,LIS,LPPT,Rome Fiumicino,FCO,LIRF
Lisbon,LIS,LPPT,"Bucharest Otopeni
",OTP,LROP
Lisbon,LIS,LPPT,"Warsaw Chopin
",WAW,EPWA
Ljubljana,LJU,LJLJ,Skopje,SKP,LWSK
Ljubljana,LJU,LJLJ,Podgorica,TGD,LYPG
Lampedusa,LMP,LICD,Rome Fiumicino,FCO,LIRF
Lampedusa,LMP,LICD,Milan Malpensa,MXP,LIMC
"Gran Canaria (Canary Islands)
",LPA,GCLP,Budapest,BUD,LHBP
"Gran Canaria (Canary Islands)
",LPA,GCLP,"Bucharest Otopeni
",OTP,LROP
"Gran Canaria (Canary Islands)
",LPA,GCLP,"Santiago de Compostela
",SCQ,LEST
"Gran Canaria (Canary Islands)
",LPA,GCLP,Wroclaw,WRO,EPWR
Liverpool,LPL,EGGP,Iasi,IAS,LRIA
Liverpool,LPL,EGGP,"Bucharest Otopeni
",OTP,LROP
Liverpool,LPL,EGGP,"Warsaw Chopin
",WAW,EPWA
London Luton,LTN,EGGW,Malaga,AGP,LEMG
London Luton,LTN,EGGW,Alicante,ALC,LEAL
London Luton,LTN,EGGW,Arad,ARW,LRAR
London Luton,LTN,EGGW,"Athens
",ATH,LGAV
London Luton,LTN,EGGW,Antalya,AYT,LTAI
London Luton,LTN,EGGW,Bucharest Baneasa,BBU,LRBS
London Luton,LTN,EGGW,Bacau,BCM,LRBC
London Luton,LTN,EGGW,Barcelona El Prat,BCN,LEBL
London Luton,LTN,EGGW,Belgrade,BEG,LYBE
London Luton,LTN,EGGW,Bilbao,BIO,LEBB
London Luton,LTN,EGGW,Bordeaux,BOD,LFBD
London Luton,LTN,EGGW,Bourgas (Black Sea),BOJ,LBBG
London Luton,LTN,EGGW,Bratislava,BTS,LZIB
London Luton,LTN,EGGW,Budapest,BUD,LHBP
London Luton,LTN,EGGW,Corfu,CFU,LGKR
London Luton,LTN,EGGW,Chania (Crete),CHQ,LGSA
London Luton,LTN,EGGW,Cluj-Napoca,CLJ,LRCL
London Luton,LTN,EGGW,Constanta,CND,LRCK
London Luton,LTN,EGGW,Craiova,CRA,LRCV
London Luton,LTN,EGGW,Debrecen,DEB,LHDC
London Luton,LTN,EGGW,Dortmund,DTM,EDLW
London Luton,LTN,EGGW,Yerevan,EVN,UDYZ
London Luton,LTN,EGGW,Faro (Algarve),FAO,LPFR
London Luton,LTN,EGGW,Rome Fiumicino,FCO,LIRF
London Luton,LTN,EGGW,Gdansk,GDN,EPGD
London Luton,LTN,EGGW,Brasov,GHV,LRBV
London Luton,LTN,EGGW,Grenoble,GNB,LFLS
London Luton,LTN,EGGW,"Granada
",GRX,LEGR
London Luton,LTN,EGGW,Hurghada,HRG,HEGN
London Luton,LTN,EGGW,Iasi,IAS,LRIA
London Luton,LTN,EGGW,"Istanbul
",IST,LTFM
London Luton,LTN,EGGW,Mykonos,JMK,LGMK
London Luton,LTN,EGGW,"Kraków
",KRK,EPKK
London Luton,LTN,EGGW,Kosice,KSC,LZKZ
London Luton,LTN,EGGW,Katowice,KTW,EPKT
London Luton,LTN,EGGW,Kaunas,KUN,EYKA
London Luton,LTN,EGGW,Larnaca,LCA,LCLK
London Luton,LTN,EGGW,Lublin,LUZ,EPLB
London Luton,LTN,EGGW,"Lyon
",LYS,LFLL
London Luton,LTN,EGGW,Madrid,MAD,LEMD
London Luton,LTN,EGGW,Milan Malpensa,MXP,LIMC
London Luton,LTN,EGGW,"Bucharest Otopeni
",OTP,LROP
London Luton,LTN,EGGW,"Asturias
",OVD,LEAS
London Luton,LTN,EGGW,Plovdiv,PDV,LBPD
London Luton,LTN,EGGW,Palma de Mallorca,PMI,LEPA
London Luton,LTN,EGGW,Poznan,POZ,EPPO
London Luton,LTN,EGGW,Prague,PRG,LKPR
London Luton,LTN,EGGW,Prishtina,PRN,BKPR
London Luton,LTN,EGGW,Rhodes,RHO,LGRP
London Luton,LTN,EGGW,Chisinau,RMO,LUKK
London Luton,LTN,EGGW,Sibiu,SBZ,LRSB
London Luton,LTN,EGGW,Suceava,SCV,LRSV
London Luton,LTN,EGGW,Sarajevo,SJJ,LQSA
London Luton,LTN,EGGW,Skopje,SKP,LWSK
London Luton,LTN,EGGW,Sofia,SOF,LBSF
London Luton,LTN,EGGW,Split,SPU,LDSP
London Luton,LTN,EGGW,Cairo (Sphinx),SPX,HESX
London Luton,LTN,EGGW,"Sharm El Sheikh
",SSH,HESH
London Luton,LTN,EGGW,Satu Mare,SUJ,LRSM
London Luton,LTN,EGGW,Seville,SVQ,LEZL
London Luton,LTN,EGGW,Poprad-Tatry,TAT,LZTT
London Luton,LTN,EGGW,Targu Mures,TGM,LRTM
London Luton,LTN,EGGW,Tirana,TIA,LATI
London Luton,LTN,EGGW,Tallinn,TLL,EETN
London Luton,LTN,EGGW,Tel-Aviv,TLV,LLBG
London Luton,LTN,EGGW,"Tromso
",TOS,ENTC
London Luton,LTN,EGGW,Turin,TRN,LIMF
London Luton,LTN,EGGW,Timisoara,TSR,LRTR
London Luton,LTN,EGGW,Varna (Black Sea),VAR,LBWN
London Luton,LTN,EGGW,Venice,VCE,LIPZ
London Luton,LTN,EGGW,Valencia,VLC,LEVC
London Luton,LTN,EGGW,Vilnius,VNO,EYVI
London Luton,LTN,EGGW,"Warsaw Chopin
",WAW,EPWA
London Luton,LTN,EGGW,Wroclaw,WRO,EPWR
London Luton,LTN,EGGW,Zakynthos,ZTH,LGZA
Lublin,LUZ,EPLB,Bourgas (Black Sea),BOJ,LBBG
Lublin,LUZ,EPLB,London Luton,LTN,EGGW
Lublin,LUZ,EPLB,Maastricht,MST,EHBK
Lublin,LUZ,EPLB,Rijeka,RJK,LDRI
Lublin,LUZ,EPLB,Split,SPU,LDSP
Gyumri,LWN,UDSG,Larnaca,LCA,LCLK
"Lyon
",LYS,LFLL,"Kraków
",KRK,EPKK
"Lyon
",LYS,LFLL,Kutaisi,KUT,UGKO
"Lyon
",LYS,LFLL,London Gatwick,LGW,EGKK
"Lyon
",LYS,LFLL,London Luton,LTN,EGGW
"Lyon
",LYS,LFLL,"Bucharest Otopeni
",OTP,LROP
"Lyon
",LYS,LFLL,Tirana,TIA,LATI
"Lyon
",LYS,LFLL,"Warsaw Chopin
",WAW,EPWA
Madrid,MAD,LEMD,Arad,ARW,LRAR
Madrid,MAD,LEMD,Bucharest Baneasa,BBU,LRBS
Madrid,MAD,LEMD,Belgrade,BEG,LYBE
Madrid,MAD,LEMD,Budapest,BUD,LHBP
Madrid,MAD,LEMD,Cluj-Napoca,CLJ,LRCL
Madrid,MAD,LEMD,Craiova,CRA,LRCV
Madrid,MAD,LEMD,Rome Fiumicino,FCO,LIRF
Madrid,MAD,LEMD,Gdansk,GDN,EPGD
Madrid,MAD,LEMD,Brasov,GHV,LRBV
Madrid,MAD,LEMD,Iasi,IAS,LRIA
Madrid,MAD,LEMD,Katowice,KTW,EPKT
Madrid,MAD,LEMD,Kutaisi,KUT,UGKO
Madrid,MAD,LEMD,Larnaca,LCA,LCLK
Madrid,MAD,LEMD,London Luton,LTN,EGGW
Madrid,MAD,LEMD,Milan Malpensa,MXP,LIMC
Madrid,MAD,LEMD,Naples,NAP,LIRN
Madrid,MAD,LEMD,"Bucharest Otopeni
",OTP,LROP
Madrid,MAD,LEMD,"Asturias
",OVD,LEAS
Madrid,MAD,LEMD,Palma de Mallorca,PMI,LEPA
Madrid,MAD,LEMD,Pisa (Tuscany),PSA,LIRP
Madrid,MAD,LEMD,Sibiu,SBZ,LRSB
Madrid,MAD,LEMD,"Santiago de Compostela
",SCQ,LEST
Madrid,MAD,LEMD,Skopje,SKP,LWSK
Madrid,MAD,LEMD,Sofia,SOF,LBSF
Madrid,MAD,LEMD,Tirana,TIA,LATI
Madrid,MAD,LEMD,Turin,TRN,LIMF
Madrid,MAD,LEMD,Timisoara,TSR,LRTR
Madrid,MAD,LEMD,Venice,VCE,LIPZ
Madrid,MAD,LEMD,"Warsaw Chopin
",WAW,EPWA
Madrid,MAD,LEMD,Wroclaw,WRO,EPWR
Menorca,MAH,LEMH,Budapest,BUD,LHBP
Menorca,MAH,LEMH,Rome Fiumicino,FCO,LIRF
Menorca,MAH,LEMH,"Warsaw Chopin
",WAW,EPWA
Malta,MLA,LMML,Bucharest Baneasa,BBU,LRBS
Malta,MLA,LMML,Belgrade,BEG,LYBE
Malta,MLA,LMML,Budapest,BUD,LHBP
Malta,MLA,LMML,Cluj-Napoca,CLJ,LRCL
Malta,MLA,LMML,Rome Fiumicino,FCO,LIRF
Malta,MLA,LMML,Katowice,KTW,EPKT
Malta,MLA,LMML,"Bucharest Otopeni
",OTP,LROP
Malta,MLA,LMML,Skopje,SKP,LWSK
Malta,MLA,LMML,Tirana,TIA,LATI
Malta,MLA,LMML,"Warsaw Chopin
",WAW,EPWA
Malta,MLA,LMML,"Warsaw Modlin
",WMI,EPMO
Malmo,MMX,ESMS,Belgrade,BEG,LYBE
Malmo,MMX,ESMS,Cluj-Napoca,CLJ,LRCL
Malmo,MMX,ESMS,Prishtina,PRN,BKPR
Malmo,MMX,ESMS,Skopje,SKP,LWSK
Malmo,MMX,ESMS,Podgorica,TGD,LYPG
Malmo,MMX,ESMS,Tirana,TIA,LATI
Malmo,MMX,ESMS,Tuzla,TZL,LQTZ
Maastricht,MST,EHBK,Katowice,KTW,EPKT
Maastricht,MST,EHBK,Lublin,LUZ,EPLB
Maastricht,MST,EHBK,Podgorica,TGD,LYPG
Maastricht,MST,EHBK,Tuzla,TZL,LQTZ
Milan Malpensa,MXP,LIMC,Agadir,AGA,GMAD
Milan Malpensa,MXP,LIMC,Malaga,AGP,LEMG
Milan Malpensa,MXP,LIMC,Alicante,ALC,LEAL
Milan Malpensa,MXP,LIMC,Barcelona El Prat,BCN,LEBL
Milan Malpensa,MXP,LIMC,"Berlin Brandenburg
",BER,EDDB
Milan Malpensa,MXP,LIMC,Bilbao,BIO,LEBB
Milan Malpensa,MXP,LIMC,Budapest,BUD,LHBP
Milan Malpensa,MXP,LIMC,Cagliari,CAG,LIEE
Milan Malpensa,MXP,LIMC,Corfu,CFU,LGKR
Milan Malpensa,MXP,LIMC,"Comiso (Sicily)
",CIY,LICB
Milan Malpensa,MXP,LIMC,Cluj-Napoca,CLJ,LRCL
Milan Malpensa,MXP,LIMC,Catania (Sicily),CTA,LICC
Milan Malpensa,MXP,LIMC,Dortmund,DTM,EDLW
Milan Malpensa,MXP,LIMC,Yerevan,EVN,UDYZ
Milan Malpensa,MXP,LIMC,Gdansk,GDN,EPGD
Milan Malpensa,MXP,LIMC,Brasov,GHV,LRBV
Milan Malpensa,MXP,LIMC,Glasgow,GLA,EGPF
Milan Malpensa,MXP,LIMC,Heraklion (Crete),HER,LGIR
Milan Malpensa,MXP,LIMC,Iasi,IAS,LRIA
Milan Malpensa,MXP,LIMC,"Jeddah
",JED,OEJN
Milan Malpensa,MXP,LIMC,"Skiathos
",JSI,LGSK
Milan Malpensa,MXP,LIMC,Reykjavik,KEF,BIKF
Milan Malpensa,MXP,LIMC,"Kraków
",KRK,EPKK
Milan Malpensa,MXP,LIMC,Kutaisi,KUT,UGKO
Milan Malpensa,MXP,LIMC,Larnaca,LCA,LCLK
Milan Malpensa,MXP,LIMC,Lampedusa,LMP,LICD
Milan Malpensa,MXP,LIMC,London Luton,LTN,EGGW
Milan Malpensa,MXP,LIMC,Madrid,MAD,LEMD
Milan Malpensa,MXP,LIMC,Naples,NAP,LIRN
Milan Malpensa,MXP,LIMC,Ohrid,OHD,LWOH
Milan Malpensa,MXP,LIMC,Olbia (Sardinia),OLB,LIEO
Milan Malpensa,MXP,LIMC,Porto,OPO,LPPR
Milan Malpensa,MXP,LIMC,"Bucharest Otopeni
",OTP,LROP
Milan Malpensa,MXP,LIMC,Palma de Mallorca,PMI,LEPA
Milan Malpensa,MXP,LIMC,"Palermo (Sicily)
",PMO,LICJ
Milan Malpensa,MXP,LIMC,Prishtina,PRN,BKPR
Milan Malpensa,MXP,LIMC,"Marrakesh
",RAK,GMMX
Milan Malpensa,MXP,LIMC,"Marsa Alam
",RMF,HEMA
Milan Malpensa,MXP,LIMC,Chisinau,RMO,LUKK
Milan Malpensa,MXP,LIMC,Suceava,SCV,LRSV
Milan Malpensa,MXP,LIMC,Santander,SDR,LEXJ
Milan Malpensa,MXP,LIMC,Skopje,SKP,LWSK
Milan Malpensa,MXP,LIMC,Cairo (Sphinx),SPX,HESX
Milan Malpensa,MXP,LIMC,"Sharm El Sheikh
",SSH,HESH
Milan Malpensa,MXP,LIMC,Lamezia Terme,SUF,LICA
Milan Malpensa,MXP,LIMC,Seville,SVQ,LEZL
Milan Malpensa,MXP,LIMC,Tenerife (Canary Islands),TFS,GCTS
Milan Malpensa,MXP,LIMC,Podgorica,TGD,LYPG
Milan Malpensa,MXP,LIMC,Tirana,TIA,LATI
Milan Malpensa,MXP,LIMC,Tel-Aviv,TLV,LLBG
Milan Malpensa,MXP,LIMC,"Tromso
",TOS,ENTC
Milan Malpensa,MXP,LIMC,Valencia,VLC,LEVC
Milan Malpensa,MXP,LIMC,Vilnius,VNO,EYVI
Milan Malpensa,MXP,LIMC,"Warsaw Chopin
",WAW,EPWA
Milan Malpensa,MXP,LIMC,Zaragoza,ZAZ,LEZG
Milan Malpensa,MXP,LIMC,Zakynthos,ZTH,LGZA
Naples,NAP,LIRN,Bucharest Baneasa,BBU,LRBS
Naples,NAP,LIRN,Barcelona El Prat,BCN,LEBL
Naples,NAP,LIRN,Bilbao,BIO,LEBB
Naples,NAP,LIRN,Basel-Mulhouse-Freiburg,BSL,LFSB
Naples,NAP,LIRN,Bratislava,BTS,LZIB
Naples,NAP,LIRN,Budapest,BUD,LHBP
Naples,NAP,LIRN,Cluj-Napoca,CLJ,LRCL
Naples,NAP,LIRN,Craiova,CRA,LRCV
Naples,NAP,LIRN,Yerevan,EVN,UDYZ
Naples,NAP,LIRN,Brasov,GHV,LRBV
Naples,NAP,LIRN,Genoa,GOA,LIMJ
Naples,NAP,LIRN,Hurghada,HRG,HEGN
Naples,NAP,LIRN,Katowice,KTW,EPKT
Naples,NAP,LIRN,Madrid,MAD,LEMD
Naples,NAP,LIRN,Milan Malpensa,MXP,LIMC
Naples,NAP,LIRN,Nice,NCE,LFMN
Naples,NAP,LIRN,"Bucharest Otopeni
",OTP,LROP
Naples,NAP,LIRN,Palma de Mallorca,PMI,LEPA
Naples,NAP,LIRN,"Palermo (Sicily)
",PMO,LICJ
Naples,NAP,LIRN,Chisinau,RMO,LUKK
Naples,NAP,LIRN,Skopje,SKP,LWSK
Naples,NAP,LIRN,Sofia,SOF,LBSF
Naples,NAP,LIRN,"Sharm El Sheikh
",SSH,HESH
Naples,NAP,LIRN,Tirana,TIA,LATI
Naples,NAP,LIRN,Tel-Aviv,TLV,LLBG
Naples,NAP,LIRN,Turin,TRN,LIMF
Naples,NAP,LIRN,"Trieste
",TRS,LIPQ
Naples,NAP,LIRN,Timisoara,TSR,LRTR
Naples,NAP,LIRN,Venice,VCE,LIPZ
Naples,NAP,LIRN,Valencia,VLC,LEVC
Naples,NAP,LIRN,"Warsaw Chopin
",WAW,EPWA
Nice,NCE,LFMN,Bucharest Baneasa,BBU,LRBS
Nice,NCE,LFMN,Belgrade,BEG,LYBE
Nice,NCE,LFMN,Bratislava,BTS,LZIB
Nice,NCE,LFMN,Budapest,BUD,LHBP
Nice,NCE,LFMN,Rome Fiumicino,FCO,LIRF
Nice,NCE,LFMN,Gdansk,GDN,EPGD
Nice,NCE,LFMN,"Kraków
",KRK,EPKK
Nice,NCE,LFMN,Naples,NAP,LIRN
Nice,NCE,LFMN,"Bucharest Otopeni
",OTP,LROP
Nice,NCE,LFMN,Chisinau,RMO,LUKK
Nice,NCE,LFMN,Sofia,SOF,LBSF
Nice,NCE,LFMN,Tirana,TIA,LATI
Nice,NCE,LFMN,Vilnius,VNO,EYVI
Nice,NCE,LFMN,"Warsaw Chopin
",WAW,EPWA
Nice,NCE,LFMN,Wroclaw,WRO,EPWR
Nuremberg,NUE,EDDN,Cluj-Napoca,CLJ,LRCL
Nuremberg,NUE,EDDN,Brasov,GHV,LRBV
Nuremberg,NUE,EDDN,"Bucharest Otopeni
",OTP,LROP
Nuremberg,NUE,EDDN,Chisinau,RMO,LUKK
Nuremberg,NUE,EDDN,Sibiu,SBZ,LRSB
Nuremberg,NUE,EDDN,Skopje,SKP,LWSK
Nuremberg,NUE,EDDN,Targu Mures,TGM,LRTM
Nuremberg,NUE,EDDN,Tirana,TIA,LATI
Nuremberg,NUE,EDDN,Timisoara,TSR,LRTR
Nuremberg,NUE,EDDN,Varna (Black Sea),VAR,LBWN
"Stockholm Skavsta
",NYO,ESKN,Bucharest Baneasa,BBU,LRBS
"Stockholm Skavsta
",NYO,ESKN,Belgrade,BEG,LYBE
"Stockholm Skavsta
",NYO,ESKN,Cluj-Napoca,CLJ,LRCL
"Stockholm Skavsta
",NYO,ESKN,"Bucharest Otopeni
",OTP,LROP
"Stockholm Skavsta
",NYO,ESKN,"Warsaw Chopin
",WAW,EPWA
Ohrid,OHD,LWOH,Bâle / Mulhouse,BSL,LFSB
Ohrid,OHD,LWOH,Bratislava,BTS,LZIB
Ohrid,OHD,LWOH,Dortmund,DTM,EDLW
Ohrid,OHD,LWOH,Memmingen / Munich West,FMM,EDJA
Ohrid,OHD,LWOH,Katowice,KTW,EPKT
Ohrid,OHD,LWOH,Milan Malpensa,MXP,LIMC
Ohrid,OHD,LWOH,Wroclaw,WRO,EPWR
Olbia (Sardinia),OLB,LIEO,Rome Ciampino,CIA,LIRA
Olbia (Sardinia),OLB,LIEO,Milan Malpensa,MXP,LIMC
Olbia (Sardinia),OLB,LIEO,"Warsaw Chopin
",WAW,EPWA
"Oradea
",OMR,LROD,Milan Bergamo,BGY,LIME
"Oradea
",OMR,LROD,Dortmund,DTM,EDLW
"Oradea
",OMR,LROD,Rome Fiumicino,FCO,LIRF
Porto,OPO,LPPR,Catania (Sicily),CTA,LICC
Porto,OPO,LPPR,Rome Fiumicino,FCO,LIRF
Porto,OPO,LPPR,Katowice,KTW,EPKT
Porto,OPO,LPPR,Milan Malpensa,MXP,LIMC
Porto,OPO,LPPR,"Bucharest Otopeni
",OTP,LROP
Porto,OPO,LPPR,"Warsaw Chopin
",WAW,EPWA
Paris Orly,ORY,LFPO,Budapest,BUD,LHBP
Paris Orly,ORY,LFPO,Rome Fiumicino,FCO,LIRF
Paris Orly,ORY,LFPO,"Bucharest Otopeni
",OTP,LROP
Paris Orly,ORY,LFPO,"Warsaw Chopin
",WAW,EPWA
Oslo Gardermoen,OSL,ENGM,Bratislava,BTS,LZIB
Oslo Gardermoen,OSL,ENGM,Budapest,BUD,LHBP
Oslo Gardermoen,OSL,ENGM,Rome Fiumicino,FCO,LIRF
Oslo Gardermoen,OSL,ENGM,Gdansk,GDN,EPGD
Oslo Gardermoen,OSL,ENGM,"Kraków
",KRK,EPKK
Oslo Gardermoen,OSL,ENGM,Palanga – Klaipeda,PLQ,EYPA
Oslo Gardermoen,OSL,ENGM,Szczecin,SZZ,EPSC
"Bucharest Otopeni
",OTP,LROP,Malaga,AGP,LEMG
"Bucharest Otopeni
",OTP,LROP,Alghero (Sardinia),AHO,LIEA
"Bucharest Otopeni
",OTP,LROP,Alicante,ALC,LEAL
"Bucharest Otopeni
",OTP,LROP,"Stockholm Arlanda
",ARN,ESSA
"Bucharest Otopeni
",OTP,LROP,"Athens
",ATH,LGAV
"Bucharest Otopeni
",OTP,LROP,Abu Dhabi,AUH,OMAA
"Bucharest Otopeni
",OTP,LROP,Antalya,AYT,LTAI
"Bucharest Otopeni
",OTP,LROP,Barcelona El Prat,BCN,LEBL
"Bucharest Otopeni
",OTP,LROP,"Brindisi
",BDS,LIBR
"Bucharest Otopeni
",OTP,LROP,"Berlin Brandenburg
",BER,EDDB
"Bucharest Otopeni
",OTP,LROP,Milan Bergamo,BGY,LIME
"Bucharest Otopeni
",OTP,LROP,Birmingham,BHX,EGBB
"Bucharest Otopeni
",OTP,LROP,Billund,BLL,EKBI
"Bucharest Otopeni
",OTP,LROP,Bologna,BLQ,LIPE
"Bucharest Otopeni
",OTP,LROP,Bordeaux,BOD,LFBD
"Bucharest Otopeni
",OTP,LROP,Bari,BRI,LIBD
"Bucharest Otopeni
",OTP,LROP,Basel-Mulhouse-Freiburg,BSL,LFSB
"Bucharest Otopeni
",OTP,LROP,Bratislava,BTS,LZIB
"Bucharest Otopeni
",OTP,LROP,Budapest,BUD,LHBP
"Bucharest Otopeni
",OTP,LROP,Paris Beauvais,BVA,LFOB
"Bucharest Otopeni
",OTP,LROP,Castellon (Valencia),CDT,LECH
"Bucharest Otopeni
",OTP,LROP,Corfu,CFU,LGKR
"Bucharest Otopeni
",OTP,LROP,Cologne,CGN,EDDK
"Bucharest Otopeni
",OTP,LROP,Rome Ciampino,CIA,LIRA
"Bucharest Otopeni
",OTP,LROP,Copenhagen,CPH,EKCH
"Bucharest Otopeni
",OTP,LROP,Brussels Charleroi,CRL,EBCI
"Bucharest Otopeni
",OTP,LROP,Catania (Sicily),CTA,LICC
"Bucharest Otopeni
",OTP,LROP,Dubrovnik,DBV,LDDU
"Bucharest Otopeni
",OTP,LROP,Dortmund,DTM,EDLW
"Bucharest Otopeni
",OTP,LROP,"Dubai 
",DXB,OMDB
"Bucharest Otopeni
",OTP,LROP,Kefalonia,EFL,LGKF
"Bucharest Otopeni
",OTP,LROP,Eindhoven,EIN,EHEH
"Bucharest Otopeni
",OTP,LROP,Yerevan,EVN,UDYZ
"Bucharest Otopeni
",OTP,LROP,Faro (Algarve),FAO,LPFR
"Bucharest Otopeni
",OTP,LROP,Rome Fiumicino,FCO,LIRF
"Bucharest Otopeni
",OTP,LROP,Karlsruhe/Baden-Baden,FKB,EDSB
"Bucharest Otopeni
",OTP,LROP,Memmingen / Munich West,FMM,EDJA
"Bucharest Otopeni
",OTP,LROP,Gdansk,GDN,EPGD
"Bucharest Otopeni
",OTP,LROP,Hamburg,HAM,EDDH
"Bucharest Otopeni
",OTP,LROP,Heraklion (Crete),HER,LGIR
"Bucharest Otopeni
",OTP,LROP,Frankfurt Hahn,HHN,EDFH
"Bucharest Otopeni
",OTP,LROP,Mykonos,JMK,LGMK
"Bucharest Otopeni
",OTP,LROP,Santorini,JTR,LGSR
"Bucharest Otopeni
",OTP,LROP,"Kraków
",KRK,EPKK
"Bucharest Otopeni
",OTP,LROP,Leeds,LBA,EGNM
"Bucharest Otopeni
",OTP,LROP,Larnaca,LCA,LCLK
"Bucharest Otopeni
",OTP,LROP,"Almería
",LEI,LEAM
"Bucharest Otopeni
",OTP,LROP,Lisbon,LIS,LPPT
"Bucharest Otopeni
",OTP,LROP,"Gran Canaria (Canary Islands)
",LPA,GCLP
"Bucharest Otopeni
",OTP,LROP,Liverpool,LPL,EGGP
"Bucharest Otopeni
",OTP,LROP,London Luton,LTN,EGGW
"Bucharest Otopeni
",OTP,LROP,"Lyon
",LYS,LFLL
"Bucharest Otopeni
",OTP,LROP,Madrid,MAD,LEMD
"Bucharest Otopeni
",OTP,LROP,Malta,MLA,LMML
"Bucharest Otopeni
",OTP,LROP,Milan Malpensa,MXP,LIMC
"Bucharest Otopeni
",OTP,LROP,Naples,NAP,LIRN
"Bucharest Otopeni
",OTP,LROP,Nice,NCE,LFMN
"Bucharest Otopeni
",OTP,LROP,Nuremberg,NUE,EDDN
"Bucharest Otopeni
",OTP,LROP,"Stockholm Skavsta
",NYO,ESKN
"Bucharest Otopeni
",OTP,LROP,Porto,OPO,LPPR
"Bucharest Otopeni
",OTP,LROP,Paris Orly,ORY,LFPO
"Bucharest Otopeni
",OTP,LROP,Palma de Mallorca,PMI,LEPA
"Bucharest Otopeni
",OTP,LROP,Prague,PRG,LKPR
"Bucharest Otopeni
",OTP,LROP,Pisa (Tuscany),PSA,LIRP
"Bucharest Otopeni
",OTP,LROP,Pescara,PSR,LIBP
"Bucharest Otopeni
",OTP,LROP,"Marrakesh
",RAK,GMMX
"Bucharest Otopeni
",OTP,LROP,Chisinau,RMO,LUKK
"Bucharest Otopeni
",OTP,LROP,Santander,SDR,LEXJ
"Bucharest Otopeni
",OTP,LROP,Stuttgart,STR,EDDS
"Bucharest Otopeni
",OTP,LROP,Seville,SVQ,LEZL
"Bucharest Otopeni
",OTP,LROP,Tenerife (Canary Islands),TFS,GCTS
"Bucharest Otopeni
",OTP,LROP,Turku,TKU,EFTU
"Bucharest Otopeni
",OTP,LROP,Tel-Aviv,TLV,LLBG
"Bucharest Otopeni
",OTP,LROP,Oslo Sandefjord Torp,TRF,ENTO
"Bucharest Otopeni
",OTP,LROP,Turin,TRN,LIMF
"Bucharest Otopeni
",OTP,LROP,Venice Treviso,TSF,LIPH
"Bucharest Otopeni
",OTP,LROP,Venice,VCE,LIPZ
"Bucharest Otopeni
",OTP,LROP,Valencia,VLC,LEVC
"Bucharest Otopeni
",OTP,LROP,"Warsaw Chopin
",WAW,EPWA
"Bucharest Otopeni
",OTP,LROP,Wroclaw,WRO,EPWR
"Bucharest Otopeni
",OTP,LROP,Zaragoza,ZAZ,LEZG
"Bucharest Otopeni
",OTP,LROP,Zakynthos,ZTH,LGZA
"Asturias
",OVD,LEAS,London Luton,LTN,EGGW
"Asturias
",OVD,LEAS,Madrid,MAD,LEMD
"Asturias
",OVD,LEAS,Valencia,VLC,LEVC
Plovdiv,PDV,LBPD,Bratislava,BTS,LZIB
Plovdiv,PDV,LBPD,London Luton,LTN,EGGW
Perugia,PEG,LIRZ,Tirana,TIA,LATI
Paphos,PFO,LCPH,"Warsaw Modlin
",WMI,EPMO
Palanga – Klaipeda,PLQ,EYPA,Oslo Gardermoen,OSL,ENGM
Palma de Mallorca,PMI,LEPA,Bucharest Baneasa,BBU,LRBS
Palma de Mallorca,PMI,LEPA,Budapest,BUD,LHBP
Palma de Mallorca,PMI,LEPA,Cluj-Napoca,CLJ,LRCL
Palma de Mallorca,PMI,LEPA,Rome Fiumicino,FCO,LIRF
Palma de Mallorca,PMI,LEPA,Gdansk,GDN,EPGD
Palma de Mallorca,PMI,LEPA,London Luton,LTN,EGGW
Palma de Mallorca,PMI,LEPA,Madrid,MAD,LEMD
Palma de Mallorca,PMI,LEPA,Milan Malpensa,MXP,LIMC
Palma de Mallorca,PMI,LEPA,Naples,NAP,LIRN
Palma de Mallorca,PMI,LEPA,"Bucharest Otopeni
",OTP,LROP
Palma de Mallorca,PMI,LEPA,Sofia,SOF,LBSF
Palma de Mallorca,PMI,LEPA,Tirana,TIA,LATI
Palma de Mallorca,PMI,LEPA,Valencia,VLC,LEVC
Palma de Mallorca,PMI,LEPA,"Warsaw Chopin
",WAW,EPWA
"Palermo (Sicily)
",PMO,LICJ,Barcelona El Prat,BCN,LEBL
"Palermo (Sicily)
",PMO,LICJ,Belgrade,BEG,LYBE
"Palermo (Sicily)
",PMO,LICJ,Bologna,BLQ,LIPE
"Palermo (Sicily)
",PMO,LICJ,Bratislava,BTS,LZIB
"Palermo (Sicily)
",PMO,LICJ,Dortmund,DTM,EDLW
"Palermo (Sicily)
",PMO,LICJ,Rome Fiumicino,FCO,LIRF
"Palermo (Sicily)
",PMO,LICJ,Milan Malpensa,MXP,LIMC
"Palermo (Sicily)
",PMO,LICJ,Naples,NAP,LIRN
"Palermo (Sicily)
",PMO,LICJ,Prague,PRG,LKPR
"Palermo (Sicily)
",PMO,LICJ,Pisa (Tuscany),PSA,LIRP
"Palermo (Sicily)
",PMO,LICJ,"Marrakesh
",RAK,GMMX
"Palermo (Sicily)
",PMO,LICJ,Skopje,SKP,LWSK
"Palermo (Sicily)
",PMO,LICJ,Sofia,SOF,LBSF
"Palermo (Sicily)
",PMO,LICJ,"Sharm El Sheikh
",SSH,HESH
"Palermo (Sicily)
",PMO,LICJ,Tirana,TIA,LATI
"Palermo (Sicily)
",PMO,LICJ,Tel-Aviv,TLV,LLBG
"Palermo (Sicily)
",PMO,LICJ,Turin,TRN,LIMF
"Palermo (Sicily)
",PMO,LICJ,Venice,VCE,LIPZ
"Palermo (Sicily)
",PMO,LICJ,"Warsaw Modlin
",WMI,EPMO
Poznan,POZ,EPPO,Basel-Mulhouse-Freiburg,BSL,LFSB
Poznan,POZ,EPPO,Kutaisi,KUT,UGKO
Poznan,POZ,EPPO,London Luton,LTN,EGGW
Poznan,POZ,EPPO,Podgorica,TGD,LYPG
Poznan,POZ,EPPO,Tirana,TIA,LATI
Prague,PRG,LKPR,Catania (Sicily),CTA,LICC
Prague,PRG,LKPR,Yerevan,EVN,UDYZ
Prague,PRG,LKPR,Rome Fiumicino,FCO,LIRF
Prague,PRG,LKPR,Iasi,IAS,LRIA
Prague,PRG,LKPR,Kutaisi,KUT,UGKO
Prague,PRG,LKPR,Larnaca,LCA,LCLK
Prague,PRG,LKPR,London Gatwick,LGW,EGKK
Prague,PRG,LKPR,London Luton,LTN,EGGW
Prague,PRG,LKPR,"Bucharest Otopeni
",OTP,LROP
Prague,PRG,LKPR,"Palermo (Sicily)
",PMO,LICJ
Prague,PRG,LKPR,Chisinau,RMO,LUKK
Prague,PRG,LKPR,Suceava,SCV,LRSV
Prague,PRG,LKPR,Sarajevo,SJJ,LQSA
Prague,PRG,LKPR,Skopje,SKP,LWSK
Prague,PRG,LKPR,Sofia,SOF,LBSF
Prague,PRG,LKPR,Poprad-Tatry,TAT,LZTT
Prague,PRG,LKPR,Tirana,TIA,LATI
Prague,PRG,LKPR,Turin,TRN,LIMF
Prague,PRG,LKPR,Timisoara,TSR,LRTR
Prague,PRG,LKPR,Vilnius,VNO,EYVI
Prishtina,PRN,BKPR,"Berlin Brandenburg
",BER,EDDB
Prishtina,PRN,BKPR,Bâle / Mulhouse,BSL,LFSB
Prishtina,PRN,BKPR,Bratislava,BTS,LZIB
Prishtina,PRN,BKPR,Brussels Charleroi,CRL,EBCI
Prishtina,PRN,BKPR,Dortmund,DTM,EDLW
Prishtina,PRN,BKPR,Rome Fiumicino,FCO,LIRF
Prishtina,PRN,BKPR,Karlsruhe/Baden-Baden,FKB,EDSB
Prishtina,PRN,BKPR,Memmingen / Munich West,FMM,EDJA
Prishtina,PRN,BKPR,Hamburg,HAM,EDDH
Prishtina,PRN,BKPR,Frankfurt Hahn,HHN,EDFH
Prishtina,PRN,BKPR,London Luton,LTN,EGGW
Prishtina,PRN,BKPR,Malmo,MMX,ESMS
Prishtina,PRN,BKPR,Milan Malpensa,MXP,LIMC
Prishtina,PRN,BKPR,"Trieste
",TRS,LIPQ
Pisa (Tuscany),PSA,LIRP,Bucharest Baneasa,BBU,LRBS
Pisa (Tuscany),PSA,LIRP,Belgrade,BEG,LYBE
Pisa (Tuscany),PSA,LIRP,Iasi,IAS,LRIA
Pisa (Tuscany),PSA,LIRP,Madrid,MAD,LEMD
Pisa (Tuscany),PSA,LIRP,"Bucharest Otopeni
",OTP,LROP
Pisa (Tuscany),PSA,LIRP,"Palermo (Sicily)
",PMO,LICJ
Pisa (Tuscany),PSA,LIRP,Tirana,TIA,LATI
Pisa (Tuscany),PSA,LIRP,"Warsaw Chopin
",WAW,EPWA
Pescara,PSR,LIBP,"Bucharest Otopeni
",OTP,LROP
Pescara,PSR,LIBP,Tirana,TIA,LATI
"Marrakesh
",RAK,GMMX,Budapest,BUD,LHBP
"Marrakesh
",RAK,GMMX,Cluj-Napoca,CLJ,LRCL
"Marrakesh
",RAK,GMMX,Rome Fiumicino,FCO,LIRF
"Marrakesh
",RAK,GMMX,Milan Malpensa,MXP,LIMC
"Marrakesh
",RAK,GMMX,"Bucharest Otopeni
",OTP,LROP
"Marrakesh
",RAK,GMMX,"Palermo (Sicily)
",PMO,LICJ
"Marrakesh
",RAK,GMMX,Sofia,SOF,LBSF
"Marrakesh
",RAK,GMMX,"Warsaw Chopin
",WAW,EPWA
"Warsaw Radom
",RDO,EPRA,Bourgas (Black Sea),BOJ,LBBG
"Warsaw Radom
",RDO,EPRA,Larnaca,LCA,LCLK
"Warsaw Radom
",RDO,EPRA,Tirana,TIA,LATI
Rhodes,RHO,LGRP,Budapest,BUD,LHBP
Rhodes,RHO,LGRP,Yerevan,EVN,UDYZ
Rhodes,RHO,LGRP,Rome Fiumicino,FCO,LIRF
Rhodes,RHO,LGRP,"Kraków
",KRK,EPKK
Rhodes,RHO,LGRP,London Luton,LTN,EGGW
Rhodes,RHO,LGRP,Chisinau,RMO,LUKK
Rhodes,RHO,LGRP,Sofia,SOF,LBSF
Rhodes,RHO,LGRP,Tel-Aviv,TLV,LLBG
Rhodes,RHO,LGRP,"Warsaw Chopin
",WAW,EPWA
Rijeka,RJK,LDRI,Gdansk,GDN,EPGD
Rijeka,RJK,LDRI,Katowice,KTW,EPKT
Rijeka,RJK,LDRI,Lublin,LUZ,EPLB
"Marsa Alam
",RMF,HEMA,Budapest,BUD,LHBP
"Marsa Alam
",RMF,HEMA,Rome Fiumicino,FCO,LIRF
"Marsa Alam
",RMF,HEMA,Gdansk,GDN,EPGD
"Marsa Alam
",RMF,HEMA,"Kraków
",KRK,EPKK
"Marsa Alam
",RMF,HEMA,Katowice,KTW,EPKT
"Marsa Alam
",RMF,HEMA,Milan Malpensa,MXP,LIMC
"Marsa Alam
",RMF,HEMA,"Warsaw Modlin
",WMI,EPMO
"Rimini
",RMI,LIPR,Budapest,BUD,LHBP
"Rimini
",RMI,LIPR,Katowice,KTW,EPKT
"Rimini
",RMI,LIPR,Chisinau,RMO,LUKK
"Rimini
",RMI,LIPR,Sofia,SOF,LBSF
"Rimini
",RMI,LIPR,Tirana,TIA,LATI
"Rimini
",RMI,LIPR,"Warsaw Modlin
",WMI,EPMO
Chisinau,RMO,LUKK,Alicante,ALC,LEAL
Chisinau,RMO,LUKK,"Athens
",ATH,LGAV
Chisinau,RMO,LUKK,Barcelona El Prat,BCN,LEBL
Chisinau,RMO,LUKK,"Berlin Brandenburg
",BER,EDDB
Chisinau,RMO,LUKK,Milan Bergamo,BGY,LIME
Chisinau,RMO,LUKK,Bologna,BLQ,LIPE
Chisinau,RMO,LUKK,Bâle / Mulhouse,BSL,LFSB
Chisinau,RMO,LUKK,Bratislava,BTS,LZIB
Chisinau,RMO,LUKK,Budapest,BUD,LHBP
Chisinau,RMO,LUKK,Paris Beauvais,BVA,LFOB
Chisinau,RMO,LUKK,Cologne,CGN,EDDK
Chisinau,RMO,LUKK,Copenhagen,CPH,EKCH
Chisinau,RMO,LUKK,Brussels Charleroi,CRL,EBCI
Chisinau,RMO,LUKK,Dortmund,DTM,EDLW
Chisinau,RMO,LUKK,Rome Fiumicino,FCO,LIRF
Chisinau,RMO,LUKK,Memmingen / Munich West,FMM,EDJA
Chisinau,RMO,LUKK,Brasov,GHV,LRBV
Chisinau,RMO,LUKK,Hamburg,HAM,EDDH
Chisinau,RMO,LUKK,Frankfurt Hahn,HHN,EDFH
Chisinau,RMO,LUKK,Larnaca,LCA,LCLK
Chisinau,RMO,LUKK,London Gatwick,LGW,EGKK
Chisinau,RMO,LUKK,London Luton,LTN,EGGW
Chisinau,RMO,LUKK,Milan Malpensa,MXP,LIMC
Chisinau,RMO,LUKK,Naples,NAP,LIRN
Chisinau,RMO,LUKK,Nice,NCE,LFMN
Chisinau,RMO,LUKK,Nuremberg,NUE,EDDN
Chisinau,RMO,LUKK,"Bucharest Otopeni
",OTP,LROP
Chisinau,RMO,LUKK,Prague,PRG,LKPR
Chisinau,RMO,LUKK,Rhodes,RHO,LGRP
Chisinau,RMO,LUKK,"Rimini
",RMI,LIPR
Chisinau,RMO,LUKK,Sofia,SOF,LBSF
Chisinau,RMO,LUKK,Stuttgart,STR,EDDS
Chisinau,RMO,LUKK,Turin,TRN,LIMF
Chisinau,RMO,LUKK,Venice,VCE,LIPZ
Chisinau,RMO,LUKK,Valencia,VLC,LEVC
Chisinau,RMO,LUKK,Verona,VRN,LIPX
Chisinau,RMO,LUKK,"Warsaw Modlin
",WMI,EPMO
Chisinau,RMO,LUKK,Wroclaw,WRO,EPWR
"Rzeszów
",RZE,EPRZ,Rome Fiumicino,FCO,LIRF
"Rzeszów
",RZE,EPRZ,Podgorica,TGD,LYPG
Sibiu,SBZ,LRSB,Milan Bergamo,BGY,LIME
Sibiu,SBZ,LRSB,Dortmund,DTM,EDLW
Sibiu,SBZ,LRSB,Rome Fiumicino,FCO,LIRF
Sibiu,SBZ,LRSB,Karlsruhe/Baden-Baden,FKB,EDSB
Sibiu,SBZ,LRSB,Memmingen / Munich West,FMM,EDJA
Sibiu,SBZ,LRSB,London Luton,LTN,EGGW
Sibiu,SBZ,LRSB,Madrid,MAD,LEMD
Sibiu,SBZ,LRSB,Nuremberg,NUE,EDDN
"Santiago de Compostela
",SCQ,LEST,Malaga,AGP,LEMG
"Santiago de Compostela
",SCQ,LEST,Bilbao,BIO,LEBB
"Santiago de Compostela
",SCQ,LEST,Rome Fiumicino,FCO,LIRF
"Santiago de Compostela
",SCQ,LEST,Fuerteventura (Canary Islands),FUE,GCFV
"Santiago de Compostela
",SCQ,LEST,"Gran Canaria (Canary Islands)
",LPA,GCLP
"Santiago de Compostela
",SCQ,LEST,Madrid,MAD,LEMD
"Santiago de Compostela
",SCQ,LEST,"Tenerife Norte (Canary Islands)
",TFN,GCXO
"Santiago de Compostela
",SCQ,LEST,Valencia,VLC,LEVC
"Santiago de Compostela
",SCQ,LEST,"Warsaw Modlin
",WMI,EPMO
"Santiago de Compostela
",SCQ,LEST,Zaragoza,ZAZ,LEZG
Suceava,SCV,LRSV,"Berlin Brandenburg
",BER,EDDB
Suceava,SCV,LRSV,Milan Bergamo,BGY,LIME
Suceava,SCV,LRSV,Birmingham,BHX,EGBB
Suceava,SCV,LRSV,Bologna,BLQ,LIPE
Suceava,SCV,LRSV,Brussels Charleroi,CRL,EBCI
Suceava,SCV,LRSV,Dortmund,DTM,EDLW
Suceava,SCV,LRSV,Rome Fiumicino,FCO,LIRF
Suceava,SCV,LRSV,Karlsruhe/Baden-Baden,FKB,EDSB
Suceava,SCV,LRSV,Memmingen / Munich West,FMM,EDJA
Suceava,SCV,LRSV,Larnaca,LCA,LCLK
Suceava,SCV,LRSV,London Luton,LTN,EGGW
Suceava,SCV,LRSV,Milan Malpensa,MXP,LIMC
Suceava,SCV,LRSV,Prague,PRG,LKPR
Suceava,SCV,LRSV,Turin,TRN,LIMF
Suceava,SCV,LRSV,Venice Treviso,TSF,LIPH
Suceava,SCV,LRSV,Venice,VCE,LIPZ
Santander,SDR,LEXJ,Milan Malpensa,MXP,LIMC
Santander,SDR,LEXJ,"Bucharest Otopeni
",OTP,LROP
Santander,SDR,LEXJ,Sofia,SOF,LBSF
Santander,SDR,LEXJ,Tirana,TIA,LATI
Santander,SDR,LEXJ,Valencia,VLC,LEVC
Sarajevo,SJJ,LQSA,"Berlin Brandenburg
",BER,EDDB
Sarajevo,SJJ,LQSA,Bratislava,BTS,LZIB
Sarajevo,SJJ,LQSA,Rome Fiumicino,FCO,LIRF
Sarajevo,SJJ,LQSA,London Luton,LTN,EGGW
Sarajevo,SJJ,LQSA,Prague,PRG,LKPR
Thessaloniki,SKG,LGTS,Budapest,BUD,LHBP
Thessaloniki,SKG,LGTS,Kutaisi,KUT,UGKO
Thessaloniki,SKG,LGTS,Larnaca,LCA,LCLK
Thessaloniki,SKG,LGTS,Tel-Aviv,TLV,LLBG
Skopje,SKP,LWSK,Alghero (Sardinia),AHO,LIEA
Skopje,SKP,LWSK,"Stockholm Arlanda
",ARN,ESSA
Skopje,SKP,LWSK,Barcelona El Prat,BCN,LEBL
Skopje,SKP,LWSK,"Berlin Brandenburg
",BER,EDDB
Skopje,SKP,LWSK,Milan Bergamo,BGY,LIME
Skopje,SKP,LWSK,Bologna,BLQ,LIPE
Skopje,SKP,LWSK,Bari,BRI,LIBD
Skopje,SKP,LWSK,Bâle / Mulhouse,BSL,LFSB
Skopje,SKP,LWSK,Bratislava,BTS,LZIB
Skopje,SKP,LWSK,Budapest,BUD,LHBP
Skopje,SKP,LWSK,Paris Beauvais,BVA,LFOB
Skopje,SKP,LWSK,Cologne,CGN,EDDK
Skopje,SKP,LWSK,Rome Ciampino,CIA,LIRA
Skopje,SKP,LWSK,Brussels Charleroi,CRL,EBCI
Skopje,SKP,LWSK,Dortmund,DTM,EDLW
Skopje,SKP,LWSK,Eindhoven,EIN,EHEH
Skopje,SKP,LWSK,Rome Fiumicino,FCO,LIRF
Skopje,SKP,LWSK,Friedrichshafen,FDH,EDNY
Skopje,SKP,LWSK,Karlsruhe/Baden-Baden,FKB,EDSB
Skopje,SKP,LWSK,Memmingen / Munich West,FMM,EDJA
Skopje,SKP,LWSK,Gothenburg Landvetter,GOT,ESGG
Skopje,SKP,LWSK,Hamburg,HAM,EDDH
Skopje,SKP,LWSK,Frankfurt Hahn,HHN,EDFH
Skopje,SKP,LWSK,Larnaca,LCA,LCLK
Skopje,SKP,LWSK,Ljubljana,LJU,LJLJ
Skopje,SKP,LWSK,London Luton,LTN,EGGW
Skopje,SKP,LWSK,Madrid,MAD,LEMD
Skopje,SKP,LWSK,Malta,MLA,LMML
Skopje,SKP,LWSK,Malmo,MMX,ESMS
Skopje,SKP,LWSK,Milan Malpensa,MXP,LIMC
Skopje,SKP,LWSK,Naples,NAP,LIRN
Skopje,SKP,LWSK,Nuremberg,NUE,EDDN
Skopje,SKP,LWSK,"Palermo (Sicily)
",PMO,LICJ
Skopje,SKP,LWSK,Prague,PRG,LKPR
Skopje,SKP,LWSK,Stuttgart,STR,EDDS
Skopje,SKP,LWSK,Oslo Sandefjord Torp,TRF,ENTO
Skopje,SKP,LWSK,Venice Treviso,TSF,LIPH
Skopje,SKP,LWSK,Venice,VCE,LIPZ
Sofia,SOF,LBSF,Malaga,AGP,LEMG
Sofia,SOF,LBSF,Alghero (Sardinia),AHO,LIEA
Sofia,SOF,LBSF,Abu Dhabi,AUH,OMAA
Sofia,SOF,LBSF,Barcelona El Prat,BCN,LEBL
Sofia,SOF,LBSF,"Berlin Brandenburg
",BER,EDDB
Sofia,SOF,LBSF,Milan Bergamo,BGY,LIME
Sofia,SOF,LBSF,Bari,BRI,LIBD
Sofia,SOF,LBSF,Basel-Mulhouse-Freiburg,BSL,LFSB
Sofia,SOF,LBSF,Budapest,BUD,LHBP
Sofia,SOF,LBSF,Paris Beauvais,BVA,LFOB
Sofia,SOF,LBSF,Corfu,CFU,LGKR
Sofia,SOF,LBSF,Rome Ciampino,CIA,LIRA
Sofia,SOF,LBSF,Brussels Charleroi,CRL,EBCI
Sofia,SOF,LBSF,Dortmund,DTM,EDLW
Sofia,SOF,LBSF,Eindhoven,EIN,EHEH
Sofia,SOF,LBSF,Rome Fiumicino,FCO,LIRF
Sofia,SOF,LBSF,Memmingen / Munich West,FMM,EDJA
Sofia,SOF,LBSF,Hamburg,HAM,EDDH
Sofia,SOF,LBSF,Hurghada,HRG,HEGN
Sofia,SOF,LBSF,"Kraków
",KRK,EPKK
Sofia,SOF,LBSF,Larnaca,LCA,LCLK
Sofia,SOF,LBSF,London Luton,LTN,EGGW
Sofia,SOF,LBSF,Madrid,MAD,LEMD
Sofia,SOF,LBSF,Naples,NAP,LIRN
Sofia,SOF,LBSF,Nice,NCE,LFMN
Sofia,SOF,LBSF,Palma de Mallorca,PMI,LEPA
Sofia,SOF,LBSF,"Palermo (Sicily)
",PMO,LICJ
Sofia,SOF,LBSF,Prague,PRG,LKPR
Sofia,SOF,LBSF,"Marrakesh
",RAK,GMMX
Sofia,SOF,LBSF,Rhodes,RHO,LGRP
Sofia,SOF,LBSF,"Rimini
",RMI,LIPR
Sofia,SOF,LBSF,Chisinau,RMO,LUKK
Sofia,SOF,LBSF,Santander,SDR,LEXJ
Sofia,SOF,LBSF,"Sharm El Sheikh
",SSH,HESH
Sofia,SOF,LBSF,Stuttgart,STR,EDDS
Sofia,SOF,LBSF,Lamezia Terme,SUF,LICA
Sofia,SOF,LBSF,Tirana,TIA,LATI
Sofia,SOF,LBSF,Tel-Aviv,TLV,LLBG
Sofia,SOF,LBSF,Valencia,VLC,LEVC
Sofia,SOF,LBSF,"Warsaw Chopin
",WAW,EPWA
Sofia,SOF,LBSF,"Warsaw Modlin
",WMI,EPMO
Split,SPU,LDSP,Gdansk,GDN,EPGD
Split,SPU,LDSP,"Kraków
",KRK,EPKK
Split,SPU,LDSP,Katowice,KTW,EPKT
Split,SPU,LDSP,London Luton,LTN,EGGW
Split,SPU,LDSP,Lublin,LUZ,EPLB
Split,SPU,LDSP,"Warsaw Chopin
",WAW,EPWA
Split,SPU,LDSP,Wroclaw,WRO,EPWR
Cairo (Sphinx),SPX,HESX,Budapest,BUD,LHBP
Cairo (Sphinx),SPX,HESX,Rome Fiumicino,FCO,LIRF
Cairo (Sphinx),SPX,HESX,London Luton,LTN,EGGW
Cairo (Sphinx),SPX,HESX,Milan Malpensa,MXP,LIMC
"Sharm El Sheikh
",SSH,HESH,Budapest,BUD,LHBP
"Sharm El Sheikh
",SSH,HESH,Catania (Sicily),CTA,LICC
"Sharm El Sheikh
",SSH,HESH,Rome Fiumicino,FCO,LIRF
"Sharm El Sheikh
",SSH,HESH,Gdansk,GDN,EPGD
"Sharm El Sheikh
",SSH,HESH,Katowice,KTW,EPKT
"Sharm El Sheikh
",SSH,HESH,London Gatwick,LGW,EGKK
"Sharm El Sheikh
",SSH,HESH,London Luton,LTN,EGGW
"Sharm El Sheikh
",SSH,HESH,Milan Malpensa,MXP,LIMC
"Sharm El Sheikh
",SSH,HESH,Naples,NAP,LIRN
"Sharm El Sheikh
",SSH,HESH,"Palermo (Sicily)
",PMO,LICJ
"Sharm El Sheikh
",SSH,HESH,Sofia,SOF,LBSF
"Sharm El Sheikh
",SSH,HESH,Turin,TRN,LIMF
"Sharm El Sheikh
",SSH,HESH,Venice,VCE,LIPZ
"Sharm El Sheikh
",SSH,HESH,"Warsaw Modlin
",WMI,EPMO
Stuttgart,STR,EDDS,Budapest,BUD,LHBP
Stuttgart,STR,EDDS,Cluj-Napoca,CLJ,LRCL
Stuttgart,STR,EDDS,"Bucharest Otopeni
",OTP,LROP
Stuttgart,STR,EDDS,Chisinau,RMO,LUKK
Stuttgart,STR,EDDS,Skopje,SKP,LWSK
Stuttgart,STR,EDDS,Sofia,SOF,LBSF
Stuttgart,STR,EDDS,Tirana,TIA,LATI
Lamezia Terme,SUF,LICA,Bratislava,BTS,LZIB
Lamezia Terme,SUF,LICA,Budapest,BUD,LHBP
Lamezia Terme,SUF,LICA,Rome Fiumicino,FCO,LIRF
Lamezia Terme,SUF,LICA,Katowice,KTW,EPKT
Lamezia Terme,SUF,LICA,Milan Malpensa,MXP,LIMC
Lamezia Terme,SUF,LICA,Sofia,SOF,LBSF
Lamezia Terme,SUF,LICA,Turin,TRN,LIMF
Lamezia Terme,SUF,LICA,"Warsaw Chopin
",WAW,EPWA
Satu Mare,SUJ,LRSM,London Luton,LTN,EGGW
Stavanger,SVG,ENZV,Gdansk,GDN,EPGD
Stavanger,SVG,ENZV,"Kraków
",KRK,EPKK
Seville,SVQ,LEZL,Bucharest Baneasa,BBU,LRBS
Seville,SVQ,LEZL,Rome Fiumicino,FCO,LIRF
Seville,SVQ,LEZL,London Luton,LTN,EGGW
Seville,SVQ,LEZL,Milan Malpensa,MXP,LIMC
Seville,SVQ,LEZL,"Bucharest Otopeni
",OTP,LROP
Seville,SVQ,LEZL,Venice,VCE,LIPZ
Seville,SVQ,LEZL,"Warsaw Chopin
",WAW,EPWA
Olsztyn-Mazury,SZY,EPSY,Dortmund,DTM,EDLW
Szczecin,SZZ,EPSC,Bergen,BGO,ENBR
Szczecin,SZZ,EPSC,Oslo Gardermoen,OSL,ENGM
Poprad-Tatry,TAT,LZTT,Gdansk,GDN,EPGD
Poprad-Tatry,TAT,LZTT,London Luton,LTN,EGGW
Poprad-Tatry,TAT,LZTT,Prague,PRG,LKPR
"Tenerife Norte (Canary Islands)
",TFN,GCXO,"Santiago de Compostela
",SCQ,LEST
Tenerife (Canary Islands),TFS,GCTS,Budapest,BUD,LHBP
Tenerife (Canary Islands),TFS,GCTS,Rome Fiumicino,FCO,LIRF
Tenerife (Canary Islands),TFS,GCTS,Gdansk,GDN,EPGD
Tenerife (Canary Islands),TFS,GCTS,Katowice,KTW,EPKT
Tenerife (Canary Islands),TFS,GCTS,Milan Malpensa,MXP,LIMC
Tenerife (Canary Islands),TFS,GCTS,"Bucharest Otopeni
",OTP,LROP
Tenerife (Canary Islands),TFS,GCTS,"Warsaw Chopin
",WAW,EPWA
Podgorica,TGD,LYPG,Barcelona El Prat,BCN,LEBL
Podgorica,TGD,LYPG,Bâle / Mulhouse,BSL,LFSB
Podgorica,TGD,LYPG,Bratislava,BTS,LZIB
Podgorica,TGD,LYPG,Budapest,BUD,LHBP
Podgorica,TGD,LYPG,Paris Beauvais,BVA,LFOB
Podgorica,TGD,LYPG,Cologne,CGN,EDDK
Podgorica,TGD,LYPG,Catania (Sicily),CTA,LICC
Podgorica,TGD,LYPG,Dortmund,DTM,EDLW
Podgorica,TGD,LYPG,Rome Fiumicino,FCO,LIRF
Podgorica,TGD,LYPG,Karlsruhe/Baden-Baden,FKB,EDSB
Podgorica,TGD,LYPG,Memmingen / Munich West,FMM,EDJA
Podgorica,TGD,LYPG,Gdansk,GDN,EPGD
Podgorica,TGD,LYPG,Hamburg,HAM,EDDH
Podgorica,TGD,LYPG,Katowice,KTW,EPKT
Podgorica,TGD,LYPG,London Gatwick,LGW,EGKK
Podgorica,TGD,LYPG,Ljubljana,LJU,LJLJ
Podgorica,TGD,LYPG,Malmo,MMX,ESMS
Podgorica,TGD,LYPG,Maastricht,MST,EHBK
Podgorica,TGD,LYPG,Milan Malpensa,MXP,LIMC
Podgorica,TGD,LYPG,Poznan,POZ,EPPO
Podgorica,TGD,LYPG,"Rzeszów
",RZE,EPRZ
Podgorica,TGD,LYPG,Vilnius,VNO,EYVI
Podgorica,TGD,LYPG,"Warsaw Chopin
",WAW,EPWA
Podgorica,TGD,LYPG,Wroclaw,WRO,EPWR
Targu Mures,TGM,LRTM,Alicante,ALC,LEAL
Targu Mures,TGM,LRTM,Milan Bergamo,BGY,LIME
Targu Mures,TGM,LRTM,Basel-Mulhouse-Freiburg,BSL,LFSB
Targu Mures,TGM,LRTM,Budapest,BUD,LHBP
Targu Mures,TGM,LRTM,Paris Beauvais,BVA,LFOB
Targu Mures,TGM,LRTM,Brussels Charleroi,CRL,EBCI
Targu Mures,TGM,LRTM,Dortmund,DTM,EDLW
Targu Mures,TGM,LRTM,Rome Fiumicino,FCO,LIRF
Targu Mures,TGM,LRTM,Memmingen / Munich West,FMM,EDJA
Targu Mures,TGM,LRTM,Larnaca,LCA,LCLK
Targu Mures,TGM,LRTM,London Luton,LTN,EGGW
Targu Mures,TGM,LRTM,Nuremberg,NUE,EDDN
Tirana,TIA,LATI,Malaga,AGP,LEMG
Tirana,TIA,LATI,Alghero (Sardinia),AHO,LIEA
Tirana,TIA,LATI,Ancona,AOI,LIPY
Tirana,TIA,LATI,"Stockholm Arlanda
",ARN,ESSA
Tirana,TIA,LATI,"Athens
",ATH,LGAV
Tirana,TIA,LATI,Barcelona El Prat,BCN,LEBL
Tirana,TIA,LATI,"Berlin Brandenburg
",BER,EDDB
Tirana,TIA,LATI,Milan Bergamo,BGY,LIME
Tirana,TIA,LATI,Billund,BLL,EKBI
Tirana,TIA,LATI,Bologna,BLQ,LIPE
Tirana,TIA,LATI,Bari,BRI,LIBD
Tirana,TIA,LATI,Bâle / Mulhouse,BSL,LFSB
Tirana,TIA,LATI,Bratislava,BTS,LZIB
Tirana,TIA,LATI,Budapest,BUD,LHBP
Tirana,TIA,LATI,Paris Beauvais,BVA,LFOB
Tirana,TIA,LATI,Cologne,CGN,EDDK
Tirana,TIA,LATI,Rome Ciampino,CIA,LIRA
Tirana,TIA,LATI,"Comiso (Sicily)
",CIY,LICB
Tirana,TIA,LATI,Brussels Charleroi,CRL,EBCI
Tirana,TIA,LATI,Catania (Sicily),CTA,LICC
Tirana,TIA,LATI,Dortmund,DTM,EDLW
Tirana,TIA,LATI,Eindhoven,EIN,EHEH
Tirana,TIA,LATI,Rome Fiumicino,FCO,LIRF
Tirana,TIA,LATI,Karlsruhe/Baden-Baden,FKB,EDSB
Tirana,TIA,LATI,Memmingen / Munich West,FMM,EDJA
Tirana,TIA,LATI,Gdansk,GDN,EPGD
Tirana,TIA,LATI,Genoa,GOA,LIMJ
Tirana,TIA,LATI,Hamburg,HAM,EDDH
Tirana,TIA,LATI,Frankfurt Hahn,HHN,EDFH
Tirana,TIA,LATI,"Kraków
",KRK,EPKK
Tirana,TIA,LATI,Katowice,KTW,EPKT
Tirana,TIA,LATI,London Gatwick,LGW,EGKK
Tirana,TIA,LATI,London Luton,LTN,EGGW
Tirana,TIA,LATI,"Lyon
",LYS,LFLL
Tirana,TIA,LATI,Madrid,MAD,LEMD
Tirana,TIA,LATI,Malta,MLA,LMML
Tirana,TIA,LATI,Malmo,MMX,ESMS
Tirana,TIA,LATI,Milan Malpensa,MXP,LIMC
Tirana,TIA,LATI,Naples,NAP,LIRN
Tirana,TIA,LATI,Nice,NCE,LFMN
Tirana,TIA,LATI,Nuremberg,NUE,EDDN
Tirana,TIA,LATI,Perugia,PEG,LIRZ
Tirana,TIA,LATI,Palma de Mallorca,PMI,LEPA
Tirana,TIA,LATI,"Palermo (Sicily)
",PMO,LICJ
Tirana,TIA,LATI,Poznan,POZ,EPPO
Tirana,TIA,LATI,Prague,PRG,LKPR
Tirana,TIA,LATI,Pisa (Tuscany),PSA,LIRP
Tirana,TIA,LATI,Pescara,PSR,LIBP
Tirana,TIA,LATI,"Warsaw Radom
",RDO,EPRA
Tirana,TIA,LATI,"Rimini
",RMI,LIPR
Tirana,TIA,LATI,Santander,SDR,LEXJ
Tirana,TIA,LATI,Sofia,SOF,LBSF
Tirana,TIA,LATI,Stuttgart,STR,EDDS
Tirana,TIA,LATI,Tallinn,TLL,EETN
Tirana,TIA,LATI,Oslo Sandefjord Torp,TRF,ENTO
Tirana,TIA,LATI,Turin,TRN,LIMF
Tirana,TIA,LATI,"Trieste
",TRS,LIPQ
Tirana,TIA,LATI,Venice Treviso,TSF,LIPH
Tirana,TIA,LATI,Venice,VCE,LIPZ
Tirana,TIA,LATI,Valencia,VLC,LEVC
Tirana,TIA,LATI,Vilnius,VNO,EYVI
Tirana,TIA,LATI,Verona,VRN,LIPX
Tirana,TIA,LATI,"Warsaw Chopin
",WAW,EPWA
Tirana,TIA,LATI,Wroclaw,WRO,EPWR
Turku,TKU,EFTU,Gdansk,GDN,EPGD
Turku,TKU,EFTU,"Bucharest Otopeni
",OTP,LROP
Turku,TKU,EFTU,Vilnius,VNO,EYVI
Tallinn,TLL,EETN,Budapest,BUD,LHBP
Tallinn,TLL,EETN,Rome Fiumicino,FCO,LIRF
Tallinn,TLL,EETN,Gdansk,GDN,EPGD
Tallinn,TLL,EETN,"Kraków
",KRK,EPKK
Tallinn,TLL,EETN,London Luton,LTN,EGGW
Tallinn,TLL,EETN,Tirana,TIA,LATI
Tallinn,TLL,EETN,Venice,VCE,LIPZ
Tallinn,TLL,EETN,Vilnius,VNO,EYVI
Tallinn,TLL,EETN,"Warsaw Chopin
",WAW,EPWA
Tel-Aviv,TLV,LLBG,"Athens
",ATH,LGAV
Tel-Aviv,TLV,LLBG,Bratislava,BTS,LZIB
Tel-Aviv,TLV,LLBG,Budapest,BUD,LHBP
Tel-Aviv,TLV,LLBG,Cluj-Napoca,CLJ,LRCL
Tel-Aviv,TLV,LLBG,Catania (Sicily),CTA,LICC
Tel-Aviv,TLV,LLBG,Debrecen,DEB,LHDC
Tel-Aviv,TLV,LLBG,Rome Fiumicino,FCO,LIRF
Tel-Aviv,TLV,LLBG,Heraklion (Crete),HER,LGIR
Tel-Aviv,TLV,LLBG,Iasi,IAS,LRIA
Tel-Aviv,TLV,LLBG,"Kraków
",KRK,EPKK
Tel-Aviv,TLV,LLBG,Larnaca,LCA,LCLK
Tel-Aviv,TLV,LLBG,London Gatwick,LGW,EGKK
Tel-Aviv,TLV,LLBG,London Luton,LTN,EGGW
Tel-Aviv,TLV,LLBG,Milan Malpensa,MXP,LIMC
Tel-Aviv,TLV,LLBG,Naples,NAP,LIRN
Tel-Aviv,TLV,LLBG,"Bucharest Otopeni
",OTP,LROP
Tel-Aviv,TLV,LLBG,"Palermo (Sicily)
",PMO,LICJ
Tel-Aviv,TLV,LLBG,Rhodes,RHO,LGRP
Tel-Aviv,TLV,LLBG,Thessaloniki,SKG,LGTS
Tel-Aviv,TLV,LLBG,Sofia,SOF,LBSF
Tel-Aviv,TLV,LLBG,Varna (Black Sea),VAR,LBWN
Tel-Aviv,TLV,LLBG,Venice,VCE,LIPZ
Tel-Aviv,TLV,LLBG,Vilnius,VNO,EYVI
Tel-Aviv,TLV,LLBG,"Warsaw Chopin
",WAW,EPWA
"Tromso
",TOS,ENTC,Gdansk,GDN,EPGD
"Tromso
",TOS,ENTC,London Luton,LTN,EGGW
"Tromso
",TOS,ENTC,Milan Malpensa,MXP,LIMC
Trondheim,TRD,ENVA,Gdansk,GDN,EPGD
Oslo Sandefjord Torp,TRF,ENTO,Cluj-Napoca,CLJ,LRCL
Oslo Sandefjord Torp,TRF,ENTO,"Bucharest Otopeni
",OTP,LROP
Oslo Sandefjord Torp,TRF,ENTO,Skopje,SKP,LWSK
Oslo Sandefjord Torp,TRF,ENTO,Tirana,TIA,LATI
Oslo Sandefjord Torp,TRF,ENTO,"Warsaw Chopin
",WAW,EPWA
Turin,TRN,LIMF,Malaga,AGP,LEMG
Turin,TRN,LIMF,Bucharest Baneasa,BBU,LRBS
Turin,TRN,LIMF,Barcelona El Prat,BCN,LEBL
Turin,TRN,LIMF,Bilbao,BIO,LEBB
Turin,TRN,LIMF,Budapest,BUD,LHBP
Turin,TRN,LIMF,Catania (Sicily),CTA,LICC
Turin,TRN,LIMF,Rome Fiumicino,FCO,LIRF
Turin,TRN,LIMF,Gdansk,GDN,EPGD
Turin,TRN,LIMF,Iasi,IAS,LRIA
Turin,TRN,LIMF,Katowice,KTW,EPKT
Turin,TRN,LIMF,London Luton,LTN,EGGW
Turin,TRN,LIMF,Madrid,MAD,LEMD
Turin,TRN,LIMF,Naples,NAP,LIRN
Turin,TRN,LIMF,"Bucharest Otopeni
",OTP,LROP
Turin,TRN,LIMF,"Palermo (Sicily)
",PMO,LICJ
Turin,TRN,LIMF,Prague,PRG,LKPR
Turin,TRN,LIMF,Chisinau,RMO,LUKK
Turin,TRN,LIMF,Suceava,SCV,LRSV
Turin,TRN,LIMF,"Sharm El Sheikh
",SSH,HESH
Turin,TRN,LIMF,Lamezia Terme,SUF,LICA
Turin,TRN,LIMF,Tirana,TIA,LATI
Turin,TRN,LIMF,Valencia,VLC,LEVC
Turin,TRN,LIMF,"Warsaw Chopin
",WAW,EPWA
Turin,TRN,LIMF,Wroclaw,WRO,EPWR
"Trieste
",TRS,LIPQ,Naples,NAP,LIRN
"Trieste
",TRS,LIPQ,Prishtina,PRN,BKPR
"Trieste
",TRS,LIPQ,Tirana,TIA,LATI
Venice Treviso,TSF,LIPH,Bucharest Baneasa,BBU,LRBS
Venice Treviso,TSF,LIPH,Cluj-Napoca,CLJ,LRCL
Venice Treviso,TSF,LIPH,Craiova,CRA,LRCV
Venice Treviso,TSF,LIPH,Iasi,IAS,LRIA
Venice Treviso,TSF,LIPH,"Bucharest Otopeni
",OTP,LROP
Venice Treviso,TSF,LIPH,Suceava,SCV,LRSV
Venice Treviso,TSF,LIPH,Skopje,SKP,LWSK
Venice Treviso,TSF,LIPH,Tirana,TIA,LATI
Venice Treviso,TSF,LIPH,Timisoara,TSR,LRTR
Timisoara,TSR,LRTR,Barcelona El Prat,BCN,LEBL
Timisoara,TSR,LRTR,"Berlin Brandenburg
",BER,EDDB
Timisoara,TSR,LRTR,Milan Bergamo,BGY,LIME
Timisoara,TSR,LRTR,Bologna,BLQ,LIPE
Timisoara,TSR,LRTR,Bari,BRI,LIBD
Timisoara,TSR,LRTR,Basel-Mulhouse-Freiburg,BSL,LFSB
Timisoara,TSR,LRTR,Paris Beauvais,BVA,LFOB
Timisoara,TSR,LRTR,Rome Ciampino,CIA,LIRA
Timisoara,TSR,LRTR,Brussels Charleroi,CRL,EBCI
Timisoara,TSR,LRTR,Dortmund,DTM,EDLW
Timisoara,TSR,LRTR,Rome Fiumicino,FCO,LIRF
Timisoara,TSR,LRTR,Karlsruhe/Baden-Baden,FKB,EDSB
Timisoara,TSR,LRTR,Memmingen / Munich West,FMM,EDJA
Timisoara,TSR,LRTR,Frankfurt Hahn,HHN,EDFH
Timisoara,TSR,LRTR,Larnaca,LCA,LCLK
Timisoara,TSR,LRTR,London Luton,LTN,EGGW
Timisoara,TSR,LRTR,Madrid,MAD,LEMD
Timisoara,TSR,LRTR,Naples,NAP,LIRN
Timisoara,TSR,LRTR,Nuremberg,NUE,EDDN
Timisoara,TSR,LRTR,Prague,PRG,LKPR
Timisoara,TSR,LRTR,Venice Treviso,TSF,LIPH
Timisoara,TSR,LRTR,Venice,VCE,LIPZ
Timisoara,TSR,LRTR,Valencia,VLC,LEVC
Timisoara,TSR,LRTR,Zakynthos,ZTH,LGZA
Tuzla,TZL,LQTZ,"Berlin Brandenburg
",BER,EDDB
Tuzla,TZL,LQTZ,Bâle / Mulhouse,BSL,LFSB
Tuzla,TZL,LQTZ,Bratislava,BTS,LZIB
Tuzla,TZL,LQTZ,Paris Beauvais,BVA,LFOB
Tuzla,TZL,LQTZ,Cologne,CGN,EDDK
Tuzla,TZL,LQTZ,Dortmund,DTM,EDLW
Tuzla,TZL,LQTZ,Memmingen / Munich West,FMM,EDJA
Tuzla,TZL,LQTZ,Gothenburg Landvetter,GOT,ESGG
Tuzla,TZL,LQTZ,Hamburg,HAM,EDDH
Tuzla,TZL,LQTZ,Frankfurt Hahn,HHN,EDFH
Tuzla,TZL,LQTZ,Larnaca,LCA,LCLK
Tuzla,TZL,LQTZ,Malmo,MMX,ESMS
Tuzla,TZL,LQTZ,Maastricht,MST,EHBK
Varna (Black Sea),VAR,LBWN,"Athens
",ATH,LGAV
Varna (Black Sea),VAR,LBWN,Barcelona El Prat,BCN,LEBL
Varna (Black Sea),VAR,LBWN,"Berlin Brandenburg
",BER,EDDB
Varna (Black Sea),VAR,LBWN,Milan Bergamo,BGY,LIME
Varna (Black Sea),VAR,LBWN,Basel-Mulhouse-Freiburg,BSL,LFSB
Varna (Black Sea),VAR,LBWN,Bratislava,BTS,LZIB
Varna (Black Sea),VAR,LBWN,Budapest,BUD,LHBP
Varna (Black Sea),VAR,LBWN,Paris Beauvais,BVA,LFOB
Varna (Black Sea),VAR,LBWN,Brussels Charleroi,CRL,EBCI
Varna (Black Sea),VAR,LBWN,Debrecen,DEB,LHDC
Varna (Black Sea),VAR,LBWN,Dortmund,DTM,EDLW
Varna (Black Sea),VAR,LBWN,Eindhoven,EIN,EHEH
Varna (Black Sea),VAR,LBWN,Yerevan,EVN,UDYZ
Varna (Black Sea),VAR,LBWN,Rome Fiumicino,FCO,LIRF
Varna (Black Sea),VAR,LBWN,Memmingen / Munich West,FMM,EDJA
Varna (Black Sea),VAR,LBWN,Gdansk,GDN,EPGD
Varna (Black Sea),VAR,LBWN,Hamburg,HAM,EDDH
Varna (Black Sea),VAR,LBWN,Frankfurt Hahn,HHN,EDFH
Varna (Black Sea),VAR,LBWN,Katowice,KTW,EPKT
Varna (Black Sea),VAR,LBWN,Larnaca,LCA,LCLK
Varna (Black Sea),VAR,LBWN,London Luton,LTN,EGGW
Varna (Black Sea),VAR,LBWN,Nuremberg,NUE,EDDN
Varna (Black Sea),VAR,LBWN,Tel-Aviv,TLV,LLBG
Varna (Black Sea),VAR,LBWN,"Warsaw Modlin
",WMI,EPMO
Varna (Black Sea),VAR,LBWN,Wroclaw,WRO,EPWR
Venice,VCE,LIPZ,Malaga,AGP,LEMG
Venice,VCE,LIPZ,Alghero (Sardinia),AHO,LIEA
Venice,VCE,LIPZ,Alicante,ALC,LEAL
Venice,VCE,LIPZ,"Athens
",ATH,LGAV
Venice,VCE,LIPZ,Bucharest Baneasa,BBU,LRBS
Venice,VCE,LIPZ,Barcelona El Prat,BCN,LEBL
Venice,VCE,LIPZ,Bilbao,BIO,LEBB
Venice,VCE,LIPZ,Bordeaux,BOD,LFBD
Venice,VCE,LIPZ,Budapest,BUD,LHBP
Venice,VCE,LIPZ,Cagliari,CAG,LIEE
Venice,VCE,LIPZ,Cluj-Napoca,CLJ,LRCL
Venice,VCE,LIPZ,Craiova,CRA,LRCV
Venice,VCE,LIPZ,Catania (Sicily),CTA,LICC
Venice,VCE,LIPZ,Yerevan,EVN,UDYZ
Venice,VCE,LIPZ,Iasi,IAS,LRIA
Venice,VCE,LIPZ,"Kraków
",KRK,EPKK
Venice,VCE,LIPZ,Kutaisi,KUT,UGKO
Venice,VCE,LIPZ,Larnaca,LCA,LCLK
Venice,VCE,LIPZ,London Luton,LTN,EGGW
Venice,VCE,LIPZ,Madrid,MAD,LEMD
Venice,VCE,LIPZ,Naples,NAP,LIRN
Venice,VCE,LIPZ,"Bucharest Otopeni
",OTP,LROP
Venice,VCE,LIPZ,"Palermo (Sicily)
",PMO,LICJ
Venice,VCE,LIPZ,Chisinau,RMO,LUKK
Venice,VCE,LIPZ,Suceava,SCV,LRSV
Venice,VCE,LIPZ,Skopje,SKP,LWSK
Venice,VCE,LIPZ,"Sharm El Sheikh
",SSH,HESH
Venice,VCE,LIPZ,Seville,SVQ,LEZL
Venice,VCE,LIPZ,Tirana,TIA,LATI
Venice,VCE,LIPZ,Tallinn,TLL,EETN
Venice,VCE,LIPZ,Tel-Aviv,TLV,LLBG
Venice,VCE,LIPZ,Timisoara,TSR,LRTR
Venice,VCE,LIPZ,Valencia,VLC,LEVC
Venice,VCE,LIPZ,"Warsaw Chopin
",WAW,EPWA
Valencia,VLC,LEVC,Arad,ARW,LRAR
Valencia,VLC,LEVC,Bucharest Baneasa,BBU,LRBS
Valencia,VLC,LEVC,Bilbao,BIO,LEBB
Valencia,VLC,LEVC,Budapest,BUD,LHBP
Valencia,VLC,LEVC,Cluj-Napoca,CLJ,LRCL
Valencia,VLC,LEVC,Catania (Sicily),CTA,LICC
Valencia,VLC,LEVC,Yerevan,EVN,UDYZ
Valencia,VLC,LEVC,Rome Fiumicino,FCO,LIRF
Valencia,VLC,LEVC,Brasov,GHV,LRBV
Valencia,VLC,LEVC,Iasi,IAS,LRIA
Valencia,VLC,LEVC,"Kraków
",KRK,EPKK
Valencia,VLC,LEVC,London Gatwick,LGW,EGKK
Valencia,VLC,LEVC,London Luton,LTN,EGGW
Valencia,VLC,LEVC,Milan Malpensa,MXP,LIMC
Valencia,VLC,LEVC,Naples,NAP,LIRN
Valencia,VLC,LEVC,"Bucharest Otopeni
",OTP,LROP
Valencia,VLC,LEVC,"Asturias
",OVD,LEAS
Valencia,VLC,LEVC,Palma de Mallorca,PMI,LEPA
Valencia,VLC,LEVC,Chisinau,RMO,LUKK
Valencia,VLC,LEVC,"Santiago de Compostela
",SCQ,LEST
Valencia,VLC,LEVC,Santander,SDR,LEXJ
Valencia,VLC,LEVC,Sofia,SOF,LBSF
Valencia,VLC,LEVC,Tirana,TIA,LATI
Valencia,VLC,LEVC,Turin,TRN,LIMF
Valencia,VLC,LEVC,Timisoara,TSR,LRTR
Valencia,VLC,LEVC,Venice,VCE,LIPZ
Valencia,VLC,LEVC,"Warsaw Chopin
",WAW,EPWA
Vilnius,VNO,EYVI,Malaga,AGP,LEMG
Vilnius,VNO,EYVI,Barcelona El Prat,BCN,LEBL
Vilnius,VNO,EYVI,"Berlin Brandenburg
",BER,EDDB
Vilnius,VNO,EYVI,Bergen,BGO,ENBR
Vilnius,VNO,EYVI,Billund,BLL,EKBI
Vilnius,VNO,EYVI,Budapest,BUD,LHBP
Vilnius,VNO,EYVI,Catania (Sicily),CTA,LICC
Vilnius,VNO,EYVI,Dortmund,DTM,EDLW
Vilnius,VNO,EYVI,Eindhoven,EIN,EHEH
Vilnius,VNO,EYVI,Gdansk,GDN,EPGD
Vilnius,VNO,EYVI,Grenoble,GNB,LFLS
Vilnius,VNO,EYVI,Reykjavik,KEF,BIKF
Vilnius,VNO,EYVI,"Kraków
",KRK,EPKK
Vilnius,VNO,EYVI,Kutaisi,KUT,UGKO
Vilnius,VNO,EYVI,Larnaca,LCA,LCLK
Vilnius,VNO,EYVI,London Luton,LTN,EGGW
Vilnius,VNO,EYVI,Milan Malpensa,MXP,LIMC
Vilnius,VNO,EYVI,Nice,NCE,LFMN
Vilnius,VNO,EYVI,Prague,PRG,LKPR
Vilnius,VNO,EYVI,Podgorica,TGD,LYPG
Vilnius,VNO,EYVI,Tirana,TIA,LATI
Vilnius,VNO,EYVI,Turku,TKU,EFTU
Vilnius,VNO,EYVI,Tallinn,TLL,EETN
Vilnius,VNO,EYVI,Tel-Aviv,TLV,LLBG
Verona,VRN,LIPX,Catania (Sicily),CTA,LICC
Verona,VRN,LIPX,Gdansk,GDN,EPGD
Verona,VRN,LIPX,"Kraków
",KRK,EPKK
Verona,VRN,LIPX,Chisinau,RMO,LUKK
Verona,VRN,LIPX,Tirana,TIA,LATI
Verona,VRN,LIPX,"Warsaw Chopin
",WAW,EPWA
"Warsaw Chopin
",WAW,EPWA,Agadir,AGA,GMAD
"Warsaw Chopin
",WAW,EPWA,Malaga,AGP,LEMG
"Warsaw Chopin
",WAW,EPWA,Alicante,ALC,LEAL
"Warsaw Chopin
",WAW,EPWA,Bucharest Baneasa,BBU,LRBS
"Warsaw Chopin
",WAW,EPWA,Barcelona El Prat,BCN,LEBL
"Warsaw Chopin
",WAW,EPWA,Milan Bergamo,BGY,LIME
"Warsaw Chopin
",WAW,EPWA,Bilbao,BIO,LEBB
"Warsaw Chopin
",WAW,EPWA,Bologna,BLQ,LIPE
"Warsaw Chopin
",WAW,EPWA,Bourgas (Black Sea),BOJ,LBBG
"Warsaw Chopin
",WAW,EPWA,Bari,BRI,LIBD
"Warsaw Chopin
",WAW,EPWA,Basel-Mulhouse-Freiburg,BSL,LFSB
"Warsaw Chopin
",WAW,EPWA,Bratislava,BTS,LZIB
"Warsaw Chopin
",WAW,EPWA,Budapest,BUD,LHBP
"Warsaw Chopin
",WAW,EPWA,Corfu,CFU,LGKR
"Warsaw Chopin
",WAW,EPWA,Chania (Crete),CHQ,LGSA
"Warsaw Chopin
",WAW,EPWA,Rome Ciampino,CIA,LIRA
"Warsaw Chopin
",WAW,EPWA,Copenhagen,CPH,EKCH
"Warsaw Chopin
",WAW,EPWA,Brussels Charleroi,CRL,EBCI
"Warsaw Chopin
",WAW,EPWA,Catania (Sicily),CTA,LICC
"Warsaw Chopin
",WAW,EPWA,Dubrovnik,DBV,LDDU
"Warsaw Chopin
",WAW,EPWA,Dortmund,DTM,EDLW
"Warsaw Chopin
",WAW,EPWA,Eindhoven,EIN,EHEH
"Warsaw Chopin
",WAW,EPWA,Faro (Algarve),FAO,LPFR
"Warsaw Chopin
",WAW,EPWA,Rome Fiumicino,FCO,LIRF
"Warsaw Chopin
",WAW,EPWA,Funchal (Madeira),FNC,LPMA
"Warsaw Chopin
",WAW,EPWA,Fuerteventura (Canary Islands),FUE,GCFV
"Warsaw Chopin
",WAW,EPWA,Brasov,GHV,LRBV
"Warsaw Chopin
",WAW,EPWA,Grenoble,GNB,LFLS
"Warsaw Chopin
",WAW,EPWA,Genoa,GOA,LIMJ
"Warsaw Chopin
",WAW,EPWA,Heraklion (Crete),HER,LGIR
"Warsaw Chopin
",WAW,EPWA,Santorini,JTR,LGSR
"Warsaw Chopin
",WAW,EPWA,Reykjavik,KEF,BIKF
"Warsaw Chopin
",WAW,EPWA,Kutaisi,KUT,UGKO
"Warsaw Chopin
",WAW,EPWA,Leeds,LBA,EGNM
"Warsaw Chopin
",WAW,EPWA,Larnaca,LCA,LCLK
"Warsaw Chopin
",WAW,EPWA,Lisbon,LIS,LPPT
"Warsaw Chopin
",WAW,EPWA,Liverpool,LPL,EGGP
"Warsaw Chopin
",WAW,EPWA,London Luton,LTN,EGGW
"Warsaw Chopin
",WAW,EPWA,"Lyon
",LYS,LFLL
"Warsaw Chopin
",WAW,EPWA,Madrid,MAD,LEMD
"Warsaw Chopin
",WAW,EPWA,Menorca,MAH,LEMH
"Warsaw Chopin
",WAW,EPWA,Malta,MLA,LMML
"Warsaw Chopin
",WAW,EPWA,Milan Malpensa,MXP,LIMC
"Warsaw Chopin
",WAW,EPWA,Naples,NAP,LIRN
"Warsaw Chopin
",WAW,EPWA,Nice,NCE,LFMN
"Warsaw Chopin
",WAW,EPWA,"Stockholm Skavsta
",NYO,ESKN
"Warsaw Chopin
",WAW,EPWA,Olbia (Sardinia),OLB,LIEO
"Warsaw Chopin
",WAW,EPWA,Porto,OPO,LPPR
"Warsaw Chopin
",WAW,EPWA,Paris Orly,ORY,LFPO
"Warsaw Chopin
",WAW,EPWA,"Bucharest Otopeni
",OTP,LROP
"Warsaw Chopin
",WAW,EPWA,Palma de Mallorca,PMI,LEPA
"Warsaw Chopin
",WAW,EPWA,Pisa (Tuscany),PSA,LIRP
"Warsaw Chopin
",WAW,EPWA,"Marrakesh
",RAK,GMMX
"Warsaw Chopin
",WAW,EPWA,Rhodes,RHO,LGRP
"Warsaw Chopin
",WAW,EPWA,Sofia,SOF,LBSF
"Warsaw Chopin
",WAW,EPWA,Split,SPU,LDSP
"Warsaw Chopin
",WAW,EPWA,Lamezia Terme,SUF,LICA
"Warsaw Chopin
",WAW,EPWA,Seville,SVQ,LEZL
"Warsaw Chopin
",WAW,EPWA,Tenerife (Canary Islands),TFS,GCTS
"Warsaw Chopin
",WAW,EPWA,Podgorica,TGD,LYPG
"Warsaw Chopin
",WAW,EPWA,Tirana,TIA,LATI
"Warsaw Chopin
",WAW,EPWA,Tallinn,TLL,EETN
"Warsaw Chopin
",WAW,EPWA,Tel-Aviv,TLV,LLBG
"Warsaw Chopin
",WAW,EPWA,Oslo Sandefjord Torp,TRF,ENTO
"Warsaw Chopin
",WAW,EPWA,Turin,TRN,LIMF
"Warsaw Chopin
",WAW,EPWA,Venice,VCE,LIPZ
"Warsaw Chopin
",WAW,EPWA,Valencia,VLC,LEVC
"Warsaw Chopin
",WAW,EPWA,Verona,VRN,LIPX
"Warsaw Chopin
",WAW,EPWA,Zadar,ZAD,LDZD
"Warsaw Chopin
",WAW,EPWA,Zakynthos,ZTH,LGZA
"Warsaw Modlin
",WMI,EPMO,Alghero (Sardinia),AHO,LIEA
"Warsaw Modlin
",WMI,EPMO,"Athens
",ATH,LGAV
"Warsaw Modlin
",WMI,EPMO,Barcelona El Prat,BCN,LEBL
"Warsaw Modlin
",WMI,EPMO,"Brindisi
",BDS,LIBR
"Warsaw Modlin
",WMI,EPMO,Bergen,BGO,ENBR
"Warsaw Modlin
",WMI,EPMO,Milan Bergamo,BGY,LIME
"Warsaw Modlin
",WMI,EPMO,Basel-Mulhouse-Freiburg,BSL,LFSB
"Warsaw Modlin
",WMI,EPMO,Hurghada,HRG,HEGN
"Warsaw Modlin
",WMI,EPMO,Malta,MLA,LMML
"Warsaw Modlin
",WMI,EPMO,Paphos,PFO,LCPH
"Warsaw Modlin
",WMI,EPMO,"Palermo (Sicily)
",PMO,LICJ
"Warsaw Modlin
",WMI,EPMO,"Marsa Alam
",RMF,HEMA
"Warsaw Modlin
",WMI,EPMO,"Rimini
",RMI,LIPR
"Warsaw Modlin
",WMI,EPMO,Chisinau,RMO,LUKK
"Warsaw Modlin
",WMI,EPMO,"Santiago de Compostela
",SCQ,LEST
"Warsaw Modlin
",WMI,EPMO,Sofia,SOF,LBSF
"Warsaw Modlin
",WMI,EPMO,"Sharm El Sheikh
",SSH,HESH
"Warsaw Modlin
",WMI,EPMO,Varna (Black Sea),VAR,LBWN
Wroclaw,WRO,EPWR,Malaga,AGP,LEMG
Wroclaw,WRO,EPWR,Bucharest Baneasa,BBU,LRBS
Wroclaw,WRO,EPWR,Barcelona El Prat,BCN,LEBL
Wroclaw,WRO,EPWR,Bilbao,BIO,LEBB
Wroclaw,WRO,EPWR,Bari,BRI,LIBD
Wroclaw,WRO,EPWR,Basel-Mulhouse-Freiburg,BSL,LFSB
Wroclaw,WRO,EPWR,Budapest,BUD,LHBP
Wroclaw,WRO,EPWR,Catania (Sicily),CTA,LICC
Wroclaw,WRO,EPWR,Dortmund,DTM,EDLW
Wroclaw,WRO,EPWR,Eindhoven,EIN,EHEH
Wroclaw,WRO,EPWR,Hurghada,HRG,HEGN
Wroclaw,WRO,EPWR,Reykjavik,KEF,BIKF
Wroclaw,WRO,EPWR,Kutaisi,KUT,UGKO
Wroclaw,WRO,EPWR,Larnaca,LCA,LCLK
Wroclaw,WRO,EPWR,"Gran Canaria (Canary Islands)
",LPA,GCLP
Wroclaw,WRO,EPWR,London Luton,LTN,EGGW
Wroclaw,WRO,EPWR,Madrid,MAD,LEMD
Wroclaw,WRO,EPWR,Nice,NCE,LFMN
Wroclaw,WRO,EPWR,Ohrid,OHD,LWOH
Wroclaw,WRO,EPWR,"Bucharest Otopeni
",OTP,LROP
Wroclaw,WRO,EPWR,Chisinau,RMO,LUKK
Wroclaw,WRO,EPWR,Split,SPU,LDSP
Wroclaw,WRO,EPWR,Podgorica,TGD,LYPG
Wroclaw,WRO,EPWR,Tirana,TIA,LATI
Wroclaw,WRO,EPWR,Turin,TRN,LIMF
Wroclaw,WRO,EPWR,Varna (Black Sea),VAR,LBWN
Zadar,ZAD,LDZD,Budapest,BUD,LHBP
Zadar,ZAD,LDZD,"Warsaw Chopin
",WAW,EPWA
Zaragoza,ZAZ,LEZG,Bucharest Baneasa,BBU,LRBS
Zaragoza,ZAZ,LEZG,Cluj-Napoca,CLJ,LRCL
Zaragoza,ZAZ,LEZG,Rome Fiumicino,FCO,LIRF
Zaragoza,ZAZ,LEZG,Milan Malpensa,MXP,LIMC
Zaragoza,ZAZ,LEZG,"Bucharest Otopeni
",OTP,LROP
Zaragoza,ZAZ,LEZG,"Santiago de Compostela
",SCQ,LEST
Zakynthos,ZTH,LGZA,Budapest,BUD,LHBP
Zakynthos,ZTH,LGZA,Cluj-Napoca,CLJ,LRCL
Zakynthos,ZTH,LGZA,Rome Fiumicino,FCO,LIRF
Zakynthos,ZTH,LGZA,London Luton,LTN,EGGW
Zakynthos,ZTH,LGZA,Milan Malpensa,MXP,LIMC
Zakynthos,ZTH,LGZA,"Bucharest Otopeni
",OTP,LROP
Zakynthos,ZTH,LGZA,Timisoara,TSR,LRTR
Zakynthos,ZTH,LGZA,"Warsaw Chopin
",WAW,EPWA
