flight_number,operator_icao,departure_city,departure_iata,departure_icao,arrival_city,arrival_iata,arrival_icao,aircraft_type,aircraft_icao,dep_local,arr_local,dep_utc,arr_utc,duration_minutes,distance_nm,days_operated,time_variants,updated
U2856,EZY,Aberdeen,ABZ,EGPD,London Gatwick,LGW,EGKK,,,06:05,07:50,05:05,06:50,105,370,1234567,3,2026-09-24T08:57:48.000Z
U24636,EJU,Aberdeen,ABZ,EGPD,Paris Charles de Gaulle,CDG,LFPG,,,07:55,10:50,06:55,08:50,115,521,1457,4,2026-09-24T08:57:40.000Z
U2616,EZY,Aberdeen,ABZ,EGPD,London Luton,LTN,EGGW,,,09:05,10:30,08:05,09:30,85,326,13457,4,2026-09-24T08:57:40.000Z
U2858,EZY,Aberdeen,ABZ,EGPD,London Gatwick,LGW,EGKK,,,15:35,17:20,14:35,16:20,105,370,1234567,2,2026-09-24T08:57:40.000Z
U21050,EZS,Lanzarote,ACE,GCRR,Basel,BSL,LFSB,,,10:05,15:05,09:05,13:05,240,1489,7,1,2026-08-30T10:59:10.000Z
U24776,EJU,Lanzarote,ACE,GCRR,Nantes,NTE,LFRS,,,10:15,14:40,09:15,12:40,205,1228,12467,5,2026-09-24T08:57:48.000Z
U23766,EJU,Lanzarote,ACE,GCRR,Milan Malpensa,MXP,LIMC,,,11:05,15:55,10:05,13:55,230,1454,4,1,2026-08-27T15:00:52.000Z
U28122,EZY,Lanzarote,ACE,GCRR,London Gatwick,LGW,EGKK,,,11:15,15:20,10:15,14:20,245,1464,123457,6,2026-09-24T08:57:48.000Z
U22030,EZY,Lanzarote,ACE,GCRR,Manchester,MAN,EGCC,,,11:25,15:40,10:25,14:40,255,1548,23467,5,2026-09-24T00:59:24.000Z
U21866,EJU,Lanzarote,ACE,GCRR,Bordeaux,BOD,LFBD,,,13:40,17:50,12:40,15:50,190,1134,2,1,2026-09-22T16:59:22.000Z
U23760,EJU,Lanzarote,ACE,GCRR,Milan Malpensa,MXP,LIMC,,,15:15,20:05,14:15,18:05,230,1454,1236,4,2026-09-23T19:59:18.000Z
U24514,EJU,Lanzarote,ACE,GCRR,Paris Charles de Gaulle,CDG,LFPG,,,16:00,20:55,15:00,18:55,235,1415,5,1,2026-09-04T19:59:06.000Z
U21366,EZS,Lanzarote,ACE,GCRR,Geneva,GVA,LSGG,,,17:20,22:10,16:20,20:10,230,1391,36,2,2026-09-23T21:59:38.000Z
U28124,EZY,Lanzarote,ACE,GCRR,London Gatwick,LGW,EGKK,,,17:30,21:30,16:30,20:30,240,1464,12346,5,2026-09-24T08:57:48.000Z
U21086,EZS,Lanzarote,ACE,GCRR,Basel,BSL,LFSB,,,17:55,22:55,16:55,20:55,240,1489,346,3,2026-09-23T19:00:09.000Z
U21860,EJU,Lanzarote,ACE,GCRR,Bordeaux,BOD,LFBD,,,18:15,22:25,17:15,20:25,190,1134,26,2,2026-09-19T21:59:50.000Z
U24578,EJU,Lanzarote,ACE,GCRR,Paris Charles de Gaulle,CDG,LFPG,320,A320,18:20,23:15,17:20,21:15,235,1415,1346,4,2026-09-23T22:59:16.000Z
U22734,EZY,Lanzarote,ACE,GCRR,Bristol,BRS,EGGD,,,18:25,22:15,17:25,21:15,230,1433,23467,5,2026-09-24T08:57:48.000Z
U26646,EZY,Lanzarote,ACE,GCRR,Birmingham,BHX,EGBB,,,18:35,22:45,17:35,21:45,250,1507,26,2,2026-09-22T23:00:48.000Z
U22302,EZY,Lanzarote,ACE,GCRR,London Luton,LTN,EGGW,,,18:45,22:50,17:45,21:50,245,1498,2457,4,2026-09-24T08:57:48.000Z
U24378,EJU,Lanzarote,ACE,GCRR,Lyon,LYS,LFLL,,,18:50,23:20,17:50,21:20,210,1339,23467,5,2026-09-22T23:00:53.000Z
U24580,EJU,Lanzarote,ACE,GCRR,Paris Charles de Gaulle,CDG,LFPG,,,19:05,23:55,18:05,21:55,230,1415,3,1,2026-08-26T22:59:37.000Z
U28126,EZY,Lanzarote,ACE,GCRR,London Gatwick,LGW,EGKK,,,19:15,23:15,18:15,22:15,240,1464,23567,5,2026-09-23T23:59:05.000Z
U23204,EZY,Lanzarote,ACE,GCRR,Edinburgh,EDI,EGPH,,,19:30,23:55,18:30,22:55,265,1679,247,3,2026-09-24T08:57:48.000Z
U23020,EZY,Lanzarote,ACE,GCRR,Belfast Intl,BFS,EGAA,,,19:55,00:20,18:55,23:20,265,1577,15,2,2026-09-22T01:01:50.000Z
U23112,EZY,Lanzarote,ACE,GCRR,Glasgow,GLA,EGPF,,,20:20,00:40,19:20,23:40,260,1664,14,2,2026-09-22T00:59:00.000Z
U22048,EZY,Lanzarote,ACE,GCRR,Manchester,MAN,EGCC,,,21:20,01:35,20:20,00:35,255,1548,1,1,2026-09-22T02:59:15.000Z
U23364,EZY,Lanzarote,ACE,GCRR,Liverpool,LPL,EGGP,,,21:40,01:45,20:40,00:45,245,1539,36,2,2026-09-24T01:59:59.000Z
U28128,EZY,Lanzarote,ACE,GCRR,London Gatwick,LGW,EGKK,,,22:50,02:45,21:50,01:45,235,1464,14,2,2026-09-22T02:59:14.000Z
U22562,EZY,Izmir,ADB,LTBJ,London Luton,LTN,EGGW,,,13:55,16:05,10:55,15:05,250,1410,36,2,2026-09-23T17:00:57.000Z
U28572,EZY,Izmir,ADB,LTBJ,London Gatwick,LGW,EGKK,,,20:45,22:55,17:45,21:55,250,1386,26,2,2026-09-23T00:00:10.000Z
U24484,EJU,Agadir,AGA,GMAD,Lyon,LYS,LFLL,,,08:10,13:30,08:10,11:30,200,1148,2457,3,2026-09-24T08:57:40.000Z
U21790,EJU,Agadir,AGA,GMAD,Nice,NCE,LFMN,,,09:10,14:15,09:10,12:15,185,1126,26,1,2026-09-22T13:58:28.000Z
U24684,EJU,Agadir,AGA,GMAD,Paris Charles de Gaulle,CDG,LFPG,,,09:15,13:50,08:15,11:50,215,1247,2467,3,2026-09-24T08:57:40.000Z
U22622,EZY,Agadir,AGA,GMAD,London Luton,LTN,EGGW,,,09:50,14:40,09:50,13:40,230,1355,2357,4,2026-09-23T14:59:37.000Z
U21252,EZS,Agadir,AGA,GMAD,Basel,BSL,LFSB,,,10:00,15:35,10:00,13:35,215,1298,236,3,2026-09-23T12:01:40.000Z
U28704,EZY,Agadir,AGA,GMAD,London Gatwick,LGW,EGKK,,,10:20,15:10,10:20,14:10,230,1317,23467,5,2026-09-24T08:57:40.000Z
U21556,EZS,Agadir,AGA,GMAD,Geneva,GVA,LSGG,,,17:25,22:45,17:25,20:45,200,1199,26,2,2026-09-22T23:00:47.000Z
U25378,EJU,Agadir,AGA,GMAD,Berlin Brandenburg,BER,EDDB,,,17:40,22:55,16:40,20:55,255,1664,6,1,2026-09-19T23:00:14.000Z
U28718,EZY,Agadir,AGA,GMAD,London Gatwick,LGW,EGKK,,,18:10,22:55,18:10,21:55,225,1317,1,1,2026-09-21T22:59:34.000Z
U22754,EZY,Agadir,AGA,GMAD,Bristol,BRS,EGGD,,,18:55,23:30,18:55,22:30,215,1299,37,2,2026-09-24T00:01:27.000Z
U23328,EZY,Agadir,AGA,GMAD,Edinburgh,EDI,EGPH,,,20:35,01:50,20:35,00:50,255,1560,36,2,2026-09-24T01:59:55.000Z
U22286,EZY,Agadir,AGA,GMAD,Manchester,MAN,EGCC,,,21:25,02:15,21:25,01:15,230,1417,136,3,2026-09-24T02:59:02.000Z
U28804,EZY,Agadir,AGA,GMAD,London Gatwick,LGW,EGKK,,,22:55,02:45,21:55,01:45,230,1317,5,1,2026-09-19T02:58:51.000Z
U22348,EZY,Malaga,AGP,LEMG,London Luton,LTN,EGGW,,,00:10,01:55,22:10,00:55,165,929,357,2,2026-09-23T02:00:47.000Z
U23794,EJU,Malaga,AGP,LEMG,Milan Malpensa,MXP,LIMC,,,00:20,02:50,22:20,00:50,150,802,1,1,2026-08-31T03:02:14.000Z
U27069,EJU,Malaga,AGP,LEMG,Amsterdam,AMS,EHAM,,,06:00,09:05,04:00,07:05,185,1017,7,1,2026-09-20T08:59:46.000Z
U27023,EJU,Malaga,AGP,LEMG,Geneva,GVA,LSGG,,,06:00,08:30,04:00,06:30,150,745,1234567,2,2026-09-24T07:59:30.000Z
U28078,EJU,Malaga,AGP,LEMG,London Gatwick,LGW,EGKK,,,06:10,08:00,04:10,07:00,170,888,123457,2,2026-09-24T08:57:48.000Z
U27007,EJU,Malaga,AGP,LEMG,London Southend,SEN,EGMC,,,06:10,08:00,04:10,07:00,170,921,6,1,2026-09-19T08:59:11.000Z
U27029,EJU,Malaga,AGP,LEMG,Birmingham,BHX,EGBB,,,06:30,08:30,04:30,07:30,180,954,3,1,2026-09-23T09:00:37.000Z
U27001,EJU,Malaga,AGP,LEMG,Manchester,MAN,EGCC,,,06:45,08:50,04:45,07:50,185,1005,1234567,5,2026-09-24T08:57:49.000Z
U27005,EJU,Malaga,AGP,LEMG,Bristol,BRS,EGGD,,,07:00,08:45,05:00,07:45,165,886,4,1,2026-09-24T08:57:44.000Z
U27021,EJU,Malaga,AGP,LEMG,Basel,BSL,LFSB,,,07:00,09:40,05:00,07:40,160,845,24567,4,2026-09-24T08:57:48.000Z
U27037,EJU,Malaga,AGP,LEMG,Zurich,ZRH,LSZH,,,07:00,09:35,05:00,07:35,155,868,1357,3,2026-09-21T08:59:51.000Z
U27061,EJU,Malaga,AGP,LEMG,Athens,ATH,LGAV,,,07:10,11:50,05:10,08:50,220,1355,26,2,2026-09-15T10:01:32.000Z
U27081,EJU,Malaga,AGP,LEMG,Berlin Brandenburg,BER,EDDB,,,07:10,10:35,05:10,08:35,205,1210,26,2,2026-09-22T10:01:15.000Z
U21318,EJU,Malaga,AGP,LEMG,Geneva,GVA,LSGG,,,09:15,11:45,07:15,09:45,150,745,3,1,2026-09-23T11:01:15.000Z
U23744,EJU,Malaga,AGP,LEMG,Milan Malpensa,MXP,LIMC,,,10:10,12:45,08:10,10:45,155,802,1234567,5,2026-09-24T08:57:48.000Z
U25106,EJU,Malaga,AGP,LEMG,Berlin Brandenburg,BER,EDDB,,,10:15,13:40,08:15,11:40,205,1210,123457,5,2026-09-24T08:57:48.000Z
U28068,EZY,Malaga,AGP,LEMG,London Gatwick,LGW,EGKK,,,10:25,12:20,08:25,11:20,175,888,1234567,3,2026-09-24T08:57:48.000Z
U22716,EZY,Malaga,AGP,LEMG,Bristol,BRS,EGGD,,,10:30,12:15,08:30,11:15,165,886,1234567,2,2026-09-24T08:57:44.000Z
U23014,EZY,Malaga,AGP,LEMG,Belfast Intl,BFS,EGAA,,,10:50,13:05,08:50,12:05,195,1082,1234567,3,2026-09-24T08:57:44.000Z
U23368,EZY,Malaga,AGP,LEMG,Liverpool,LPL,EGGP,,,10:50,12:50,08:50,11:50,180,1003,1234567,2,2026-09-24T08:57:48.000Z
U27890,EJU,Malaga,AGP,LEMG,Amsterdam,AMS,EHAM,,,11:05,14:10,09:05,12:10,185,1017,1234567,4,2026-09-24T08:57:42.000Z
U25702,EZY,Malaga,AGP,LEMG,London Southend,SEN,EGMC,,,11:10,13:00,09:10,12:00,170,921,123457,5,2026-09-24T08:57:48.000Z
U22336,EZY,Malaga,AGP,LEMG,London Luton,LTN,EGGW,,,11:20,13:20,09:20,12:20,180,929,1234567,7,2026-09-24T08:57:48.000Z
U23104,EZY,Malaga,AGP,LEMG,Glasgow,GLA,EGPF,,,11:40,14:05,09:40,13:05,205,1153,467,2,2026-09-24T08:57:46.000Z
U28070,EZY,Malaga,AGP,LEMG,London Gatwick,LGW,EGKK,,,12:00,13:50,10:00,12:50,170,888,25,2,2026-09-18T13:58:57.000Z
U26628,EZY,Malaga,AGP,LEMG,Birmingham,BHX,EGBB,,,12:15,14:15,10:15,13:15,180,954,1247,4,2026-09-24T08:57:44.000Z
U27025,EJU,Malaga,AGP,LEMG,Geneva,GVA,LSGG,,,12:35,15:05,10:35,13:05,150,745,123456,5,2026-09-24T08:57:41.000Z
U22008,EZY,Malaga,AGP,LEMG,Manchester,MAN,EGCC,32N,A20N,12:40,14:45,10:40,13:45,185,1005,26,2,2026-09-22T16:00:08.000Z
U23106,EZY,Malaga,AGP,LEMG,Glasgow,GLA,EGPF,,,12:45,15:10,10:45,14:10,205,1153,1235,4,2026-09-23T16:00:47.000Z
U27003,EJU,Malaga,AGP,LEMG,Bristol,BRS,EGGD,,,13:35,15:25,11:35,14:25,170,886,1234567,5,2026-09-24T08:57:44.000Z
U28080,EJU,Malaga,AGP,LEMG,London Gatwick,LGW,EGKK,,,13:55,15:55,11:55,14:55,180,888,1234567,3,2026-09-24T08:57:48.000Z
U27015,EJU,Malaga,AGP,LEMG,Leeds Bradford,LBA,EGNM,,,14:00,16:00,12:00,15:00,180,1039,37,2,2026-09-23T17:00:57.000Z
U27049,EJU,Malaga,AGP,LEMG,Nantes,NTE,LFRS,,,14:25,16:30,12:25,14:30,125,642,15,1,2026-09-21T15:58:59.000Z
U27878,EJU,Malaga,AGP,LEMG,Amsterdam,AMS,EHAM,,,14:30,17:30,12:30,15:30,180,1017,136,3,2026-09-23T17:00:52.000Z
U28138,EZY,Malaga,AGP,LEMG,London Gatwick,LGW,EGKK,,,16:15,18:10,14:15,17:10,175,888,2456,4,2026-09-24T08:57:48.000Z
U21308,EJU,Malaga,AGP,LEMG,Geneva,GVA,LSGG,,,16:40,19:10,14:40,17:10,150,745,37,2,2026-09-20T18:59:04.000Z
U23374,EZY,Malaga,AGP,LEMG,Liverpool,LPL,EGGP,,,18:05,20:00,16:05,19:00,175,1003,3,1,2026-08-26T20:59:14.000Z
U27031,EJU,Malaga,AGP,LEMG,Edinburgh,EDI,EGPH,,,18:50,21:10,16:50,20:10,200,1158,14,1,2026-09-24T08:57:48.000Z
U27047,EJU,Malaga,AGP,LEMG,Lyon,LYS,LFLL,,,19:00,21:15,17:00,19:15,135,694,26,2,2026-09-22T20:59:12.000Z
U27053,EJU,Malaga,AGP,LEMG,Nice,NCE,LFMN,,,19:00,21:10,17:00,19:10,130,681,37,2,2026-09-23T20:59:00.000Z
U27894,EJU,Malaga,AGP,LEMG,Amsterdam,AMS,EHAM,,,19:10,22:10,17:10,20:10,180,1017,1234567,5,2026-09-24T08:57:48.000Z
U28072,EZY,Malaga,AGP,LEMG,London Gatwick,LGW,EGKK,,,19:40,21:35,17:40,20:35,175,888,1347,4,2026-09-23T22:59:15.000Z
U22338,EZY,Malaga,AGP,LEMG,London Luton,LTN,EGGW,,,19:50,21:45,17:50,20:45,175,929,1234567,6,2026-09-23T22:59:15.000Z
U25602,EZY,Malaga,AGP,LEMG,Newcastle,NCL,EGNT,,,19:55,22:05,17:55,21:05,190,1109,1245,4,2026-09-24T08:57:48.000Z
U21008,EJU,Malaga,AGP,LEMG,Basel,BSL,LFSB,,,20:25,23:00,18:25,21:00,155,845,1235,3,2026-09-23T10:58:55.000Z
U28074,EZY,Malaga,AGP,LEMG,London Gatwick,LGW,EGKK,,,20:40,22:40,18:40,21:40,180,888,134567,5,2026-09-24T08:57:48.000Z
U22004,EZY,Malaga,AGP,LEMG,Manchester,MAN,EGCC,,,20:50,22:55,18:50,21:55,185,1005,246,3,2026-09-23T00:00:11.000Z
U27041,EJU,Malaga,AGP,LEMG,Marrakech,RAK,GMMX,,,21:15,20:55,19:15,20:55,100,351,1357,4,2026-09-23T21:59:43.000Z
U23746,EJU,Malaga,AGP,LEMG,Milan Malpensa,MXP,LIMC,,,21:20,23:50,19:20,21:50,150,802,123457,6,2026-09-23T22:59:16.000Z
U23770,EJU,Malaga,AGP,LEMG,Milan Malpensa,MXP,LIMC,,,21:20,23:50,19:20,21:50,150,802,25,2,2026-09-18T22:59:20.000Z
U23016,EZY,Malaga,AGP,LEMG,Belfast Intl,BFS,EGAA,,,21:35,23:50,19:35,22:50,195,1082,123456,5,2026-09-24T08:57:48.000Z
U23786,EJU,Malaga,AGP,LEMG,Milan Malpensa,MXP,LIMC,,,21:55,00:25,19:55,22:25,150,802,3,1,2026-08-27T00:59:06.000Z
U23370,EZY,Malaga,AGP,LEMG,Liverpool,LPL,EGGP,,,22:05,00:05,20:05,23:05,180,1003,2346,4,2026-09-24T00:59:24.000Z
U22718,EZY,Malaga,AGP,LEMG,Bristol,BRS,EGGD,,,22:10,23:50,20:10,22:50,160,886,2356,4,2026-09-23T00:00:07.000Z
U23382,EZY,Malaga,AGP,LEMG,Liverpool,LPL,EGGP,,,22:35,00:35,20:35,23:35,180,1003,7,1,2026-09-21T00:58:46.000Z
U23772,EJU,Malaga,AGP,LEMG,Milan Malpensa,MXP,LIMC,,,22:45,01:15,20:45,23:15,150,802,367,3,2026-09-21T01:59:25.000Z
U23726,EJU,Malaga,AGP,LEMG,Milan Malpensa,MXP,LIMC,,,23:25,01:55,21:25,23:55,150,802,6,1,2026-09-20T01:58:57.000Z
U23038,EZY,Malaga,AGP,LEMG,Belfast Intl,BFS,EGAA,,,23:35,01:50,21:35,00:50,195,1082,2,1,2026-08-26T03:00:44.000Z
U22340,EZY,Malaga,AGP,LEMG,London Luton,LTN,EGGW,,,23:45,01:30,21:45,00:30,165,929,1357,2,2026-09-24T01:59:59.000Z
U28076,EZY,Malaga,AGP,LEMG,London Gatwick,LGW,EGKK,,,23:50,01:35,21:50,00:35,165,888,267,3,2026-09-23T02:00:47.000Z
U24334,EJU,"Ajaccio, Corsica",AJA,LFKJ,Lyon,LYS,LFLL,,,08:40,09:50,06:40,07:50,70,279,1357,3,2026-09-21T19:59:40.000Z
U24506,EJU,"Ajaccio, Corsica",AJA,LFKJ,Paris Charles de Gaulle,CDG,LFPG,,,09:20,11:10,07:20,09:10,110,500,23467,4,2026-09-23T16:00:50.000Z
U24508,EJU,"Ajaccio, Corsica",AJA,LFKJ,Paris Charles de Gaulle,CDG,LFPG,,,14:55,16:45,12:55,14:45,110,500,157,3,2026-09-18T15:59:46.000Z
U21358,EZS,"Ajaccio, Corsica",AJA,LFKJ,Geneva,GVA,LSGG,,,15:50,17:05,13:50,15:05,75,284,1267,4,2026-09-22T16:59:22.000Z
U21360,EZS,"Ajaccio, Corsica",AJA,LFKJ,Geneva,GVA,LSGG,,,17:05,18:20,15:05,16:20,75,284,346,3,2026-09-24T08:57:40.000Z
U24768,EJU,"Ajaccio, Corsica",AJA,LFKJ,Nantes,NTE,LFRS,,,17:25,19:15,15:25,17:15,110,544,1234567,7,2026-09-20T18:59:10.000Z
U24332,EJU,"Ajaccio, Corsica",AJA,LFKJ,Lyon,LYS,LFLL,,,17:40,18:50,15:40,16:50,70,279,5,1,2026-08-28T19:57:31.000Z
U21064,EZS,"Ajaccio, Corsica",AJA,LFKJ,Basel,BSL,LFSB,,,17:50,19:10,15:50,17:10,80,345,13567,5,2026-09-23T17:00:52.000Z
U22744,EZY,Alicante,ALC,LEAL,Bristol,BRS,EGGD,,,00:05,01:35,22:05,00:35,150,792,1,1,2026-09-21T01:59:19.000Z
U22316,EZY,Alicante,ALC,LEAL,London Luton,LTN,EGGW,,,00:15,01:45,22:15,00:45,150,816,246,3,2026-09-24T01:59:59.000Z
U22318,EZY,Alicante,ALC,LEAL,London Luton,LTN,EGGW,,,00:40,02:10,22:40,01:10,150,816,12467,4,2026-09-23T02:00:47.000Z
U25519,EJU,Alicante,ALC,LEAL,London Southend,SEN,EGMC,,,05:45,07:20,03:45,06:20,155,800,15,2,2026-09-21T08:01:00.000Z
U25551,EJU,Alicante,ALC,LEAL,Prague,PRG,LKPR,,,06:05,08:55,04:05,06:55,170,951,36,2,2026-09-23T09:00:43.000Z
U25559,EJU,Alicante,ALC,LEAL,Manchester,MAN,EGCC,,,06:30,08:25,04:30,07:25,175,907,1,1,2026-09-21T08:59:48.000Z
U25545,EJU,Alicante,ALC,LEAL,Athens,ATH,LGAV,,,06:40,10:55,04:40,07:55,195,1154,14,2,2026-09-24T08:57:41.000Z
U25527,EJU,Alicante,ALC,LEAL,Bristol,BRS,EGGD,,,07:00,08:35,05:00,07:35,155,792,123456,2,2026-09-24T08:57:44.000Z
U25501,EJU,Alicante,ALC,LEAL,Basel,BSL,LFSB,,,07:00,09:15,05:00,07:15,135,662,234567,5,2026-09-24T07:01:42.000Z
U25503,EJU,Alicante,ALC,LEAL,Geneva,GVA,LSGG,,,07:15,09:20,05:15,07:20,125,562,234567,4,2026-09-23T14:59:28.000Z
U21298,EJU,Alicante,ALC,LEAL,Geneva,GVA,LSGG,,,08:35,10:40,06:35,08:40,125,562,12346,4,2026-09-24T08:57:40.000Z
U28108,EZY,Alicante,ALC,LEAL,London Gatwick,LGW,EGKK,,,09:55,11:35,07:55,10:35,160,773,124567,3,2026-09-24T08:57:40.000Z
U22314,EZY,Alicante,ALC,LEAL,London Luton,LTN,EGGW,,,10:20,12:00,08:20,11:00,160,816,1234567,3,2026-09-24T08:57:40.000Z
U26604,EZY,Alicante,ALC,LEAL,Birmingham,BHX,EGBB,,,10:25,12:10,08:25,11:10,165,852,2346,3,2026-09-24T08:57:40.000Z
U22724,EZY,Alicante,ALC,LEAL,Bristol,BRS,EGGD,,,10:30,12:05,08:30,11:05,155,792,12457,5,2026-09-24T08:57:40.000Z
U28114,EZY,Alicante,ALC,LEAL,London Gatwick,LGW,EGKK,,,10:40,12:20,08:40,11:20,160,773,267,2,2026-09-22T12:58:53.000Z
U22722,EZY,Alicante,ALC,LEAL,Bristol,BRS,EGGD,,,11:05,12:40,09:05,11:40,155,792,34567,4,2026-09-23T14:01:11.000Z
U23206,EZY,Alicante,ALC,LEAL,Edinburgh,EDI,EGPH,,,11:05,13:20,09:05,12:20,195,1067,1346,3,2026-09-23T14:01:14.000Z
U23358,EZY,Alicante,ALC,LEAL,Liverpool,LPL,EGGP,,,11:20,13:10,09:20,12:10,170,909,13457,4,2026-09-24T08:57:40.000Z
U25706,EZY,Alicante,ALC,LEAL,London Southend,SEN,EGMC,,,11:20,12:55,09:20,11:55,155,800,347,3,2026-09-23T13:59:04.000Z
U22014,EZY,Alicante,ALC,LEAL,Manchester,MAN,EGCC,,,11:45,13:40,09:45,12:40,175,907,1234567,5,2026-09-24T08:57:40.000Z
U23022,EZY,Alicante,ALC,LEAL,Belfast Intl,BFS,EGAA,,,12:15,14:20,10:15,13:20,185,1010,124,3,2026-09-24T08:57:40.000Z
U25548,EJU,Alicante,ALC,LEAL,Liverpool,LPL,EGGP,,,12:25,14:15,10:25,13:15,170,909,1,1,2026-09-21T15:00:21.000Z
U25604,EZY,Alicante,ALC,LEAL,Newcastle,NCL,EGNT,,,12:30,14:30,10:30,13:30,180,1007,457,3,2026-09-24T08:57:40.000Z
U25513,EJU,Alicante,ALC,LEAL,Nantes,NTE,LFRS,,,13:05,15:00,11:05,13:00,115,535,14,2,2026-09-24T08:57:40.000Z
U25515,EJU,Alicante,ALC,LEAL,Southampton,SOU,EGHI,,,13:30,14:55,11:30,13:55,145,761,47,2,2026-09-24T08:57:40.000Z
U23380,EZY,Alicante,ALC,LEAL,Liverpool,LPL,EGGP,,,15:00,16:50,13:00,15:50,170,909,27,2,2026-09-22T18:02:42.000Z
U25509,EJU,Alicante,ALC,LEAL,Glasgow,GLA,EGPF,,,15:30,17:40,13:30,16:40,190,1067,1234567,7,2026-09-24T08:57:40.000Z
U28112,EZY,Alicante,ALC,LEAL,London Gatwick,LGW,EGKK,,,16:30,18:15,14:30,17:15,165,773,1234567,5,2026-09-24T08:57:40.000Z
U25553,EJU,Alicante,ALC,LEAL,Edinburgh,EDI,EGPH,,,16:45,19:00,14:45,18:00,195,1067,57,2,2026-09-20T20:00:37.000Z
U22346,EZY,Alicante,ALC,LEAL,London Luton,LTN,EGGW,,,16:55,18:35,14:55,17:35,160,816,1,1,2026-08-24T20:59:02.000Z
U22034,EZY,Alicante,ALC,LEAL,Manchester,MAN,EGCC,,,17:05,19:00,15:05,18:00,175,907,12457,4,2026-09-24T08:57:40.000Z
U24240,EJU,Alicante,ALC,LEAL,Naples,NAP,LIRN,,,17:05,19:20,15:05,17:20,135,704,15,2,2026-09-21T19:00:10.000Z
U28110,EZY,Alicante,ALC,LEAL,London Gatwick,LGW,EGKK,,,17:40,19:25,15:40,18:25,165,773,1234567,7,2026-09-23T19:59:18.000Z
U25517,EJU,Alicante,ALC,LEAL,Newcastle,NCL,EGNT,,,17:45,19:45,15:45,18:45,180,1007,26,2,2026-09-22T20:01:42.000Z
U28116,EZY,Alicante,ALC,LEAL,London Gatwick,LGW,EGKK,,,17:50,19:25,15:50,18:25,155,773,347,3,2026-09-24T08:57:40.000Z
U27886,EJU,Alicante,ALC,LEAL,Amsterdam,AMS,EHAM,,,18:15,21:00,16:15,19:00,165,871,246,3,2026-09-22T21:01:40.000Z
U25505,EJU,Alicante,ALC,LEAL,Belfast Intl,BFS,EGAA,,,18:25,20:35,16:25,19:35,190,1010,234567,6,2026-09-24T08:57:40.000Z
U25523,EJU,Alicante,ALC,LEAL,Lille,LIL,LFQQ,,,18:30,21:00,16:30,19:00,150,754,246,3,2026-09-22T20:59:12.000Z
U25521,EJU,Alicante,ALC,LEAL,Manchester,MAN,EGCC,,,18:35,20:25,16:35,19:25,170,907,37,2,2026-09-23T20:59:00.000Z
U25529,EJU,Alicante,ALC,LEAL,Bristol,BRS,EGGD,,,19:25,21:05,17:25,20:05,160,792,4,1,2026-09-24T08:57:40.000Z
U25561,EJU,Alicante,ALC,LEAL,Birmingham,BHX,EGBB,,,19:30,21:15,17:30,20:15,165,852,15,2,2026-09-21T22:01:17.000Z
U25533,EJU,Alicante,ALC,LEAL,Bristol,BRS,EGGD,,,19:30,21:05,17:30,20:05,155,792,1,1,2026-08-24T22:00:33.000Z
U25525,EJU,Alicante,ALC,LEAL,Lyon,LYS,LFLL,,,20:00,21:50,18:00,19:50,110,513,15,2,2026-09-21T21:01:03.000Z
U21300,EJU,Alicante,ALC,LEAL,Geneva,GVA,LSGG,,,20:30,22:30,18:30,20:30,120,562,16,2,2026-08-29T22:00:33.000Z
U21012,EJU,Alicante,ALC,LEAL,Basel,BSL,LFSB,,,20:50,23:05,18:50,21:05,135,662,1,1,2026-09-21T19:59:33.000Z
U22277,EZY,Alicante,ALC,LEAL,Manchester,MAN,EGCC,,,21:05,22:50,19:05,21:50,165,907,2,1,2026-09-23T00:58:56.000Z
U28140,EZY,Alicante,ALC,LEAL,London Gatwick,LGW,EGKK,,,21:45,23:30,19:45,22:30,165,773,7,1,2026-09-20T23:59:23.000Z
U23378,EZY,Alicante,ALC,LEAL,Liverpool,LPL,EGGP,,,21:55,23:45,19:55,22:45,170,909,23467,5,2026-09-24T00:59:24.000Z
U28118,EZY,Alicante,ALC,LEAL,London Gatwick,LGW,EGKK,,,22:25,00:05,20:25,23:05,160,773,12356,5,2026-09-24T00:59:25.000Z
U22016,EZY,Alicante,ALC,LEAL,Manchester,MAN,EGCC,,,23:05,00:55,21:05,23:55,170,907,146,3,2026-09-22T02:59:15.000Z
U22278,EZY,Alicante,ALC,LEAL,Manchester,MAN,EGCC,,,23:25,01:10,21:25,00:10,165,907,37,2,2026-09-24T01:59:59.000Z
U28120,EZY,Alicante,ALC,LEAL,London Gatwick,LGW,EGKK,,,23:35,01:10,21:35,00:10,155,773,13456,4,2026-09-24T01:59:59.000Z
U27821,EJU,Amsterdam,AMS,EHAM,Naples,NAP,LIRN,,,07:00,09:40,05:00,07:40,160,789,3467,3,2026-09-24T08:57:40.000Z
U27927,EJU,Amsterdam,AMS,EHAM,Prague,PRG,LKPR,,,07:00,08:30,05:00,06:30,90,381,156,2,2026-09-21T08:59:49.000Z
U27963,EJU,Amsterdam,AMS,EHAM,Faro,FAO,LPFR,,,07:00,09:10,05:00,08:10,190,1064,23467,4,2026-09-23T09:59:02.000Z
U27967,EJU,Amsterdam,AMS,EHAM,Faro,FAO,LPFR,,,07:00,09:10,05:00,08:10,190,1064,7,1,2026-09-20T10:01:02.000Z
U27907,EJU,Amsterdam,AMS,EHAM,Split,SPU,LDSP,,,07:00,09:10,05:00,07:10,130,700,1234567,5,2026-09-24T08:57:50.000Z
U27915,EJU,Amsterdam,AMS,EHAM,Rhodes,RHO,LGRP,,,07:00,11:40,05:00,08:40,220,1372,246,3,2026-09-24T08:57:50.000Z
U27973,EJU,Amsterdam,AMS,EHAM,Malta,MLA,LMML,,,07:00,10:00,05:00,08:00,180,1072,123457,5,2026-09-22T10:01:20.000Z
U27983,EJU,Amsterdam,AMS,EHAM,Cyprus Larnaca,LCA,LCLK,,,07:00,12:15,05:00,09:15,255,1615,6,1,2026-09-19T11:02:23.000Z
U27903,EJU,Amsterdam,AMS,EHAM,Pula,PUY,LDPL,,,07:00,08:45,05:00,06:45,105,574,6,1,2026-08-29T08:00:49.000Z
U28671,EJU,Amsterdam,AMS,EHAM,London Gatwick,LGW,EGKK,,,07:00,07:25,05:00,06:25,85,197,13457,1,2026-09-24T07:59:40.000Z
U27851,EJU,Amsterdam,AMS,EHAM,Manchester,MAN,EGCC,,,07:00,07:20,05:00,06:20,80,263,12,2,2026-09-22T07:59:25.000Z
U27881,EJU,Amsterdam,AMS,EHAM,Majorca Palma,PMI,LEPA,,,07:05,09:30,05:05,07:30,145,771,1457,3,2026-09-24T08:57:40.000Z
U27955,EJU,Amsterdam,AMS,EHAM,Hurghada,HRG,HEGN,,,07:05,13:00,05:05,10:00,295,1992,3467,3,2026-09-24T08:57:47.000Z
U27887,EJU,Amsterdam,AMS,EHAM,Majorca Palma,PMI,LEPA,,,07:10,09:40,05:10,07:40,150,771,1234567,5,2026-09-24T08:57:49.000Z
U27803,EJU,Amsterdam,AMS,EHAM,Sicily Palermo,PMO,LICJ,,,07:10,10:00,05:10,08:00,170,917,12356,3,2026-09-22T10:01:18.000Z
U27839,EJU,Amsterdam,AMS,EHAM,London Stansted,STN,EGSS,,,07:10,07:25,05:10,06:25,75,169,1245,3,2026-09-22T07:59:25.000Z
U27913,EJU,Amsterdam,AMS,EHAM,Corfu,CFU,LGKR,,,07:15,11:10,05:15,08:10,175,987,256,3,2026-09-22T10:01:17.000Z
U27997,EJU,Amsterdam,AMS,EHAM,Thessaloniki,SKG,LGTS,,,07:15,11:15,05:15,08:15,180,1029,37,2,2026-08-30T09:59:33.000Z
U27889,EJU,Amsterdam,AMS,EHAM,Malaga,AGP,LEMG,,,07:20,10:30,05:20,08:30,190,1017,1234567,5,2026-09-24T08:57:49.000Z
U27841,EJU,Amsterdam,AMS,EHAM,Birmingham,BHX,EGBB,,,07:20,07:40,05:20,06:40,80,239,15,2,2026-09-21T08:00:54.000Z
U27827,EJU,Amsterdam,AMS,EHAM,Edinburgh,EDI,EGPH,,,07:20,07:50,05:20,06:50,90,360,1,1,2026-09-21T08:00:57.000Z
U27901,EJU,Amsterdam,AMS,EHAM,Pula,PUY,LDPL,,,07:25,09:15,05:25,07:15,110,574,3,1,2026-08-26T08:59:01.000Z
U27879,EJU,Amsterdam,AMS,EHAM,Valencia,VLC,LEVC,,,07:25,10:00,05:25,08:00,155,800,123457,3,2026-09-24T08:57:50.000Z
U27897,EJU,Amsterdam,AMS,EHAM,Tenerife South,TFS,GCTS,,,07:35,11:25,05:35,10:25,290,1741,2346,4,2026-09-23T11:58:40.000Z
U27883,EJU,Amsterdam,AMS,EHAM,Fuerteventura,FUE,GCFV,,,08:00,11:35,06:00,10:35,275,1656,3467,4,2026-09-24T08:57:46.000Z
U27805,EJU,Amsterdam,AMS,EHAM,Milan Linate,LIN,LIML,,,08:20,10:00,06:20,08:00,100,449,1234567,3,2026-09-24T08:57:49.000Z
U27877,EJU,Amsterdam,AMS,EHAM,Malaga,AGP,LEMG,,,08:35,11:50,06:35,09:50,195,1017,136,3,2026-09-23T12:01:50.000Z
U22512,EZY,Amsterdam,AMS,EHAM,London Luton,LTN,EGGW,,,08:45,09:00,06:45,08:00,75,191,1234567,2,2026-09-24T08:57:40.000Z
U23854,EJU,Amsterdam,AMS,EHAM,Milan Malpensa,MXP,LIMC,,,08:45,10:30,06:45,08:30,105,430,36,1,2026-09-23T10:58:56.000Z
U28673,EZY,Amsterdam,AMS,EHAM,London Gatwick,LGW,EGKK,,,08:55,09:15,06:55,08:15,80,197,1234567,4,2026-09-24T08:57:40.000Z
U23852,EJU,Amsterdam,AMS,EHAM,Milan Malpensa,MXP,LIMC,,,09:35,11:20,07:35,09:20,105,430,12457,5,2026-09-24T08:57:40.000Z
U25406,EJU,Amsterdam,AMS,EHAM,Milan Linate,LIN,LIML,,,09:35,11:15,07:35,09:15,100,449,1234567,3,2026-09-24T08:57:40.000Z
U22922,EZY,Amsterdam,AMS,EHAM,Bristol,BRS,EGGD,,,09:55,10:15,07:55,09:15,80,283,1234567,2,2026-09-24T08:57:40.000Z
U22162,EZY,Amsterdam,AMS,EHAM,Manchester,MAN,EGCC,,,09:55,10:15,07:55,09:15,80,263,1234567,3,2026-09-24T08:57:40.000Z
U27070,EJU,Amsterdam,AMS,EHAM,Malaga,AGP,LEMG,,,10:00,13:05,08:00,11:05,185,1017,7,1,2026-09-20T13:01:42.000Z
U23442,EZY,Amsterdam,AMS,EHAM,Liverpool,LPL,EGGP,,,10:00,10:20,08:00,09:20,80,283,14567,4,2026-09-24T08:57:40.000Z
U25606,EZY,Amsterdam,AMS,EHAM,Newcastle,NCL,EGNT,,,10:00,10:30,08:00,09:30,90,282,135,2,2026-09-23T11:58:39.000Z
U21758,EJU,Amsterdam,AMS,EHAM,Nice,NCE,LFMN,,,10:20,12:25,08:20,10:25,125,529,35,2,2026-09-23T11:58:39.000Z
U27937,EJU,Amsterdam,AMS,EHAM,Copenhagen,CPH,EKCH,,,10:40,12:05,08:40,10:05,85,342,1,1,2026-08-24T11:59:47.000Z
U28677,EJU,Amsterdam,AMS,EHAM,London Gatwick,LGW,EGKK,,,11:00,11:15,09:00,10:15,75,197,15,2,2026-09-21T14:02:01.000Z
U27550,EJU,Amsterdam,AMS,EHAM,Faro,FAO,LPFR,,,11:55,14:05,09:55,13:05,190,1064,136,2,2026-09-21T15:00:19.000Z
U25531,EJU,Amsterdam,AMS,EHAM,Bristol,BRS,EGGD,,,12:10,12:30,10:10,11:30,80,283,12356,3,2026-09-23T12:59:21.000Z
U22516,EZY,Amsterdam,AMS,EHAM,London Luton,LTN,EGGW,,,12:35,12:50,10:35,11:50,75,191,124567,5,2026-09-24T08:57:40.000Z
U27921,EJU,Amsterdam,AMS,EHAM,Crete Chania,CHQ,LGSA,,,13:10,17:55,11:10,14:55,225,1302,12357,5,2026-09-22T16:59:23.000Z
U27979,EJU,Amsterdam,AMS,EHAM,Marrakech,RAK,GMMX,,,13:20,15:15,11:20,15:15,235,1363,15,2,2026-09-21T17:00:17.000Z
U27953,EJU,Amsterdam,AMS,EHAM,Nice,NCE,LFMN,,,13:30,15:35,11:30,13:35,125,529,1234567,7,2026-09-24T08:57:40.000Z
U27957,EJU,Amsterdam,AMS,EHAM,Nice,NCE,LFMN,,,13:30,15:35,11:30,13:35,125,529,1,1,2026-08-24T15:01:26.000Z
U27965,EJU,Amsterdam,AMS,EHAM,Madeira Funchal,FNC,LPMA,,,13:30,16:50,11:30,15:50,260,1503,23457,4,2026-09-23T17:59:04.000Z
U23302,EZY,Amsterdam,AMS,EHAM,Edinburgh,EDI,EGPH,,,13:40,14:15,11:40,13:15,95,360,1234567,7,2026-09-24T08:57:40.000Z
U27813,EJU,Amsterdam,AMS,EHAM,Milan Malpensa,MXP,LIMC,,,13:45,15:35,11:45,13:35,110,430,145,3,2026-09-24T08:57:40.000Z
U22164,EZY,Amsterdam,AMS,EHAM,Manchester,MAN,EGCC,,,13:50,14:10,11:50,13:10,80,263,123457,5,2026-09-24T08:57:40.000Z
U27815,EJU,Amsterdam,AMS,EHAM,Venice Marco Polo,VCE,LIPZ,,,13:50,15:40,11:50,13:40,110,506,1357,4,2026-09-23T14:59:37.000Z
U28689,EJU,Amsterdam,AMS,EHAM,London Gatwick,LGW,EGKK,,,14:10,14:35,12:10,13:35,85,197,7,1,2026-09-20T14:58:42.000Z
U27801,EJU,Amsterdam,AMS,EHAM,London Stansted,STN,EGSS,,,14:30,14:40,12:30,13:40,70,169,37,2,2026-09-23T14:59:34.000Z
U27843,EJU,Amsterdam,AMS,EHAM,Birmingham,BHX,EGBB,,,14:40,15:00,12:40,14:00,80,239,1234567,6,2026-09-24T08:57:40.000Z
U27893,EJU,Amsterdam,AMS,EHAM,Malaga,AGP,LEMG,,,14:55,18:05,12:55,16:05,190,1017,1234567,6,2026-09-24T08:57:40.000Z
U27885,EJU,Amsterdam,AMS,EHAM,Alicante,ALC,LEAL,,,15:00,17:40,13:00,15:40,160,871,246,3,2026-09-22T17:05:18.000Z
U27809,EJU,Amsterdam,AMS,EHAM,Seville,SVQ,LEZL,,,15:05,18:10,13:05,16:10,185,1000,15,2,2026-09-21T18:00:35.000Z
U22518,EZY,Amsterdam,AMS,EHAM,London Luton,LTN,EGGW,,,15:35,15:50,13:35,14:50,75,191,1234567,7,2026-09-23T17:00:57.000Z
U27825,EJU,Amsterdam,AMS,EHAM,Naples,NAP,LIRN,,,15:35,18:00,13:35,16:00,145,789,2,1,2026-09-22T18:02:42.000Z
U28679,EZY,Amsterdam,AMS,EHAM,London Gatwick,LGW,EGKK,,,15:45,16:10,13:45,15:10,85,197,124,2,2026-09-24T08:57:40.000Z
U24232,EJU,Amsterdam,AMS,EHAM,Naples,NAP,LIRN,,,16:00,18:25,14:00,16:25,145,789,12457,5,2026-09-24T08:57:40.000Z
U27891,EJU,Amsterdam,AMS,EHAM,Ibiza,IBZ,LEIB,,,16:20,19:00,14:20,17:00,160,819,123467,6,2026-09-24T08:57:40.000Z
U28675,EZY,Amsterdam,AMS,EHAM,London Gatwick,LGW,EGKK,,,16:20,16:45,14:20,15:45,85,197,6,1,2026-09-19T17:00:14.000Z
U21518,EZS,Amsterdam,AMS,EHAM,Geneva,GVA,LSGG,,,16:35,18:05,14:35,16:05,90,368,127,2,2026-09-22T18:02:38.000Z
U25710,EZY,Amsterdam,AMS,EHAM,London Southend,SEN,EGMC,,,16:40,16:40,14:40,15:40,60,157,47,2,2026-09-10T16:59:44.000Z
U27817,EJU,Amsterdam,AMS,EHAM,Sardinia Olbia,OLB,LIEO,,,16:40,19:00,14:40,17:00,140,712,124567,6,2026-09-24T08:57:40.000Z
U26656,EZY,Amsterdam,AMS,EHAM,Birmingham,BHX,EGBB,,,17:20,17:35,15:20,16:35,75,239,467,3,2026-09-20T18:00:24.000Z
U22166,EZY,Amsterdam,AMS,EHAM,Manchester,MAN,EGCC,,,17:20,17:40,15:20,16:40,80,263,134567,5,2026-09-24T08:57:40.000Z
U27939,EJU,Amsterdam,AMS,EHAM,Copenhagen,CPH,EKCH,,,17:35,19:00,15:35,17:00,85,342,5,1,2026-08-28T19:02:15.000Z
U23860,EJU,Amsterdam,AMS,EHAM,Milan Malpensa,MXP,LIMC,,,18:00,19:45,16:00,17:45,105,430,1457,4,2026-09-24T08:57:40.000Z
U27975,EJU,Amsterdam,AMS,EHAM,Malta,MLA,LMML,,,18:00,21:00,16:00,19:00,180,1072,6,1,2026-08-29T20:59:32.000Z
U27837,EJU,Amsterdam,AMS,EHAM,Edinburgh,EDI,EGPH,,,18:20,18:50,16:20,17:50,90,360,123456,3,2026-09-23T19:59:16.000Z
U22520,EZY,Amsterdam,AMS,EHAM,London Luton,LTN,EGGW,,,18:20,18:30,16:20,17:30,70,191,123457,5,2026-09-22T23:00:53.000Z
U27867,EJU,Amsterdam,AMS,EHAM,Geneva,GVA,LSGG,,,18:30,20:00,16:30,18:00,90,368,345,3,2026-09-24T08:57:40.000Z
U27807,EJU,Amsterdam,AMS,EHAM,Edinburgh,EDI,EGPH,,,18:30,19:00,16:30,18:00,90,360,5,1,2026-09-18T20:00:23.000Z
U27835,EJU,Amsterdam,AMS,EHAM,Glasgow,GLA,EGPF,,,18:35,19:05,16:35,18:05,90,388,1457,4,2026-09-24T08:57:40.000Z
U27929,EJU,Amsterdam,AMS,EHAM,Prague,PRG,LKPR,,,18:35,20:05,16:35,18:05,90,381,23457,4,2026-09-24T08:57:40.000Z
U28683,EJU,Amsterdam,AMS,EHAM,London Gatwick,LGW,EGKK,,,18:40,18:55,16:40,17:55,75,197,357,3,2026-09-23T19:00:10.000Z
U27859,EJU,Amsterdam,AMS,EHAM,Newcastle,NCL,EGNT,,,18:55,19:25,16:55,18:25,90,282,47,2,2026-09-20T20:00:40.000Z
U27076,EJU,Amsterdam,AMS,EHAM,Bristol,BRS,EGGD,,,19:10,19:30,17:10,18:30,80,283,23456,4,2026-09-24T08:57:40.000Z
U22926,EZY,Amsterdam,AMS,EHAM,Bristol,BRS,EGGD,,,19:20,19:40,17:20,18:40,80,283,17,2,2026-09-21T19:59:35.000Z
U27831,EJU,Amsterdam,AMS,EHAM,London Luton,LTN,EGGW,,,19:20,19:30,17:20,18:30,70,191,34,2,2026-09-24T08:57:40.000Z
U27552,EJU,Amsterdam,AMS,EHAM,London Southend,SEN,EGMC,,,19:35,19:35,17:35,18:35,60,157,1357,2,2026-09-23T19:59:18.000Z
U27845,EJU,Amsterdam,AMS,EHAM,London Stansted,STN,EGSS,,,19:35,19:40,17:35,18:40,65,169,134567,4,2026-09-24T08:57:40.000Z
U26002,EJU,Amsterdam,AMS,EHAM,Marrakech,RAK,GMMX,,,19:40,21:35,17:40,21:35,235,1363,36,2,2026-09-24T00:59:27.000Z
U24236,EJU,Amsterdam,AMS,EHAM,Naples,NAP,LIRN,,,19:50,22:20,17:50,20:20,150,789,1357,3,2026-09-23T21:59:43.000Z
U28697,EZY,Amsterdam,AMS,EHAM,London Gatwick,LGW,EGKK,,,20:05,20:20,18:05,19:20,75,197,1,1,2026-09-21T21:01:03.000Z
U28685,EZY,Amsterdam,AMS,EHAM,London Gatwick,LGW,EGKK,,,20:10,20:25,18:10,19:25,75,197,2457,4,2026-09-24T08:57:40.000Z
U22170,EZY,Amsterdam,AMS,EHAM,Manchester,MAN,EGCC,,,20:50,21:10,18:50,20:10,80,263,12457,5,2026-09-22T21:58:57.000Z
U23856,EJU,Amsterdam,AMS,EHAM,Milan Malpensa,MXP,LIMC,,,20:55,22:40,18:55,20:40,105,430,12367,5,2026-09-23T21:59:43.000Z
U28687,EZY,Amsterdam,AMS,EHAM,London Gatwick,LGW,EGKK,,,20:55,21:10,18:55,20:10,75,197,123456,2,2026-09-23T21:59:43.000Z
U28715,EZY,Amsterdam,AMS,EHAM,London Gatwick,LGW,EGKK,,,20:55,21:10,18:55,20:10,75,197,67,2,2026-09-20T22:00:44.000Z
U21520,EZS,Amsterdam,AMS,EHAM,Geneva,GVA,LSGG,,,21:15,22:50,19:15,20:50,95,368,15,2,2026-08-28T23:00:26.000Z
U25408,EJU,Amsterdam,AMS,EHAM,Milan Linate,LIN,LIML,,,21:15,22:55,19:15,20:55,100,449,123456,2,2026-09-23T22:59:16.000Z
U25432,EJU,Amsterdam,AMS,EHAM,Milan Linate,LIN,LIML,,,21:15,22:55,19:15,20:55,100,449,7,1,2026-09-20T23:01:48.000Z
U23304,EZY,Amsterdam,AMS,EHAM,Edinburgh,EDI,EGPH,,,21:20,21:50,19:20,20:50,90,360,12457,4,2026-09-21T13:59:28.000Z
U22928,EZY,Amsterdam,AMS,EHAM,Bristol,BRS,EGGD,,,21:30,21:50,19:30,20:50,80,283,17,2,2026-09-21T22:59:30.000Z
U22168,EZY,Amsterdam,AMS,EHAM,Manchester,MAN,EGCC,,,21:30,21:50,19:30,20:50,80,263,1234567,4,2026-09-24T08:57:40.000Z
U22522,EZY,Amsterdam,AMS,EHAM,London Luton,LTN,EGGW,,,21:35,21:45,19:35,20:45,70,191,12457,3,2026-09-22T23:00:53.000Z
U27366,EJU,Amsterdam,AMS,EHAM,Majorca Palma,PMI,LEPA,,,21:40,00:05,19:40,22:05,145,771,2356,4,2026-09-23T23:59:06.000Z
U23052,EZY,Amsterdam,AMS,EHAM,Belfast Intl,BFS,EGAA,,,21:45,22:25,19:45,21:25,100,416,1457,3,2026-09-21T13:59:24.000Z
U28178,EZY,Athens,ATH,LGAV,London Gatwick,LGW,EGKK,,,00:25,02:15,21:25,01:15,230,1292,1,1,2026-08-31T03:59:34.000Z
U23646,EJU,Athens,ATH,LGAV,Milan Malpensa,MXP,LIMC,,,02:30,04:10,23:30,02:10,160,821,5,1,2026-08-28T04:00:53.000Z
U23648,EJU,Athens,ATH,LGAV,Milan Malpensa,MXP,LIMC,,,02:30,04:10,23:30,02:10,160,821,6,1,2026-08-29T04:00:59.000Z
U21146,EZS,Athens,ATH,LGAV,Basel,BSL,LFSB,,,10:35,12:35,07:35,10:35,180,924,15,2,2026-09-14T09:59:46.000Z
U21472,EZS,Athens,ATH,LGAV,Geneva,GVA,LSGG,,,10:45,12:45,07:45,10:45,180,935,1234567,4,2026-09-24T08:57:41.000Z
U24166,EJU,Athens,ATH,LGAV,Naples,NAP,LIRN,,,10:45,11:40,07:45,09:40,115,481,1234567,7,2026-09-24T08:57:41.000Z
U27380,EJU,Athens,ATH,LGAV,Majorca Palma,PMI,LEPA,,,10:55,12:55,07:55,10:55,180,995,247,3,2026-08-30T12:00:02.000Z
U21886,EJU,Athens,ATH,LGAV,Bordeaux,BOD,LFBD,,,11:00,13:35,08:00,11:35,215,1180,37,2,2026-09-23T14:01:11.000Z
U25546,EJU,Athens,ATH,LGAV,Alicante,ALC,LEAL,,,11:35,14:05,08:35,12:05,210,1154,14,2,2026-09-24T08:57:41.000Z
U23652,EJU,Athens,ATH,LGAV,Milan Malpensa,MXP,LIMC,,,11:40,13:20,08:40,11:20,160,821,124567,5,2026-09-24T08:57:41.000Z
U28182,EZY,Athens,ATH,LGAV,London Gatwick,LGW,EGKK,,,11:45,13:45,08:45,12:45,240,1292,13567,5,2026-09-23T13:59:04.000Z
U23226,EZY,Athens,ATH,LGAV,Edinburgh,EDI,EGPH,,,12:15,14:40,09:15,13:40,265,1538,246,3,2026-09-22T16:00:02.000Z
U27062,EJU,Athens,ATH,LGAV,Malaga,AGP,LEMG,,,12:30,15:35,09:30,13:35,245,1355,26,2,2026-09-15T14:58:45.000Z
U23656,EJU,Athens,ATH,LGAV,Milan Malpensa,MXP,LIMC,,,16:30,18:15,13:30,16:15,165,821,57,2,2026-09-18T18:01:02.000Z
U21738,EJU,Athens,ATH,LGAV,Nice,NCE,LFMN,,,18:30,20:10,15:30,18:10,160,832,12346,5,2026-09-24T08:57:41.000Z
U24880,EJU,Athens,ATH,LGAV,Paris Orly,ORY,LFPO,,,20:00,22:30,17:00,20:30,210,1138,1234567,4,2026-09-24T08:57:41.000Z
U22804,EZY,Athens,ATH,LGAV,Bristol,BRS,EGGD,,,20:50,22:50,17:50,21:50,240,1383,247,3,2026-09-24T08:57:41.000Z
U28184,EZY,Athens,ATH,LGAV,London Gatwick,LGW,EGKK,,,21:00,22:55,18:00,21:55,235,1292,123457,5,2026-09-24T08:57:41.000Z
U28186,EZY,Athens,ATH,LGAV,London Gatwick,LGW,EGKK,,,21:00,22:55,18:00,21:55,235,1292,23467,4,2026-09-24T08:57:41.000Z
U24454,EJU,Athens,ATH,LGAV,Lyon,LYS,LFLL,,,21:10,23:10,18:10,21:10,180,961,1234567,7,2026-09-24T08:57:41.000Z
U24176,EJU,Athens,ATH,LGAV,Naples,NAP,LIRN,,,21:55,22:45,18:55,20:45,110,481,1467,4,2026-09-24T08:57:41.000Z
U28188,EZY,Athens,ATH,LGAV,London Gatwick,LGW,EGKK,,,22:25,00:20,19:25,23:20,235,1292,16,2,2026-09-22T00:58:59.000Z
U23654,EJU,Athens,ATH,LGAV,Milan Malpensa,MXP,LIMC,,,23:00,00:40,20:00,22:40,160,821,123467,6,2026-09-24T00:59:25.000Z
U22060,EZY,Athens,ATH,LGAV,Manchester,MAN,EGCC,,,23:15,01:20,20:15,00:20,245,1424,13567,5,2026-09-24T01:59:59.000Z
U22140,EZY,Antalya,AYT,LTAI,Manchester,MAN,EGCC,,,00:05,02:55,21:05,01:55,290,1690,2,1,2026-09-22T03:59:13.000Z
U28560,EZY,Antalya,AYT,LTAI,London Gatwick,LGW,EGKK,,,01:45,04:20,22:45,03:20,275,1570,14567,5,2026-09-24T05:00:24.000Z
U25374,EJU,Antalya,AYT,LTAI,Berlin Brandenburg,BER,EDDB,,,11:15,13:50,08:15,11:50,215,1180,26,2,2026-09-19T12:59:57.000Z
U28556,EZY,Antalya,AYT,LTAI,London Gatwick,LGW,EGKK,,,14:45,17:40,11:45,16:40,295,1570,124567,5,2026-09-24T08:57:40.000Z
U22566,EZY,Antalya,AYT,LTAI,London Luton,LTN,EGGW,,,18:55,21:35,15:55,20:35,280,1592,4,1,2026-09-24T08:57:40.000Z
U23182,EZY,Antalya,AYT,LTAI,Glasgow,GLA,EGPF,,,19:05,22:15,16:05,21:15,310,1819,36,2,2026-09-23T22:59:14.000Z
U25608,EZY,Antalya,AYT,LTAI,Newcastle,NCL,EGNT,,,19:30,22:25,16:30,21:25,295,1713,37,2,2026-09-23T22:59:16.000Z
U25714,EZY,Antalya,AYT,LTAI,London Southend,SEN,EGMC,,,19:55,22:30,16:55,21:30,275,1549,26,2,2026-09-23T03:00:26.000Z
U21288,EZS,Antalya,AYT,LTAI,Basel,BSL,LFSB,,,20:10,22:50,17:10,20:50,220,1211,6,1,2026-09-19T18:59:39.000Z
U28562,EZY,Antalya,AYT,LTAI,London Gatwick,LGW,EGKK,,,20:10,22:45,17:10,21:45,275,1570,2,1,2026-09-23T00:00:10.000Z
U22858,EZY,Antalya,AYT,LTAI,Bristol,BRS,EGGD,,,20:40,23:25,17:40,22:25,285,1664,1,1,2026-09-22T01:59:55.000Z
U22142,EZY,Antalya,AYT,LTAI,Manchester,MAN,EGCC,,,20:40,23:30,17:40,22:30,290,1690,234567,6,2026-09-24T08:57:40.000Z
U23402,EZY,Antalya,AYT,LTAI,Liverpool,LPL,EGGP,,,21:15,00:05,18:15,23:05,290,1709,2356,4,2026-09-24T00:59:24.000Z
U23286,EZY,Antalya,AYT,LTAI,Edinburgh,EDI,EGPH,,,21:30,00:30,18:30,23:30,300,1788,36,2,2026-09-24T00:59:23.000Z
U23060,EZY,Antalya,AYT,LTAI,Belfast Intl,BFS,EGAA,,,21:40,00:50,18:40,23:50,310,1848,37,1,2026-09-24T01:01:38.000Z
U26634,EZY,Antalya,AYT,LTAI,Birmingham,BHX,EGBB,,,21:45,00:35,18:45,23:35,290,1652,235,3,2026-09-24T00:59:21.000Z
U22856,EZY,Antalya,AYT,LTAI,Bristol,BRS,EGGD,,,22:30,01:15,19:30,00:15,285,1664,357,3,2026-09-24T01:59:54.000Z
U22552,EZY,Antalya,AYT,LTAI,London Luton,LTN,EGGW,,,22:40,01:20,19:40,00:20,280,1592,1356,3,2026-09-24T01:59:59.000Z
U28558,EZY,Antalya,AYT,LTAI,London Gatwick,LGW,EGKK,,,22:50,01:25,19:50,00:25,275,1570,23456,4,2026-09-24T02:59:03.000Z
U23781,EJU,Barcelona,BCN,LEBL,Milan Malpensa,MXP,LIMC,,,00:40,02:20,22:40,00:20,100,389,5,1,2026-08-28T02:59:50.000Z
U27101,EJU,Barcelona,BCN,LEBL,Basel,BSL,LFSB,,,06:40,08:35,04:40,06:35,115,444,1234567,3,2026-09-24T06:01:14.000Z
U27209,EJU,Barcelona,BCN,LEBL,London Southend,SEN,EGMC,,,06:40,07:55,04:40,06:55,135,619,3,1,2026-09-23T08:01:06.000Z
U28058,EJU,Barcelona,BCN,LEBL,London Gatwick,LGW,EGKK,,,07:10,08:40,05:10,07:40,150,599,1234567,2,2026-09-24T08:57:48.000Z
U27105,EJU,Barcelona,BCN,LEBL,Geneva,GVA,LSGG,,,07:10,08:55,05:10,06:55,105,344,1234567,4,2026-09-24T08:57:41.000Z
U27193,EJU,Barcelona,BCN,LEBL,Belfast Intl,BFS,EGAA,,,07:50,09:45,05:50,08:45,175,867,145,3,2026-09-24T08:57:44.000Z
U21296,EJU,Barcelona,BCN,LEBL,Geneva,GVA,LSGG,,,08:20,10:05,06:20,08:05,105,344,57,2,2026-09-20T10:01:00.000Z
U23778,EJU,Barcelona,BCN,LEBL,Milan Malpensa,MXP,LIMC,,,08:40,10:25,06:40,08:25,105,389,147,3,2026-09-24T08:57:49.000Z
U23754,EJU,Barcelona,BCN,LEBL,Milan Malpensa,MXP,LIMC,,,09:10,10:55,07:10,08:55,105,389,237,3,2026-09-23T09:59:05.000Z
U25108,EJU,Barcelona,BCN,LEBL,Berlin Brandenburg,BER,EDDB,,,09:15,11:55,07:15,09:55,160,811,157,3,2026-09-21T12:00:44.000Z
U25746,EZY,Barcelona,BCN,LEBL,London Southend,SEN,EGMC,,,10:05,11:20,08:05,10:20,135,619,246,3,2026-09-22T11:59:55.000Z
U22002,EZY,Barcelona,BCN,LEBL,Manchester,MAN,EGCC,,,10:25,12:00,08:25,11:00,155,745,1234567,6,2026-09-23T13:59:05.000Z
U22324,EZY,Barcelona,BCN,LEBL,London Luton,LTN,EGGW,,,10:50,12:20,08:50,11:20,150,643,1234567,2,2026-09-24T08:57:41.000Z
U23372,EZY,Barcelona,BCN,LEBL,Liverpool,LPL,EGGP,,,11:10,12:45,09:10,11:45,155,750,1357,4,2026-09-23T12:59:26.000Z
U28056,EZY,Barcelona,BCN,LEBL,London Gatwick,LGW,EGKK,,,11:15,12:45,09:15,11:45,150,599,1234567,4,2026-09-24T08:57:41.000Z
U23102,EZY,Barcelona,BCN,LEBL,Glasgow,GLA,EGPF,,,11:20,13:20,09:20,12:20,180,912,23467,4,2026-09-24T08:57:41.000Z
U22036,EZY,Barcelona,BCN,LEBL,Manchester,MAN,EGCC,,,11:25,13:00,09:25,12:00,155,745,13457,5,2026-09-24T08:57:41.000Z
U27205,EJU,Barcelona,BCN,LEBL,Manchester,MAN,EGCC,,,11:35,13:10,09:35,12:10,155,745,4,1,2026-08-27T13:59:51.000Z
U27171,EJU,Barcelona,BCN,LEBL,Berlin Brandenburg,BER,EDDB,,,11:40,14:25,09:40,12:25,165,811,1234567,3,2026-09-24T08:57:41.000Z
U27115,EJU,Barcelona,BCN,LEBL,Edinburgh,EDI,EGPH,,,12:10,14:10,10:10,13:10,180,905,367,3,2026-09-23T14:59:32.000Z
U27111,EJU,Barcelona,BCN,LEBL,Geneva,GVA,LSGG,,,12:30,14:15,10:30,12:15,105,344,147,3,2026-09-24T08:57:41.000Z
U27123,EJU,Barcelona,BCN,LEBL,Basel,BSL,LFSB,,,12:35,14:30,10:35,12:30,115,444,157,3,2026-09-21T12:00:43.000Z
U21294,EJU,Barcelona,BCN,LEBL,Geneva,GVA,LSGG,,,12:55,14:40,10:55,12:40,105,344,1234567,7,2026-09-24T08:57:41.000Z
U27191,EJU,Barcelona,BCN,LEBL,Bristol,BRS,EGGD,,,13:10,14:35,11:10,13:35,145,637,23467,5,2026-09-24T08:57:41.000Z
U27157,EJU,Barcelona,BCN,LEBL,Naples,NAP,LIRN,,,13:10,15:15,11:10,13:15,125,553,123457,5,2026-09-21T15:59:01.000Z
U23780,EJU,Barcelona,BCN,LEBL,Milan Malpensa,MXP,LIMC,,,13:25,15:05,11:25,13:05,100,389,1357,4,2026-09-23T14:59:35.000Z
U23002,EZY,Barcelona,BCN,LEBL,Belfast Intl,BFS,EGAA,,,14:00,15:55,12:00,14:55,175,867,37,2,2026-09-23T16:00:44.000Z
U27161,EJU,Barcelona,BCN,LEBL,Milan Linate,LIN,LIML,,,14:30,16:10,12:30,14:10,100,401,6,1,2026-09-19T17:00:14.000Z
U27107,EJU,Barcelona,BCN,LEBL,Geneva,GVA,LSGG,,,14:35,16:20,12:35,14:20,105,344,123457,6,2026-09-24T08:57:41.000Z
U23216,EZY,Barcelona,BCN,LEBL,Edinburgh,EDI,EGPH,,,15:00,17:00,13:00,16:00,180,905,15,2,2026-09-21T19:59:36.000Z
U27113,EJU,Barcelona,BCN,LEBL,Glasgow,GLA,EGPF,,,15:05,17:00,13:05,16:00,175,912,2,1,2026-09-22T18:02:41.000Z
U23758,EJU,Barcelona,BCN,LEBL,Milan Malpensa,MXP,LIMC,,,16:15,17:55,14:15,15:55,100,389,4,1,2026-09-24T08:57:41.000Z
U28060,EZY,Barcelona,BCN,LEBL,London Gatwick,LGW,EGKK,,,16:35,18:05,14:35,17:05,150,599,234567,4,2026-09-24T08:57:41.000Z
U24212,EJU,Barcelona,BCN,LEBL,Naples,NAP,LIRN,,,16:45,18:50,14:45,16:50,125,553,34,2,2026-09-24T08:57:41.000Z
U22326,EZY,Barcelona,BCN,LEBL,London Luton,LTN,EGGW,,,16:50,18:20,14:50,17:20,150,643,123467,6,2026-09-24T08:57:41.000Z
U21030,EJU,Barcelona,BCN,LEBL,Basel,BSL,LFSB,,,17:00,18:55,15:00,16:55,115,444,1234567,7,2026-09-24T08:57:41.000Z
U27656,EJU,Barcelona,BCN,LEBL,Lisbon,LIS,LPPT,,,17:05,18:10,15:05,17:10,125,537,125,3,2026-09-22T19:01:17.000Z
U27119,EJU,Barcelona,BCN,LEBL,Southampton,SOU,EGHI,,,17:35,18:50,15:35,17:50,135,597,125,3,2026-09-21T19:00:13.000Z
U27213,EJU,Barcelona,BCN,LEBL,Lisbon,LIS,LPPT,,,17:45,18:50,15:45,17:50,125,537,123567,5,2026-09-23T19:59:18.000Z
U27658,EJU,Barcelona,BCN,LEBL,Lisbon,LIS,LPPT,,,17:45,18:50,15:45,17:50,125,537,457,3,2026-09-24T08:57:41.000Z
U22370,EZY,Barcelona,BCN,LEBL,London Luton,LTN,EGGW,,,17:50,19:10,15:50,18:10,140,643,5,1,2026-09-18T20:59:34.000Z
U27117,EJU,Barcelona,BCN,LEBL,Leeds Bradford,LBA,EGNM,,,18:15,19:55,16:15,18:55,160,769,36,2,2026-09-23T20:58:59.000Z
U27454,EJU,Barcelona,BCN,LEBL,Geneva,GVA,LSGG,,,18:20,20:00,16:20,18:00,100,344,1,1,2026-09-21T19:59:38.000Z
U27103,EJU,Barcelona,BCN,LEBL,Basel,BSL,LFSB,,,18:35,20:30,16:35,18:30,115,444,1234567,2,2026-09-24T08:57:41.000Z
U27151,EJU,Barcelona,BCN,LEBL,Milan Malpensa,MXP,LIMC,,,18:45,20:30,16:45,18:30,105,389,2356,4,2026-09-22T20:01:42.000Z
U27109,EJU,Barcelona,BCN,LEBL,Geneva,GVA,LSGG,,,18:50,20:30,16:50,18:30,100,344,1234567,6,2026-09-24T08:57:41.000Z
U27141,EJU,Barcelona,BCN,LEBL,Strasbourg,SXB,LFST,,,18:55,20:50,16:55,18:50,115,494,125,3,2026-09-21T21:01:05.000Z
U27153,EJU,Barcelona,BCN,LEBL,Milan Malpensa,MXP,LIMC,,,19:10,20:55,17:10,18:55,105,389,14567,5,2026-09-24T08:57:41.000Z
U23756,EJU,Barcelona,BCN,LEBL,Milan Malpensa,MXP,LIMC,,,19:15,21:00,17:15,19:00,105,389,5,1,2026-09-18T20:59:34.000Z
U25416,EJU,Barcelona,BCN,LEBL,Milan Linate,LIN,LIML,,,20:15,21:55,18:15,19:55,100,401,123457,1,2026-09-24T08:57:41.000Z
U28062,EZY,Barcelona,BCN,LEBL,London Gatwick,LGW,EGKK,,,20:30,21:55,18:30,20:55,145,599,1234567,5,2026-09-24T08:57:41.000Z
U22368,EZY,Barcelona,BCN,LEBL,London Luton,LTN,EGGW,,,21:35,23:00,19:35,22:00,145,643,5,1,2026-09-19T00:00:26.000Z
U28064,EZY,Barcelona,BCN,LEBL,London Gatwick,LGW,EGKK,,,21:55,23:25,19:55,22:25,150,599,157,2,2026-09-22T00:01:52.000Z
U22328,EZY,Barcelona,BCN,LEBL,London Luton,LTN,EGGW,,,21:55,23:20,19:55,22:20,145,643,17,2,2026-09-22T00:01:53.000Z
U26620,EZY,Barcelona,BCN,LEBL,Birmingham,BHX,EGBB,,,22:00,23:30,20:00,22:30,150,688,135,2,2026-09-24T00:01:28.000Z
U22704,EZY,Barcelona,BCN,LEBL,Bristol,BRS,EGGD,,,22:10,23:30,20:10,22:30,140,637,125,3,2026-09-23T00:00:07.000Z
U23616,EJU,Barcelona,BCN,LEBL,Milan Malpensa,MXP,LIMC,,,22:40,00:20,20:40,22:20,100,389,3,1,2026-09-23T23:59:06.000Z
U22706,EZY,Barcelona,BCN,LEBL,Bristol,BRS,EGGD,,,22:45,00:05,20:45,23:05,140,637,134567,5,2026-09-24T00:59:21.000Z
U27147,EJU,Barcelona,BCN,LEBL,Milan Malpensa,MXP,LIMC,,,22:50,00:25,20:50,22:25,95,389,6,1,2026-09-20T00:00:39.000Z
U23514,EJU,Brindisi,BDS,LIBR,Milan Malpensa,MXP,LIMC,,,10:00,11:45,08:00,09:45,105,502,1356,4,2026-09-23T10:58:56.000Z
U21450,EZS,Brindisi,BDS,LIBR,Geneva,GVA,LSGG,,,10:20,12:20,08:20,10:20,120,614,3,1,2026-09-23T12:01:40.000Z
U28334,EZY,Brindisi,BDS,LIBR,London Gatwick,LGW,EGKK,,,10:45,12:55,08:45,11:55,190,981,2346,4,2026-09-22T13:58:28.000Z
U25468,EJU,Brindisi,BDS,LIBR,Milan Linate,LIN,LIML,,,10:55,12:40,08:55,10:40,105,476,14,1,2026-08-27T12:01:01.000Z
U21426,EZS,Brindisi,BDS,LIBR,Geneva,GVA,LSGG,,,13:20,15:20,11:20,13:20,120,614,127,3,2026-09-21T15:00:16.000Z
U24418,EJU,Brindisi,BDS,LIBR,Lyon,LYS,LFLL,,,13:30,15:40,11:30,13:40,130,639,47,2,2026-09-24T08:57:43.000Z
U21120,EZS,Brindisi,BDS,LIBR,Basel,BSL,LFSB,,,14:35,16:40,12:35,14:40,125,612,1234567,7,2026-09-24T08:57:43.000Z
U23516,EJU,Brindisi,BDS,LIBR,Milan Malpensa,MXP,LIMC,,,14:35,16:20,12:35,14:20,105,502,123457,6,2026-09-24T08:57:43.000Z
U21126,EZS,Brindisi,BDS,LIBR,Basel,BSL,LFSB,,,17:25,19:25,15:25,17:25,120,612,3,1,2026-09-23T18:01:20.000Z
U21428,EZS,Brindisi,BDS,LIBR,Geneva,GVA,LSGG,,,20:35,22:35,18:35,20:35,120,614,1234567,6,2026-09-24T08:57:43.000Z
U25466,EJU,Brindisi,BDS,LIBR,Milan Linate,LIN,LIML,,,20:55,22:55,18:55,20:55,120,476,26,2,2026-08-29T22:00:41.000Z
U23518,EJU,Brindisi,BDS,LIBR,Milan Malpensa,MXP,LIMC,,,22:15,00:05,20:15,22:05,110,502,2367,4,2026-09-23T00:00:11.000Z
U23520,EJU,Brindisi,BDS,LIBR,Milan Malpensa,MXP,LIMC,,,23:20,01:05,21:20,23:05,105,502,1457,4,2026-09-21T00:58:46.000Z
U21492,EZS,Belgrade,BEG,LYBE,Geneva,GVA,LSGG,,,20:45,22:45,18:45,20:45,120,603,1357,4,2026-09-24T00:01:27.000Z
U25373,EJU,Berlin Brandenburg,BER,EDDB,Antalya,AYT,LTAI,,,06:00,10:25,04:00,07:25,205,1180,26,2,2026-09-19T09:01:28.000Z
U25107,EJU,Berlin Brandenburg,BER,EDDB,Barcelona,BCN,LEBL,,,06:00,08:40,04:00,06:40,160,811,157,3,2026-09-21T08:00:55.000Z
U25353,EJU,Berlin Brandenburg,BER,EDDB,Burgas,BOJ,LBBG,,,06:00,09:20,04:00,06:20,140,815,2467,3,2026-09-19T10:00:37.000Z
U25143,EJU,Berlin Brandenburg,BER,EDDB,Nice,NCE,LFMN,,,06:00,08:05,04:00,06:05,125,580,1234567,5,2026-09-24T08:57:42.000Z
U25051,EJU,Berlin Brandenburg,BER,EDDB,Naples,NAP,LIRN,,,06:00,08:20,04:00,06:20,140,690,1247,4,2026-09-24T07:59:40.000Z
U25159,EJU,Berlin Brandenburg,BER,EDDB,Paris Charles de Gaulle,CDG,LFPG,,,06:00,07:50,04:00,05:50,110,462,1234567,6,2026-09-24T06:58:49.000Z
U28624,EJU,Berlin Brandenburg,BER,EDDB,London Gatwick,LGW,EGKK,,,06:00,07:00,04:00,06:00,120,513,1346,4,2026-09-24T07:59:40.000Z
U25105,EJU,Berlin Brandenburg,BER,EDDB,Malaga,AGP,LEMG,,,06:05,09:40,04:05,07:40,215,1210,123457,5,2026-09-24T08:57:42.000Z
U25119,EJU,Berlin Brandenburg,BER,EDDB,Majorca Palma,PMI,LEPA,,,06:05,08:50,04:05,06:50,165,889,24567,4,2026-09-24T08:57:49.000Z
U25261,EJU,Berlin Brandenburg,BER,EDDB,Copenhagen,CPH,EKCH,,,06:10,07:15,04:10,05:15,65,198,1234567,6,2026-09-24T07:01:47.000Z
U25015,EJU,Berlin Brandenburg,BER,EDDB,Seville,SVQ,LEZL,,,06:10,09:45,04:10,07:45,215,1211,15,2,2026-09-21T08:59:50.000Z
U25365,EJU,Berlin Brandenburg,BER,EDDB,Pristina,PRN,BKPR,,,06:10,08:25,04:10,06:25,135,662,13457,5,2026-09-23T08:01:08.000Z
U28622,EJU,Berlin Brandenburg,BER,EDDB,London Gatwick,LGW,EGKK,,,06:25,07:25,04:25,06:25,120,513,12567,5,2026-09-22T07:59:25.000Z
U25011,EJU,Berlin Brandenburg,BER,EDDB,Preveza,PVK,LGPZ,,,06:35,10:05,04:35,07:05,150,861,47,2,2026-08-30T09:00:32.000Z
U24266,EJU,Berlin Brandenburg,BER,EDDB,Naples,NAP,LIRN,,,06:45,09:05,04:45,07:05,140,690,23567,5,2026-09-23T09:00:42.000Z
U25215,EJU,Berlin Brandenburg,BER,EDDB,Split,SPU,LDSP,,,06:50,08:40,04:50,06:40,110,541,13457,5,2026-09-24T07:59:41.000Z
U25375,EJU,Berlin Brandenburg,BER,EDDB,Sharm El Sheikh,SSH,HESH,,,07:00,12:35,05:00,09:35,275,1736,7,1,2026-09-20T10:58:59.000Z
U25059,EJU,Berlin Brandenburg,BER,EDDB,Sardinia Olbia,OLB,LIEO,,,07:00,09:20,05:00,07:20,140,707,12357,5,2026-09-22T09:01:05.000Z
U25333,EJU,Berlin Brandenburg,BER,EDDB,Madeira Funchal,FNC,LPMA,,,07:00,10:55,05:00,09:55,295,1763,24567,1,2026-09-24T08:57:48.000Z
U25019,EJU,Berlin Brandenburg,BER,EDDB,Valencia,VLC,LEVC,,,07:00,10:00,05:00,08:00,180,965,3,1,2026-09-23T09:59:06.000Z
U25077,EJU,Berlin Brandenburg,BER,EDDB,Sicily Catania,CTA,LICC,,,07:10,09:55,05:10,07:55,165,897,1357,3,2026-09-23T09:00:38.000Z
U25013,EJU,Berlin Brandenburg,BER,EDDB,Rhodes,RHO,LGRP,,,07:15,11:30,05:15,08:30,195,1140,12356,4,2026-09-23T09:59:06.000Z
U25009,EJU,Berlin Brandenburg,BER,EDDB,Crete Chania,CHQ,LGSA,,,07:35,11:45,05:35,08:45,190,1108,123567,6,2026-09-23T10:01:43.000Z
U25103,EJU,Berlin Brandenburg,BER,EDDB,Valencia,VLC,LEVC,,,07:35,10:35,05:35,08:35,180,965,12457,5,2026-09-24T08:57:50.000Z
U21188,EZS,Berlin Brandenburg,BER,EDDB,Basel,BSL,LFSB,,,08:30,09:55,06:30,07:55,85,367,167,3,2026-09-21T08:00:53.000Z
U21778,EJU,Berlin Brandenburg,BER,EDDB,Nice,NCE,LFMN,,,08:35,10:40,06:35,08:40,125,580,2,1,2026-09-22T10:01:21.000Z
U24632,EJU,Berlin Brandenburg,BER,EDDB,Paris Charles de Gaulle,CDG,LFPG,,,08:35,10:25,06:35,08:25,110,462,36,2,2026-09-23T09:59:06.000Z
U25213,EJU,Berlin Brandenburg,BER,EDDB,Split,SPU,LDSP,,,08:40,10:35,06:40,08:35,115,541,12356,5,2026-09-23T09:59:06.000Z
U24362,EJU,Berlin Brandenburg,BER,EDDB,Lyon,LYS,LFLL,,,09:00,10:50,07:00,08:50,110,517,15,2,2026-09-21T11:01:09.000Z
U25085,EJU,Berlin Brandenburg,BER,EDDB,Venice Marco Polo,VCE,LIPZ,,,09:20,11:05,07:20,09:05,105,414,1457,4,2026-09-24T08:57:42.000Z
U25456,EJU,Berlin Brandenburg,BER,EDDB,Milan Linate,LIN,LIML,,,09:30,11:15,07:30,09:15,105,447,1,1,2026-08-24T10:58:52.000Z
U23948,EJU,Berlin Brandenburg,BER,EDDB,Milan Malpensa,MXP,LIMC,,,09:40,11:25,07:40,09:25,105,446,6,1,2026-09-19T10:58:44.000Z
U28630,EZY,Berlin Brandenburg,BER,EDDB,London Gatwick,LGW,EGKK,,,10:10,11:10,08:10,10:10,120,513,1234567,5,2026-09-24T08:57:42.000Z
U25161,EJU,Berlin Brandenburg,BER,EDDB,Paris Charles de Gaulle,CDG,LFPG,,,10:25,12:15,08:25,10:15,110,462,123457,6,2026-09-24T08:57:42.000Z
U25111,EJU,Berlin Brandenburg,BER,EDDB,Gran Canaria,LPA,GCLP,,,10:30,14:50,08:30,13:50,320,1952,1356,4,2026-09-23T14:59:33.000Z
U27334,EJU,Berlin Brandenburg,BER,EDDB,Majorca Palma,PMI,LEPA,,,10:35,13:20,08:35,11:20,165,889,13467,3,2026-09-24T08:57:42.000Z
U25007,EJU,Berlin Brandenburg,BER,EDDB,Crete Heraklion,HER,LGIR,,,10:45,14:50,08:45,11:50,185,1137,123456,6,2026-09-24T08:57:42.000Z
U25425,EJU,Berlin Brandenburg,BER,EDDB,Milan Linate,LIN,LIML,,,10:55,12:40,08:55,10:40,105,447,1234567,2,2026-09-24T08:57:42.000Z
U25001,EJU,Berlin Brandenburg,BER,EDDB,Edinburgh,EDI,EGPH,,,11:00,12:10,09:00,11:10,130,629,2367,4,2026-08-30T13:00:21.000Z
U25113,EJU,Berlin Brandenburg,BER,EDDB,Tenerife South,TFS,GCTS,,,11:15,15:40,09:15,14:40,325,1981,36,2,2026-09-23T16:00:51.000Z
U25027,EJU,Berlin Brandenburg,BER,EDDB,Thessaloniki,SKG,LGTS,,,11:30,14:55,09:30,11:55,145,810,1234567,7,2026-09-24T08:57:42.000Z
U22202,EZY,Berlin Brandenburg,BER,EDDB,Manchester,MAN,EGCC,,,11:30,12:35,09:30,11:35,125,574,134567,6,2026-09-23T13:59:05.000Z
U25361,EJU,Berlin Brandenburg,BER,EDDB,Tivat,TIV,LYTV,,,11:55,14:00,09:55,12:00,125,634,2346,3,2026-09-24T08:57:42.000Z
U27082,EJU,Berlin Brandenburg,BER,EDDB,Malaga,AGP,LEMG,,,12:00,15:35,10:00,13:35,215,1210,26,2,2026-09-22T15:02:25.000Z
U25101,EJU,Berlin Brandenburg,BER,EDDB,Fuerteventura,FUE,GCFV,,,12:00,16:10,10:00,15:10,310,1882,26,2,2026-09-22T16:59:24.000Z
U25065,EJU,Berlin Brandenburg,BER,EDDB,Pisa (Tuscany),PSA,LIRP,,,12:05,14:00,10:05,12:00,115,536,1246,4,2026-09-24T08:57:42.000Z
U25369,EJU,Berlin Brandenburg,BER,EDDB,Hurghada,HRG,HEGN,,,12:10,17:45,10:10,14:45,275,1765,26,2,2026-09-22T16:00:05.000Z
U25536,EJU,Berlin Brandenburg,BER,EDDB,Basel,BSL,LFSB,,,12:20,13:50,10:20,11:50,90,367,3,1,2026-09-23T12:01:40.000Z
U25185,EJU,Berlin Brandenburg,BER,EDDB,Basel,BSL,LFSB,,,13:05,14:35,11:05,12:35,90,367,23457,5,2026-09-24T08:57:42.000Z
U25377,EJU,Berlin Brandenburg,BER,EDDB,Agadir,AGA,GMAD,,,13:15,16:50,11:15,15:50,275,1664,6,1,2026-09-19T17:00:09.000Z
U25315,EJU,Berlin Brandenburg,BER,EDDB,Bristol,BRS,EGGD,,,13:15,14:20,11:15,13:20,125,603,3,1,2026-08-26T14:59:35.000Z
U25079,EJU,Berlin Brandenburg,BER,EDDB,Rome Fiumicino,FCO,LIRF,,,13:15,15:25,11:15,13:25,130,636,1245,4,2026-09-22T15:02:28.000Z
U25367,EJU,Berlin Brandenburg,BER,EDDB,Cyprus Larnaca,LCA,LCLK,,,13:15,18:00,11:15,15:00,225,1357,246,3,2026-09-24T08:57:42.000Z
U25311,EJU,Berlin Brandenburg,BER,EDDB,Manchester,MAN,EGCC,,,13:15,14:15,11:15,13:15,120,574,2,1,2026-09-22T15:02:25.000Z
U25081,EJU,Berlin Brandenburg,BER,EDDB,Rome Fiumicino,FCO,LIRF,,,14:10,16:20,12:10,14:20,130,636,3457,4,2026-09-24T08:57:42.000Z
U25071,EJU,Berlin Brandenburg,BER,EDDB,Milan Linate,LIN,LIML,,,14:25,16:10,12:25,14:10,105,447,1234567,3,2026-09-24T08:57:42.000Z
U25005,EJU,Berlin Brandenburg,BER,EDDB,Corfu,CFU,LGKR,,,15:00,18:25,13:00,15:25,145,811,6,1,2026-09-19T18:59:41.000Z
U27172,EJU,Berlin Brandenburg,BER,EDDB,Barcelona,BCN,LEBL,,,15:05,17:45,13:05,15:45,160,811,1234567,5,2026-09-24T08:57:42.000Z
U25003,EJU,Berlin Brandenburg,BER,EDDB,Corfu,CFU,LGKR,,,15:05,18:30,13:05,15:30,145,811,123457,6,2026-09-24T08:57:42.000Z
U25331,EJU,Berlin Brandenburg,BER,EDDB,Porto,OPO,LPPR,,,15:10,17:35,13:10,16:35,205,1122,15,2,2026-09-21T18:00:31.000Z
U25183,EJU,Berlin Brandenburg,BER,EDDB,Geneva,GVA,LSGG,,,15:25,17:10,13:25,15:10,105,467,357,3,2026-09-23T17:00:52.000Z
U28172,EZY,Berlin Brandenburg,BER,EDDB,London Gatwick,LGW,EGKK,,,15:45,16:45,13:45,15:45,120,513,3,1,2026-08-26T17:59:43.000Z
U21924,EJU,Berlin Brandenburg,BER,EDDB,Bordeaux,BOD,LFBD,,,16:20,18:40,14:20,16:40,140,721,24,2,2026-09-24T08:57:42.000Z
U21766,EJU,Berlin Brandenburg,BER,EDDB,Nice,NCE,LFMN,,,16:50,18:55,14:50,16:55,125,580,2,1,2026-09-22T19:01:18.000Z
U25155,EJU,Berlin Brandenburg,BER,EDDB,Lyon,LYS,LFLL,,,17:00,18:50,15:00,16:50,110,517,15,2,2026-08-28T19:02:17.000Z
U25163,EJU,Berlin Brandenburg,BER,EDDB,Paris Charles de Gaulle,CDG,LFPG,,,17:05,18:55,15:05,16:55,110,462,145,3,2026-09-24T08:57:42.000Z
U25053,EJU,Berlin Brandenburg,BER,EDDB,Naples,NAP,LIRN,,,17:20,19:35,15:20,17:35,135,690,123456,6,2026-09-24T08:57:42.000Z
U25055,EJU,Berlin Brandenburg,BER,EDDB,Sardinia Olbia,OLB,LIEO,,,17:25,19:45,15:25,17:45,140,707,1234567,7,2026-09-24T08:57:42.000Z
U25017,EJU,Berlin Brandenburg,BER,EDDB,Venice Marco Polo,VCE,LIPZ,,,17:30,19:10,15:30,17:10,100,414,3,1,2026-09-23T20:01:50.000Z
U25141,EJU,Berlin Brandenburg,BER,EDDB,Bordeaux,BOD,LFBD,,,17:35,20:00,15:35,18:00,145,721,357,3,2026-09-20T20:00:35.000Z
U23162,EZY,Berlin Brandenburg,BER,EDDB,Glasgow,GLA,EGPF,,,17:40,18:50,15:40,17:50,130,663,15,2,2026-09-21T19:59:39.000Z
U23262,EZY,Berlin Brandenburg,BER,EDDB,Edinburgh,EDI,EGPH,,,17:55,19:05,15:55,18:05,130,629,124567,6,2026-09-24T08:57:42.000Z
U25145,EJU,Berlin Brandenburg,BER,EDDB,Nice,NCE,LFMN,,,18:00,20:05,16:00,18:05,125,580,1234567,5,2026-09-24T08:57:49.000Z
U25165,EJU,Berlin Brandenburg,BER,EDDB,Paris Charles de Gaulle,CDG,LFPG,,,18:00,19:50,16:00,17:50,110,462,1,1,2026-09-21T19:00:12.000Z
U28626,EJU,Berlin Brandenburg,BER,EDDB,London Gatwick,LGW,EGKK,,,18:20,19:25,16:20,18:25,125,513,123457,3,2026-09-24T08:57:42.000Z
U25075,EJU,Berlin Brandenburg,BER,EDDB,Milan Linate,LIN,LIML,,,18:35,20:15,16:35,18:15,100,447,34,1,2026-09-24T08:57:42.000Z
U25181,EJU,Berlin Brandenburg,BER,EDDB,Geneva,GVA,LSGG,,,18:45,20:30,16:45,18:30,105,467,234,3,2026-09-22T20:01:36.000Z
U25087,EJU,Berlin Brandenburg,BER,EDDB,Milan Malpensa,MXP,LIMC,,,18:50,20:35,16:50,18:35,105,446,123457,3,2026-09-24T08:57:42.000Z
U25211,EJU,Berlin Brandenburg,BER,EDDB,Pula,PUY,LDPL,,,19:00,20:30,17:00,18:30,90,449,246,3,2026-08-29T19:59:56.000Z
U25187,EJU,Berlin Brandenburg,BER,EDDB,Zurich,ZRH,LSZH,,,19:10,20:40,17:10,18:40,90,351,34567,4,2026-09-20T08:59:55.000Z
U25189,EJU,Berlin Brandenburg,BER,EDDB,Zurich,ZRH,LSZH,,,19:15,20:45,17:15,18:45,90,351,12345,4,2026-09-24T06:58:50.000Z
U21590,EZS,Berlin Brandenburg,BER,EDDB,Geneva,GVA,LSGG,,,19:15,21:00,17:15,19:00,105,467,14,2,2026-09-24T08:57:41.000Z
U25191,EJU,Berlin Brandenburg,BER,EDDB,Basel,BSL,LFSB,,,19:30,20:55,17:30,18:55,85,367,12,2,2026-09-22T20:01:36.000Z
U27336,EJU,Berlin Brandenburg,BER,EDDB,Majorca Palma,PMI,LEPA,,,19:45,22:30,17:45,20:30,165,889,123567,6,2026-09-22T21:58:58.000Z
U25424,EJU,Berlin Brandenburg,BER,EDDB,Milan Linate,LIN,LIML,,,20:15,21:55,18:15,19:55,100,447,6,1,2026-09-19T20:59:33.000Z
U25267,EJU,Berlin Brandenburg,BER,EDDB,Copenhagen,CPH,EKCH,,,20:15,21:20,18:15,19:20,65,198,123457,5,2026-09-24T08:57:42.000Z
U24634,EJU,Berlin Brandenburg,BER,EDDB,Paris Charles de Gaulle,CDG,LFPG,,,20:30,22:20,18:30,20:20,110,462,457,3,2026-09-24T08:57:42.000Z
U25752,EZY,Berlin Brandenburg,BER,EDDB,London Southend,SEN,EGMC,,,20:35,21:25,18:35,20:25,110,476,47,2,2026-09-24T08:57:42.000Z
U26622,EZY,Berlin Brandenburg,BER,EDDB,Birmingham,BHX,EGBB,,,21:30,22:35,19:30,21:35,125,558,1457,3,2026-09-21T12:00:44.000Z
U21190,EZS,Berlin Brandenburg,BER,EDDB,Basel,BSL,LFSB,,,21:30,22:55,19:30,20:55,85,367,13457,4,2026-09-23T21:59:38.000Z
U22934,EZY,Berlin Brandenburg,BER,EDDB,Bristol,BRS,EGGD,,,22:05,23:05,20:05,22:05,120,603,123457,6,2026-09-24T01:59:54.000Z
U22604,EZY,Berlin Brandenburg,BER,EDDB,London Luton,LTN,EGGW,,,22:05,22:55,20:05,21:55,110,511,14567,4,2026-09-21T12:00:52.000Z
U28468,EZY,Brest Brittany,BES,LFRB,London Gatwick,LGW,EGKK,,,10:05,10:15,08:05,09:15,70,231,37,2,2026-09-23T12:01:50.000Z
U23043,EZY,Belfast Intl,BFS,EGAA,Faro,FAO,LPFR,,,05:55,09:05,04:55,08:05,190,1062,1234567,6,2026-09-24T08:57:42.000Z
U23013,EZY,Belfast Intl,BFS,EGAA,Malaga,AGP,LEMG,,,06:00,10:15,05:00,08:15,195,1082,4567,3,2026-09-24T08:57:49.000Z
U2819,EZY,Belfast Intl,BFS,EGAA,London Gatwick,LGW,EGKK,,,06:10,07:40,05:10,06:40,90,303,1234567,5,2026-09-24T07:59:40.000Z
U23033,EZY,Belfast Intl,BFS,EGAA,Paris Charles de Gaulle,CDG,LFPG,,,06:15,09:05,05:15,07:05,110,469,234567,5,2026-09-23T09:00:43.000Z
U23009,EZY,Belfast Intl,BFS,EGAA,Menorca Mahon,MAH,LEMH,,,06:15,10:05,05:15,08:05,170,982,36,2,2026-09-23T09:59:05.000Z
U23053,EZY,Belfast Intl,BFS,EGAA,Krakow,KRK,EPKK,,,06:25,10:15,05:25,08:15,170,986,25,2,2026-09-22T10:01:19.000Z
U235,EZY,Belfast Intl,BFS,EGAA,London Stansted,STN,EGSS,,,06:40,08:05,05:40,07:05,85,285,1234567,6,2026-09-24T07:59:39.000Z
U277,EZY,Belfast Intl,BFS,EGAA,Liverpool,LPL,EGGP,,,06:55,07:50,05:55,06:50,55,143,1456,4,2026-09-24T07:59:39.000Z
U225,EZY,Belfast Intl,BFS,EGAA,Birmingham,BHX,EGBB,,,07:00,08:05,06:00,07:05,65,207,123456,2,2026-09-24T08:57:44.000Z
U267,EZY,Belfast Intl,BFS,EGAA,Newcastle,NCL,EGNT,,,07:00,07:55,06:00,06:55,55,158,1234567,2,2026-09-24T07:59:31.000Z
U215,EZY,Belfast Intl,BFS,EGAA,London Luton,LTN,EGGW,,,07:00,08:10,06:00,07:10,70,268,1237,1,2026-09-23T09:00:42.000Z
U23017,EZY,Belfast Intl,BFS,EGAA,Tenerife South,TFS,GCTS,,,07:05,11:40,06:05,10:40,275,1661,134567,5,2026-09-24T08:57:50.000Z
U289,EZY,Belfast Intl,BFS,EGAA,Manchester,MAN,EGCC,,,07:05,08:05,06:05,07:05,60,160,123457,5,2026-09-24T08:57:42.000Z
U23021,EZY,Belfast Intl,BFS,EGAA,Alicante,ALC,LEAL,,,07:30,11:30,06:30,09:30,180,1010,124,3,2026-09-24T08:57:41.000Z
U2702,EZY,Belfast Intl,BFS,EGAA,Manchester,MAN,EGCC,,,08:10,09:10,07:10,08:10,60,160,1234567,5,2026-09-24T08:57:42.000Z
U2824,EZY,Belfast Intl,BFS,EGAA,London Gatwick,LGW,EGKK,,,08:15,09:45,07:15,08:45,90,303,1234567,4,2026-09-24T08:57:42.000Z
U2324,EZY,Belfast Intl,BFS,EGAA,Edinburgh,EDI,EGPH,,,08:20,09:15,07:20,08:15,55,124,1234567,4,2026-09-24T08:57:42.000Z
U2418,EZY,Belfast Intl,BFS,EGAA,Glasgow,GLA,EGPF,,,08:20,09:05,07:20,08:05,45,95,23456,4,2026-09-24T08:57:42.000Z
U2508,EZY,Belfast Intl,BFS,EGAA,Liverpool,LPL,EGGP,,,08:20,09:10,07:20,08:10,50,143,237,3,2026-09-23T09:59:04.000Z
U2426,EZY,Belfast Intl,BFS,EGAA,Glasgow,GLA,EGPF,,,08:35,09:20,07:35,08:20,45,95,467,3,2026-09-20T10:01:03.000Z
U2224,EZY,Belfast Intl,BFS,EGAA,Bristol,BRS,EGGD,,,08:45,09:50,07:45,08:50,65,234,1234567,3,2026-09-24T08:57:42.000Z
U2630,EZY,Belfast Intl,BFS,EGAA,London Luton,LTN,EGGW,,,09:00,10:10,08:00,09:10,70,268,1234567,4,2026-09-24T08:57:42.000Z
U2502,EZY,Belfast Intl,BFS,EGAA,Liverpool,LPL,EGGP,,,09:20,10:10,08:20,09:10,50,143,27,2,2026-09-22T11:00:14.000Z
U23001,EZY,Belfast Intl,BFS,EGAA,Barcelona,BCN,LEBL,,,09:35,13:15,08:35,11:15,160,867,37,2,2026-09-23T13:02:15.000Z
U2910,EZY,Belfast Intl,BFS,EGAA,Birmingham,BHX,EGBB,,,09:35,10:40,08:35,09:40,65,207,47,2,2026-09-20T11:01:49.000Z
U23011,EZY,Belfast Intl,BFS,EGAA,Majorca Palma,PMI,LEPA,32N,A20N,09:55,13:50,08:55,11:50,175,976,1234567,6,2026-09-24T08:57:49.000Z
U23023,EZY,Belfast Intl,BFS,EGAA,Reus,REU,LERS,,,09:55,13:30,08:55,11:30,155,863,246,3,2026-09-24T08:57:42.000Z
U291,EZY,Belfast Intl,BFS,EGAA,Manchester,MAN,EGCC,,,09:55,10:55,08:55,09:55,60,160,57,2,2026-09-18T11:00:14.000Z
U217,EZY,Belfast Intl,BFS,EGAA,London Luton,LTN,EGGW,,,10:00,11:10,09:00,10:10,70,268,15,2,2026-09-21T12:00:52.000Z
U27194,EJU,Belfast Intl,BFS,EGAA,Barcelona,BCN,LEBL,,,10:15,13:55,09:15,11:55,160,867,145,3,2026-09-24T08:57:42.000Z
U23091,EZY,Belfast Intl,BFS,EGAA,Prague,PRG,LKPR,,,10:15,13:40,09:15,11:40,145,795,26,2,2026-09-22T12:58:54.000Z
U279,EZY,Belfast Intl,BFS,EGAA,Liverpool,LPL,EGGP,,,10:25,11:15,09:25,10:15,50,143,456,3,2026-09-24T08:57:42.000Z
U227,EZY,Belfast Intl,BFS,EGAA,Birmingham,BHX,EGBB,,,10:30,11:35,09:30,10:35,65,207,1234,2,2026-09-24T08:57:42.000Z
U285,EZY,Belfast Intl,BFS,EGAA,Jersey,JER,EGJJ,,,10:30,11:55,09:30,10:55,85,359,246,3,2026-09-22T11:59:53.000Z
U2141,EZY,Belfast Intl,BFS,EGAA,Southampton,SOU,EGHI,,,10:35,11:50,09:35,10:50,75,284,1567,3,2026-09-21T12:00:54.000Z
U237,EZY,Belfast Intl,BFS,EGAA,London Stansted,STN,EGSS,,,10:35,11:55,09:35,10:55,80,285,1234567,6,2026-09-24T08:57:42.000Z
U27506,EJU,Belfast Intl,BFS,EGAA,Faro,FAO,LPFR,,,10:40,13:45,09:40,12:45,185,1062,35,2,2026-09-23T13:59:03.000Z
U293,EZY,Belfast Intl,BFS,EGAA,Manchester,MAN,EGCC,,,10:55,11:55,09:55,10:55,60,160,7,1,2026-09-20T11:58:43.000Z
U23077,EZY,Belfast Intl,BFS,EGAA,Hurghada,HRG,HEGN,,,11:15,19:15,10:15,16:15,360,2398,36,2,2026-09-23T17:59:02.000Z
U2326,EZY,Belfast Intl,BFS,EGAA,Edinburgh,EDI,EGPH,,,11:55,12:50,10:55,11:50,55,124,257,3,2026-09-22T12:58:51.000Z
U2504,EZY,Belfast Intl,BFS,EGAA,Liverpool,LPL,EGGP,,,12:10,13:00,11:10,12:00,50,143,17,2,2026-09-21T13:59:29.000Z
U2632,EZY,Belfast Intl,BFS,EGAA,London Luton,LTN,EGGW,,,13:00,14:10,12:00,13:10,70,268,467,3,2026-09-24T08:57:42.000Z
U23031,EZY,Belfast Intl,BFS,EGAA,Bordeaux,BOD,LFBD,,,13:30,16:40,12:30,14:40,130,627,36,2,2026-08-29T15:59:33.000Z
U23047,EZY,Belfast Intl,BFS,EGAA,Faro,FAO,LPFR,,,13:30,16:35,12:30,15:35,185,1062,37,2,2026-08-30T17:59:28.000Z
U23025,EZY,Belfast Intl,BFS,EGAA,Gran Canaria,LPA,GCLP,,,13:35,18:05,12:35,17:05,270,1654,4,1,2026-09-24T08:57:42.000Z
U255,EZY,Belfast Intl,BFS,EGAA,Edinburgh,EDI,EGPH,,,13:45,14:40,12:45,13:40,55,124,1457,3,2026-09-18T14:59:30.000Z
U23055,EZY,Belfast Intl,BFS,EGAA,Dalaman,DLM,LTBS,,,13:50,20:30,12:50,17:30,280,1791,26,2,2026-09-22T19:01:15.000Z
U281,EZY,Belfast Intl,BFS,EGAA,Liverpool,LPL,EGGP,,,13:50,14:40,12:50,13:40,50,143,234567,5,2026-09-24T08:57:42.000Z
U23059,EZY,Belfast Intl,BFS,EGAA,Antalya,AYT,LTAI,,,13:55,20:40,12:55,17:40,285,1848,37,1,2026-09-23T19:00:05.000Z
U2424,EZY,Belfast Intl,BFS,EGAA,Glasgow,GLA,EGPF,,,13:55,14:40,12:55,13:40,45,95,12467,5,2026-09-24T08:57:42.000Z
U269,EZY,Belfast Intl,BFS,EGAA,Newcastle,NCL,EGNT,,,13:55,14:50,12:55,13:50,55,158,123457,6,2026-09-23T14:59:36.000Z
U23067,EZY,Belfast Intl,BFS,EGAA,Cyprus Larnaca,LCA,LCLK,,,13:55,21:00,12:55,18:00,305,2030,147,1,2026-09-24T08:57:42.000Z
U273,EZY,Belfast Intl,BFS,EGAA,Newcastle,NCL,EGNT,,,14:05,15:00,13:05,14:00,55,158,1234567,7,2026-09-24T08:57:42.000Z
U23071,EZY,Belfast Intl,BFS,EGAA,Enfidha - Hammamet,NBE,DTNH,,,14:05,17:50,13:05,16:50,225,1311,26,2,2026-09-22T18:02:40.000Z
U23057,EZY,Belfast Intl,BFS,EGAA,Corfu,CFU,LGKR,,,14:10,20:00,13:10,17:00,230,1384,247,3,2026-09-24T08:57:42.000Z
U2422,EZY,Belfast Intl,BFS,EGAA,Glasgow,GLA,EGPF,,,14:20,15:05,13:20,14:05,45,95,2356,4,2026-09-23T16:00:47.000Z
U24642,EJU,Belfast Intl,BFS,EGAA,Paris Charles de Gaulle,CDG,LFPG,,,14:25,17:15,13:25,15:15,110,469,14,2,2026-09-24T08:57:42.000Z
U23027,EZY,Belfast Intl,BFS,EGAA,Fuerteventura,FUE,GCFV,,,14:25,18:50,13:25,17:50,265,1608,1,1,2026-09-21T19:00:08.000Z
U23019,EZY,Belfast Intl,BFS,EGAA,Lanzarote,ACE,GCRR,,,14:45,19:10,13:45,18:10,265,1577,15,2,2026-09-21T19:59:40.000Z
U2226,EZY,Belfast Intl,BFS,EGAA,Bristol,BRS,EGGD,,,14:45,15:55,13:45,14:55,70,234,1256,4,2026-09-19T17:00:10.000Z
U249,EZY,Belfast Intl,BFS,EGAA,Leeds Bradford,LBA,EGNM,,,14:55,15:55,13:55,14:55,60,167,7,1,2026-09-20T18:00:28.000Z
U22671,EZY,Belfast Intl,BFS,EGAA,Malaga,AGP,LEMG,,,15:05,19:15,14:05,17:15,190,1082,123,2,2026-09-23T19:00:10.000Z
U23015,EZY,Belfast Intl,BFS,EGAA,Malaga,AGP,LEMG,,,15:25,19:35,14:25,17:35,190,1082,123456,6,2026-09-24T08:57:42.000Z
U23061,EZY,Belfast Intl,BFS,EGAA,Rhodes,RHO,LGRP,,,15:25,22:05,14:25,19:05,280,1783,26,2,2026-09-22T20:59:13.000Z
U2330,EZY,Belfast Intl,BFS,EGAA,Edinburgh,EDI,EGPH,,,15:35,16:30,14:35,15:30,55,124,123467,6,2026-09-24T08:57:42.000Z
U2710,EZY,Belfast Intl,BFS,EGAA,Manchester,MAN,EGCC,,,15:50,16:50,14:50,15:50,60,160,14,2,2026-09-24T08:57:42.000Z
U2634,EZY,Belfast Intl,BFS,EGAA,London Luton,LTN,EGGW,,,15:55,17:05,14:55,16:05,70,268,234,3,2026-09-24T08:57:42.000Z
U2828,EZY,Belfast Intl,BFS,EGAA,London Gatwick,LGW,EGKK,,,16:00,17:30,15:00,16:30,90,303,125,3,2026-09-22T18:02:41.000Z
U2706,EZY,Belfast Intl,BFS,EGAA,Manchester,MAN,EGCC,,,16:05,17:05,15:05,16:05,60,160,257,3,2026-09-22T18:02:41.000Z
U2510,EZY,Belfast Intl,BFS,EGAA,Liverpool,LPL,EGGP,,,16:10,17:00,15:10,16:00,50,143,1347,4,2026-09-23T17:59:03.000Z
U2228,EZY,Belfast Intl,BFS,EGAA,Bristol,BRS,EGGD,,,16:10,17:20,15:10,16:20,70,234,1345,4,2026-09-24T08:57:42.000Z
U241,EZY,Belfast Intl,BFS,EGAA,London Stansted,STN,EGSS,,,16:20,17:35,15:20,16:35,75,285,1345,4,2026-09-23T19:00:10.000Z
U231,EZY,Belfast Intl,BFS,EGAA,Birmingham,BHX,EGBB,,,16:35,17:40,15:35,16:40,65,207,1235,4,2026-09-23T18:01:20.000Z
U2906,EZY,Belfast Intl,BFS,EGAA,Birmingham,BHX,EGBB,,,16:40,17:45,15:40,16:45,65,207,467,3,2026-09-24T08:57:42.000Z
U23045,EZY,Belfast Intl,BFS,EGAA,Faro,FAO,LPFR,,,16:45,19:50,15:45,18:50,185,1062,1234567,6,2026-09-24T08:57:42.000Z
U253,EZY,Belfast Intl,BFS,EGAA,Glasgow,GLA,EGPF,,,16:50,17:35,15:50,16:35,45,95,157,3,2026-09-21T18:00:31.000Z
U229,EZY,Belfast Intl,BFS,EGAA,Birmingham,BHX,EGBB,,,17:00,18:05,16:00,17:05,65,207,1357,4,2026-09-20T19:02:13.000Z
U23035,EZY,Belfast Intl,BFS,EGAA,Nice,NCE,LFMN,,,17:10,20:50,16:10,18:50,160,842,246,3,2026-08-29T20:59:33.000Z
U2826,EZY,Belfast Intl,BFS,EGAA,London Gatwick,LGW,EGKK,,,17:15,18:45,16:15,17:45,90,303,7,1,2026-09-20T18:59:10.000Z
U23003,EZY,Belfast Intl,BFS,EGAA,Ibiza,IBZ,LEIB,,,17:25,21:25,16:25,19:25,180,996,36,2,2026-09-23T20:58:58.000Z
U2420,EZY,Belfast Intl,BFS,EGAA,Glasgow,GLA,EGPF,,,17:40,18:25,16:40,17:25,45,95,1245,4,2026-09-24T08:57:42.000Z
U251,EZY,Belfast Intl,BFS,EGAA,Glasgow,GLA,EGPF,,,17:40,18:25,16:40,17:25,45,95,1357,4,2026-09-23T19:00:08.000Z
U247,EZY,Belfast Intl,BFS,EGAA,Leeds Bradford,LBA,EGNM,,,17:55,18:50,16:55,17:50,55,167,145,3,2026-09-24T08:57:42.000Z
U257,EZY,Belfast Intl,BFS,EGAA,Edinburgh,EDI,EGPH,,,17:55,18:50,16:55,17:50,55,124,147,3,2026-09-20T19:02:13.000Z
U2206,EZY,Belfast Intl,BFS,EGAA,Bristol,BRS,EGGD,,,18:00,19:10,17:00,18:10,70,234,7,1,2026-09-20T19:58:06.000Z
U2328,EZY,Belfast Intl,BFS,EGAA,Edinburgh,EDI,EGPH,,,18:00,18:55,17:00,17:55,55,124,12345,5,2026-09-24T08:57:42.000Z
U23051,EZY,Belfast Intl,BFS,EGAA,Amsterdam,AMS,EHAM,,,18:25,21:00,17:25,19:00,95,416,1457,4,2026-09-24T08:57:42.000Z
U2821,EZY,Belfast Intl,BFS,EGAA,London Gatwick,LGW,EGKK,,,18:40,20:10,17:40,19:10,90,303,237,2,2026-09-20T22:00:44.000Z
U2512,EZY,Belfast Intl,BFS,EGAA,Liverpool,LPL,EGGP,,,19:10,20:00,18:10,19:00,50,143,123457,6,2026-09-23T20:58:59.000Z
U2137,EZY,Belfast Intl,BFS,EGAA,Bristol,BRS,EGGD,,,19:40,20:50,18:40,19:50,70,234,17,2,2026-09-21T21:00:58.000Z
U27338,EJU,Belfast Intl,BFS,EGAA,Majorca Palma,PMI,LEPA,,,20:05,23:55,19:05,21:55,170,976,5,1,2026-08-29T03:00:22.000Z
U243,EZY,Belfast Intl,BFS,EGAA,London Stansted,STN,EGSS,,,20:10,21:25,19:10,20:25,75,285,12457,5,2026-09-22T21:58:56.000Z
U221,EZY,Belfast Intl,BFS,EGAA,London Luton,LTN,EGGW,,,20:15,21:25,19:15,20:25,70,268,1357,3,2026-09-23T21:59:43.000Z
U25506,EJU,Belfast Intl,BFS,EGAA,Alicante,ALC,LEAL,,,20:20,00:15,19:20,22:15,175,1010,23567,5,2026-09-24T00:01:27.000Z
U233,EZY,Belfast Intl,BFS,EGAA,Birmingham,BHX,EGBB,,,20:20,21:25,19:20,20:25,65,207,1357,4,2026-09-23T21:59:39.000Z
U259,EZY,Belfast Intl,BFS,EGAA,Edinburgh,EDI,EGPH,,,20:30,21:25,19:30,20:25,55,124,1345,4,2026-09-23T21:59:43.000Z
U2832,EZY,Belfast Intl,BFS,EGAA,London Gatwick,LGW,EGKK,,,20:55,22:25,19:55,21:25,90,303,123457,5,2026-09-23T17:00:57.000Z
U283,EZY,Belfast Intl,BFS,EGAA,Liverpool,LPL,EGGP,,,21:00,21:50,20:00,20:50,50,143,3,1,2026-08-26T21:59:32.000Z
U27258,EJU,Belfast Intl,BFS,EGAA,Majorca Palma,PMI,LEPA,,,21:05,00:55,20:05,22:55,170,976,23457,4,2026-09-24T00:59:26.000Z
U27332,EJU,Belfast Intl,BFS,EGAA,Majorca Palma,PMI,LEPA,,,21:05,00:55,20:05,22:55,170,976,1,1,2026-09-22T00:59:00.000Z
U27374,EJU,Belfast Intl,BFS,EGAA,Majorca Palma,PMI,LEPA,,,21:05,00:55,20:05,22:55,170,976,6,1,2026-09-13T00:59:43.000Z
U25508,EJU,Belfast Intl,BFS,EGAA,Alicante,ALC,LEAL,,,21:10,01:10,20:10,23:10,180,1010,4,1,2026-09-18T02:00:34.000Z
U2834,EZY,Belfast Intl,BFS,EGAA,London Gatwick,LGW,EGKK,,,21:10,22:35,20:10,21:35,85,303,345,2,2026-09-23T23:59:05.000Z
U2230,EZY,Belfast Intl,BFS,EGAA,Bristol,BRS,EGGD,,,21:45,22:55,20:45,21:55,70,234,123457,4,2026-09-24T00:01:27.000Z
U2636,EZY,Belfast Intl,BFS,EGAA,London Luton,LTN,EGGW,,,22:10,23:20,21:10,22:20,70,268,457,3,2026-09-21T00:58:46.000Z
U2708,EZY,Belfast Intl,BFS,EGAA,Manchester,MAN,EGCC,,,22:10,23:05,21:10,22:05,55,160,1234567,6,2026-09-24T01:01:38.000Z
U2894,EZY,Belfast City (George Best),BHD,EGAC,London Gatwick,LGW,EGKK,,,07:00,08:30,06:00,07:30,90,293,1234567,1,2026-09-24T08:57:48.000Z
U27364,EJU,Belfast City (George Best),BHD,EGAC,Majorca Palma,PMI,LEPA,,,09:40,13:30,08:40,11:30,170,969,14,1,2026-09-24T08:57:46.000Z
U2626,EZY,Belfast City (George Best),BHD,EGAC,London Luton,LTN,EGGW,,,11:45,13:00,10:45,12:00,75,257,247,3,2026-09-24T08:57:46.000Z
U2532,EZY,Belfast City (George Best),BHD,EGAC,Liverpool,LPL,EGGP,,,11:50,12:40,10:50,11:40,50,132,13456,5,2026-09-24T08:57:46.000Z
U2322,EZY,Belfast City (George Best),BHD,EGAC,Edinburgh,EDI,EGPH,,,12:10,13:00,11:10,12:00,50,117,1234567,4,2026-09-24T08:57:46.000Z
U2802,EZY,Belfast City (George Best),BHD,EGAC,London Gatwick,LGW,EGKK,,,14:20,15:50,13:20,14:50,90,293,1234567,3,2026-09-24T08:57:46.000Z
U2473,EZY,Belfast City (George Best),BHD,EGAC,Glasgow,GLA,EGPF,,,15:00,15:45,14:00,14:45,45,90,1234567,6,2026-09-24T08:57:46.000Z
U2646,EZY,Belfast City (George Best),BHD,EGAC,London Luton,LTN,EGGW,,,15:25,16:35,14:25,15:35,70,257,123457,6,2026-09-24T08:57:46.000Z
U2722,EZY,Belfast City (George Best),BHD,EGAC,Manchester,MAN,EGCC,,,16:00,16:55,15:00,15:55,55,148,1234567,7,2026-09-24T08:57:46.000Z
U2534,EZY,Belfast City (George Best),BHD,EGAC,Liverpool,LPL,EGGP,,,16:45,17:35,15:45,16:35,50,132,7,1,2026-09-20T18:00:28.000Z
U2766,EZY,Belfast City (George Best),BHD,EGAC,London Gatwick,LGW,EGKK,,,17:10,18:35,16:10,17:35,85,293,47,2,2026-08-30T19:01:44.000Z
U2262,EZY,Belfast City (George Best),BHD,EGAC,Bristol,BRS,EGGD,,,17:25,18:35,16:25,17:35,70,225,57,2,2026-09-20T19:02:13.000Z
U2804,EZY,Belfast City (George Best),BHD,EGAC,London Gatwick,LGW,EGKK,,,18:50,20:15,17:50,19:15,85,293,1234567,7,2026-09-23T20:59:01.000Z
U26603,EZY,Birmingham,BHX,EGBB,Alicante,ALC,LEAL,,,06:05,09:50,05:05,07:50,165,852,2346,3,2026-09-24T08:57:41.000Z
U26677,EZY,Birmingham,BHX,EGBB,Malta,MLA,LMML,,,06:10,10:25,05:10,08:25,195,1212,26,2,2026-09-22T10:01:20.000Z
U26669,EZY,Birmingham,BHX,EGBB,Prague,PRG,LKPR,,,06:30,09:30,05:30,07:30,120,616,36,2,2026-09-23T09:00:43.000Z
U2927,EZY,Birmingham,BHX,EGBB,Jersey,JER,EGJJ,,,06:40,07:45,05:40,06:45,65,196,26,2,2026-09-22T07:59:23.000Z
U26649,EZY,Birmingham,BHX,EGBB,Geneva,GVA,LSGG,,,06:45,09:25,05:45,07:25,100,483,37,2,2026-09-23T09:00:35.000Z
U26681,EZY,Birmingham,BHX,EGBB,Rome Fiumicino,FCO,LIRF,,,06:55,10:30,05:55,08:30,155,855,1457,3,2026-09-24T08:57:48.000Z
U26637,EZY,Birmingham,BHX,EGBB,Dalaman,DLM,LTBS,,,07:00,13:15,06:00,10:15,255,1593,246,3,2026-09-24T08:57:45.000Z
U26671,EZY,Birmingham,BHX,EGBB,Gibraltar,GIB,LXGB,,,07:00,11:00,06:00,09:00,180,991,47,1,2026-09-24T08:57:46.000Z
U26605,EZY,Birmingham,BHX,EGBB,Paris Charles de Gaulle,CDG,LFPG,,,07:00,09:25,06:00,07:25,85,264,1234567,6,2026-09-24T08:57:43.000Z
U26627,EZY,Birmingham,BHX,EGBB,Malaga,AGP,LEMG,,,07:40,11:40,06:40,09:40,180,954,1247,4,2026-09-24T08:57:49.000Z
U26629,EZY,Birmingham,BHX,EGBB,Majorca Palma,PMI,LEPA,,,07:40,11:10,06:40,09:10,150,797,26,2,2026-09-22T11:00:16.000Z
U2909,EZY,Birmingham,BHX,EGBB,Belfast Intl,BFS,EGAA,,,07:55,09:00,06:55,08:00,65,207,47,2,2026-09-20T10:01:00.000Z
U26615,EZY,Birmingham,BHX,EGBB,Crete Heraklion,HER,LGIR,,,07:55,14:00,06:55,11:00,245,1537,36,2,2026-09-23T12:59:25.000Z
U27842,EJU,Birmingham,BHX,EGBB,Amsterdam,AMS,EHAM,,,08:10,10:25,07:10,08:25,75,239,15,2,2026-09-21T11:01:00.000Z
U24692,EJU,Birmingham,BHX,EGBB,Paris Charles de Gaulle,CDG,LFPG,,,08:15,10:40,07:15,08:40,85,264,34,2,2026-09-24T08:57:43.000Z
U26613,EZY,Birmingham,BHX,EGBB,Corfu,CFU,LGKR,,,08:15,13:35,07:15,10:35,200,1180,37,2,2026-09-23T12:01:44.000Z
U226,EZY,Birmingham,BHX,EGBB,Belfast Intl,BFS,EGAA,,,08:35,09:40,07:35,08:40,65,207,123456,3,2026-09-24T08:57:43.000Z
U2428,EZY,Birmingham,BHX,EGBB,Glasgow,GLA,EGPF,,,08:40,09:45,07:40,08:45,65,226,1234567,5,2026-09-24T08:57:43.000Z
U2332,EZY,Birmingham,BHX,EGBB,Edinburgh,EDI,EGPH,,,08:45,09:55,07:45,08:55,70,218,1234567,6,2026-09-24T08:57:43.000Z
U27030,EJU,Birmingham,BHX,EGBB,Malaga,AGP,LEMG,,,09:05,13:05,08:05,11:05,180,954,3,1,2026-09-23T12:59:26.000Z
U27254,EJU,Birmingham,BHX,EGBB,Majorca Palma,PMI,LEPA,,,09:25,12:50,08:25,10:50,145,797,1356,4,2026-09-21T15:00:23.000Z
U27702,EJU,Birmingham,BHX,EGBB,Lisbon,LIS,LPPT,,,10:50,13:40,09:50,12:40,170,876,246,3,2026-09-24T08:57:43.000Z
U2929,EZY,Birmingham,BHX,EGBB,Inverness,INV,EGPE,,,10:50,12:20,09:50,11:20,90,316,15,2,2026-09-21T13:59:28.000Z
U21572,EZS,Birmingham,BHX,EGBB,Geneva,GVA,LSGG,,,11:45,14:25,10:45,12:25,100,483,15,1,2026-09-21T14:02:02.000Z
U228,EZY,Birmingham,BHX,EGBB,Belfast Intl,BFS,EGAA,,,12:05,13:10,11:05,12:10,65,207,1234,3,2026-09-24T08:57:43.000Z
U26689,EZY,Birmingham,BHX,EGBB,Hurghada,HRG,HEGN,,,12:05,19:30,11:05,16:30,325,2195,37,2,2026-09-23T17:59:02.000Z
U26609,EZY,Birmingham,BHX,EGBB,Cyprus Larnaca,LCA,LCLK,,,12:10,19:00,11:10,16:00,290,1835,37,2,2026-09-23T17:59:03.000Z
U2901,EZY,Birmingham,BHX,EGBB,Derry - Londonderry,LDY,EGAE,,,12:50,14:15,11:50,13:15,85,247,15,2,2026-09-21T15:00:18.000Z
U26607,EZY,Birmingham,BHX,EGBB,Tenerife South,TFS,GCTS,,,13:10,17:45,12:10,16:45,275,1608,1345,3,2026-09-23T19:00:12.000Z
U26631,EZY,Birmingham,BHX,EGBB,Sharm El Sheikh,SSH,HESH,,,13:10,20:45,12:10,17:45,335,2176,246,3,2026-09-24T08:57:43.000Z
U26625,EZY,Birmingham,BHX,EGBB,Kos,KGS,LGKO,,,13:25,19:25,12:25,16:25,240,1533,5,1,2026-09-18T18:01:02.000Z
U26645,EZY,Birmingham,BHX,EGBB,Lanzarote,ACE,GCRR,,,13:45,17:55,12:45,16:55,250,1507,26,2,2026-09-22T18:02:42.000Z
U26635,EZY,Birmingham,BHX,EGBB,Rhodes,RHO,LGRP,,,13:55,20:10,12:55,17:10,255,1583,246,3,2026-09-22T19:01:17.000Z
U26657,EZY,Birmingham,BHX,EGBB,Nice,NCE,LFMN,,,14:05,17:05,13:05,15:05,120,638,15,2,2026-09-21T17:00:18.000Z
U26611,EZY,Birmingham,BHX,EGBB,Fuerteventura,FUE,GCFV,,,14:10,18:35,13:10,17:35,265,1539,14,2,2026-09-24T08:57:43.000Z
U26633,EZY,Birmingham,BHX,EGBB,Antalya,AYT,LTAI,,,14:30,20:55,13:30,17:55,265,1652,135,3,2026-09-23T19:00:05.000Z
U26675,EZY,Birmingham,BHX,EGBB,Gran Canaria,LPA,GCLP,,,15:00,19:25,14:00,18:25,265,1593,15,2,2026-09-21T22:01:20.000Z
U2905,EZY,Birmingham,BHX,EGBB,Belfast Intl,BFS,EGAA,,,15:05,16:10,14:05,15:10,65,207,467,3,2026-09-24T08:57:43.000Z
U2917,EZY,Birmingham,BHX,EGBB,Edinburgh,EDI,EGPH,,,15:10,16:20,14:10,15:20,70,218,14,2,2026-09-24T08:57:43.000Z
U26667,EZY,Birmingham,BHX,EGBB,Marrakech,RAK,GMMX,,,15:30,18:10,14:30,18:10,220,1282,26,2,2026-09-22T20:01:42.000Z
U27844,EJU,Birmingham,BHX,EGBB,Amsterdam,AMS,EHAM,,,15:35,17:50,14:35,15:50,75,239,1234567,5,2026-09-24T08:57:43.000Z
U26647,EZY,Birmingham,BHX,EGBB,Bordeaux,BOD,LFBD,,,15:40,18:20,14:40,16:20,100,460,47,2,2026-09-24T08:57:43.000Z
U26617,EZY,Birmingham,BHX,EGBB,Enfidha - Hammamet,NBE,DTNH,,,16:25,19:35,15:25,18:35,190,1111,247,2,2026-09-24T08:57:46.000Z
U26601,EZY,Birmingham,BHX,EGBB,Faro,FAO,LPFR,,,17:00,19:55,16:00,18:55,175,963,13567,5,2026-09-23T19:59:16.000Z
U26679,EZY,Birmingham,BHX,EGBB,Milan Linate,LIN,LIML,,,17:20,20:15,16:20,18:15,115,604,15,1,2026-09-21T19:59:41.000Z
U26619,EZY,Birmingham,BHX,EGBB,Barcelona,BCN,LEBL,,,18:00,21:15,17:00,19:15,135,688,135,2,2026-09-23T21:02:40.000Z
U26621,EZY,Birmingham,BHX,EGBB,Berlin Brandenburg,BER,EDDB,,,18:00,20:50,17:00,18:50,110,558,1457,3,2026-09-24T08:57:43.000Z
U232,EZY,Birmingham,BHX,EGBB,Belfast Intl,BFS,EGAA,,,18:15,19:20,17:15,18:20,65,207,1235,3,2026-09-23T20:01:50.000Z
U230,EZY,Birmingham,BHX,EGBB,Belfast Intl,BFS,EGAA,,,18:35,19:40,17:35,18:40,65,207,1357,4,2026-09-20T20:00:34.000Z
U26655,EZY,Birmingham,BHX,EGBB,Amsterdam,AMS,EHAM,,,18:40,20:55,17:40,18:55,75,239,467,3,2026-09-24T08:57:42.000Z
U2334,EZY,Birmingham,BHX,EGBB,Edinburgh,EDI,EGPH,,,18:50,19:55,17:50,18:55,65,218,27,2,2026-09-22T20:01:38.000Z
U26623,EZY,Birmingham,BHX,EGBB,Paris Charles de Gaulle,CDG,LFPG,,,19:30,21:55,18:30,19:55,85,264,15,2,2026-09-21T21:01:04.000Z
U2430,EZY,Birmingham,BHX,EGBB,Glasgow,GLA,EGPF,,,20:00,21:05,19:00,20:05,65,226,23,2,2026-09-22T23:00:51.000Z
U27292,EJU,Birmingham,BHX,EGBB,Majorca Palma,PMI,LEPA,,,20:05,23:35,19:05,21:35,150,797,47,2,2026-09-20T22:58:38.000Z
U2921,EZY,Birmingham,BHX,EGBB,Edinburgh,EDI,EGPH,,,20:10,21:15,19:10,20:15,65,218,5,1,2026-09-18T21:59:32.000Z
U2336,EZY,Birmingham,BHX,EGBB,Edinburgh,EDI,EGPH,,,21:15,22:20,20:15,21:20,65,218,123457,5,2026-09-23T21:02:43.000Z
U2432,EZY,Birmingham,BHX,EGBB,Glasgow,GLA,EGPF,,,21:35,22:40,20:35,21:40,65,226,13457,4,2026-09-23T22:59:14.000Z
U25562,EJU,Birmingham,BHX,EGBB,Alicante,ALC,LEAL,,,21:45,01:30,20:45,23:30,165,852,15,2,2026-09-22T01:01:49.000Z
U234,EZY,Birmingham,BHX,EGBB,Belfast Intl,BFS,EGAA,,,21:55,23:00,20:55,22:00,65,207,1357,4,2026-09-24T00:01:27.000Z
U21834,EJU,"Bastia, Corsica",BIA,LFKB,Bordeaux,BOD,LFBD,,,08:05,09:45,06:05,07:45,100,463,6,1,2026-09-19T11:02:18.000Z
U21074,EZS,"Bastia, Corsica",BIA,LFKB,Basel,BSL,LFSB,,,09:50,11:15,07:50,09:15,85,314,36,2,2026-09-23T09:00:34.000Z
U28462,EZY,"Bastia, Corsica",BIA,LFKB,London Gatwick,LGW,EGKK,,,10:15,11:35,08:15,10:35,140,650,246,3,2026-09-22T11:59:56.000Z
U21082,EZS,"Bastia, Corsica",BIA,LFKB,Basel,BSL,LFSB,,,12:25,13:50,10:25,11:50,85,314,6,1,2026-08-29T12:00:47.000Z
U21384,EZS,"Bastia, Corsica",BIA,LFKB,Geneva,GVA,LSGG,,,13:25,14:35,11:25,12:35,70,264,1367,4,2026-09-23T14:01:10.000Z
U24320,EJU,"Bastia, Corsica",BIA,LFKB,Lyon,LYS,LFLL,,,15:40,16:50,13:40,14:50,70,269,13457,5,2026-09-24T08:57:40.000Z
U27568,EJU,"Bastia, Corsica",BIA,LFKB,Basel,BSL,LFSB,,,18:45,20:05,16:45,18:05,80,314,2,1,2026-08-25T18:01:25.000Z
U27462,EJU,"Bastia, Corsica",BIA,LFKB,Lyon,LYS,LFLL,,,18:50,20:00,16:50,18:00,70,269,6,1,2026-09-19T19:59:07.000Z
U24322,EJU,"Bastia, Corsica",BIA,LFKB,Lyon,LYS,LFLL,,,23:05,00:15,21:05,22:15,70,269,7,1,2026-08-31T00:00:06.000Z
U21066,EZS,Bilbao,BIO,LEBB,Basel,BSL,LFSB,,,09:45,11:25,07:45,09:25,100,509,25,2,2026-09-22T09:00:59.000Z
U23722,EJU,Bilbao,BIO,LEBB,Milan Malpensa,MXP,LIMC,,,10:15,12:00,08:15,10:00,105,517,1246,4,2026-09-24T08:57:42.000Z
U22006,EZY,Bilbao,BIO,LEBB,Manchester,MAN,EGCC,,,11:50,12:55,09:50,11:55,125,604,123457,6,2026-09-24T08:57:42.000Z
U21368,EZS,Bilbao,BIO,LEBB,Geneva,GVA,LSGG,,,15:25,17:00,13:25,15:00,95,423,15,2,2026-09-21T17:00:11.000Z
U22738,EZY,Bilbao,BIO,LEBB,Bristol,BRS,EGGD,,,16:50,17:35,14:50,16:35,105,485,247,3,2026-09-24T08:57:42.000Z
U23732,EJU,Bilbao,BIO,LEBB,Milan Malpensa,MXP,LIMC,32N,A20N,18:05,19:50,16:05,17:50,105,517,123457,6,2026-09-24T08:57:42.000Z
U21068,EZS,Biarritz,BIQ,LFBZ,Basel,BSL,LFSB,,,08:10,09:45,06:10,07:45,95,454,36,2,2026-09-23T08:01:00.000Z
U28398,EZY,Biarritz,BIQ,LFBZ,London Gatwick,LGW,EGKK,,,09:30,10:20,07:30,09:20,110,464,1467,3,2026-09-19T11:02:23.000Z
U23830,EJU,Biarritz,BIQ,LFBZ,Milan Malpensa,MXP,LIMC,,,13:25,15:00,11:25,13:00,95,457,15,2,2026-09-21T15:00:23.000Z
U21610,EJU,Biarritz,BIQ,LFBZ,Nice,NCE,LFMN,,,16:20,17:45,14:20,15:45,85,380,135,3,2026-09-21T18:00:34.000Z
U24316,EJU,Biarritz,BIQ,LFBZ,Lyon,LYS,LFLL,,,16:40,17:55,14:40,15:55,75,313,12457,5,2026-09-24T08:57:42.000Z
U24318,EJU,Biarritz,BIQ,LFBZ,Nice,NCE,LFMN,,,17:45,19:05,15:45,17:05,80,380,1,1,2026-08-24T19:00:03.000Z
U28400,EZY,Biarritz,BIQ,LFBZ,London Gatwick,LGW,EGKK,,,21:40,22:35,19:40,21:35,115,464,2356,4,2026-09-22T23:00:53.000Z
U28576,EZY,Bodrum,BJV,LTFE,London Gatwick,LGW,EGKK,,,01:05,03:10,22:05,02:10,245,1447,1,1,2026-09-21T03:59:00.000Z
U23408,EZY,Bodrum,BJV,LTFE,Liverpool,LPL,EGGP,,,13:20,15:50,10:20,14:50,270,1590,37,2,2026-09-23T16:00:49.000Z
U22554,EZY,Bodrum,BJV,LTFE,London Luton,LTN,EGGW,,,14:05,16:20,11:05,15:20,255,1471,256,3,2026-09-22T16:59:25.000Z
U28552,EZY,Bodrum,BJV,LTFE,London Gatwick,LGW,EGKK,,,14:25,16:45,11:25,15:45,260,1447,12345,4,2026-09-24T08:57:43.000Z
U22854,EZY,Bodrum,BJV,LTFE,Bristol,BRS,EGGD,,,20:35,22:55,17:35,21:55,260,1540,247,3,2026-09-22T23:00:48.000Z
U28574,EZY,Bodrum,BJV,LTFE,London Gatwick,LGW,EGKK,,,20:35,22:45,17:35,21:45,250,1447,267,3,2026-09-20T23:59:23.000Z
U28554,EZY,Bodrum,BJV,LTFE,London Gatwick,LGW,EGKK,,,20:55,23:10,17:55,22:10,255,1447,2347,2,2026-09-24T08:57:43.000Z
U22560,EZY,Bodrum,BJV,LTFE,London Luton,LTN,EGGW,,,23:05,01:15,20:05,00:15,250,1471,1,1,2026-09-22T01:59:59.000Z
U22158,EZY,Bodrum,BJV,LTFE,Manchester,MAN,EGCC,,,23:40,02:10,20:40,01:10,270,1572,2,1,2026-09-23T03:58:56.000Z
U22156,EZY,Bodrum,BJV,LTFE,Manchester,MAN,EGCC,,,23:45,02:15,20:45,01:15,270,1572,6,1,2026-09-20T05:00:34.000Z
U21833,EJU,Bordeaux,BOD,LFBD,"Bastia, Corsica",BIA,LFKB,,,06:00,07:35,04:00,05:35,95,463,6,1,2026-09-19T07:00:30.000Z
U21905,EJU,Bordeaux,BOD,LFBD,Marrakech,RAK,GMMX,,,06:00,06:40,04:00,06:40,160,865,124567,2,2026-09-24T07:59:40.000Z
U21885,EJU,Bordeaux,BOD,LFBD,Athens,ATH,LGAV,,,06:05,10:20,04:05,07:20,195,1180,37,2,2026-09-23T09:00:37.000Z
U21851,EJU,Bordeaux,BOD,LFBD,Tenerife South,TFS,GCTS,,,06:10,08:50,04:10,07:50,220,1261,2467,3,2026-09-24T08:57:50.000Z
U21829,EJU,Bordeaux,BOD,LFBD,Nice,NCE,LFMN,,,06:30,07:55,04:30,05:55,85,348,5,1,2026-08-28T07:00:00.000Z
U21815,EJU,Bordeaux,BOD,LFBD,Lyon,LYS,LFLL,,,07:00,08:10,05:00,06:10,70,251,124567,4,2026-09-24T06:58:48.000Z
U28382,EJU,Bordeaux,BOD,LFBD,London Gatwick,LGW,EGKK,,,07:00,07:45,05:00,06:45,105,380,123456,2,2026-09-24T07:59:40.000Z
U21803,EJU,Bordeaux,BOD,LFBD,Marseille Provence,MRS,LFML,,,07:05,08:15,05:05,06:15,70,269,12345,3,2026-09-24T08:57:43.000Z
U21901,EJU,Bordeaux,BOD,LFBD,Dubrovnik,DBV,LDDU,,,07:10,09:35,05:10,07:35,145,833,15,2,2026-08-28T09:00:12.000Z
U21618,EJU,Bordeaux,BOD,LFBD,Nice,NCE,LFMN,,,07:55,09:20,05:55,07:20,85,348,12346,4,2026-09-24T08:57:49.000Z
U21903,EJU,Bordeaux,BOD,LFBD,Rabat Sale Airport,RBA,GMME,,,08:25,08:45,06:25,08:45,140,704,37,2,2026-09-23T09:59:05.000Z
U21390,EZS,Bordeaux,BOD,LFBD,Geneva,GVA,LSGG,,,08:55,10:15,06:55,08:15,80,299,23457,4,2026-09-24T08:57:41.000Z
U24310,EJU,Bordeaux,BOD,LFBD,Lyon,LYS,LFLL,,,09:05,10:15,07:05,08:15,70,251,135,3,2026-09-23T09:59:04.000Z
U21865,EJU,Bordeaux,BOD,LFBD,Lanzarote,ACE,GCRR,,,10:35,12:55,08:35,11:55,200,1134,2,1,2026-09-22T12:58:53.000Z
U22424,EZY,Bordeaux,BOD,LFBD,London Luton,LTN,EGGW,,,10:35,11:15,08:35,10:15,100,423,1234567,7,2026-09-24T08:57:43.000Z
U21825,EJU,Bordeaux,BOD,LFBD,Nice,NCE,LFMN,,,10:35,12:00,08:35,10:00,85,348,12345,3,2026-09-22T11:59:56.000Z
U21909,EJU,Bordeaux,BOD,LFBD,Basel,BSL,LFSB,,,10:40,12:10,08:40,10:10,90,380,3,1,2026-09-23T10:01:42.000Z
U21853,EJU,Bordeaux,BOD,LFBD,Ibiza,IBZ,LEIB,,,10:45,12:20,08:45,10:20,95,370,267,3,2026-08-30T11:59:59.000Z
U26004,EJU,Bordeaux,BOD,LFBD,Marrakech,RAK,GMMX,,,11:30,12:10,09:30,12:10,160,865,3,1,2026-09-23T13:59:05.000Z
U21817,EJU,Bordeaux,BOD,LFBD,Lyon,LYS,LFLL,,,11:35,12:45,09:35,10:45,70,251,2347,2,2026-09-23T12:01:50.000Z
U21805,EJU,Bordeaux,BOD,LFBD,Marseille Provence,MRS,LFML,,,11:35,12:45,09:35,10:45,70,269,1457,4,2026-09-24T08:57:43.000Z
U21070,EZS,Bordeaux,BOD,LFBD,Basel,BSL,LFSB,,,11:55,13:25,09:55,11:25,90,380,15,2,2026-09-21T11:01:03.000Z
U21608,EJU,Bordeaux,BOD,LFBD,Nice,NCE,LFMN,,,12:00,13:25,10:00,11:25,85,348,14,2,2026-09-21T13:00:38.000Z
U24312,EJU,Bordeaux,BOD,LFBD,Lyon,LYS,LFLL,,,12:15,13:25,10:15,11:25,70,251,345,3,2026-09-24T08:57:43.000Z
U21933,EJU,Bordeaux,BOD,LFBD,Essaouira,ESU,GMMI,,,12:35,13:25,10:35,13:25,170,910,236,3,2026-09-22T15:02:23.000Z
U21877,EJU,Bordeaux,BOD,LFBD,Lisbon,LIS,LPPT,,,12:35,13:35,10:35,12:35,120,523,47,2,2026-09-24T08:57:43.000Z
U23962,EJU,Bordeaux,BOD,LFBD,Milan Malpensa,MXP,LIMC,,,13:15,14:45,11:15,12:45,90,402,4567,4,2026-09-19T14:59:40.000Z
U21923,EJU,Bordeaux,BOD,LFBD,Berlin Brandenburg,BER,EDDB,,,13:20,15:35,11:20,13:35,135,721,24,2,2026-09-24T08:57:43.000Z
U21889,EJU,Bordeaux,BOD,LFBD,Corfu,CFU,LGKR,,,13:20,17:05,11:20,14:05,165,966,14,2,2026-08-27T15:59:47.000Z
U23804,EJU,Bordeaux,BOD,LFBD,Milan Malpensa,MXP,LIMC,,,13:40,15:10,11:40,13:10,90,402,123457,6,2026-09-24T08:57:43.000Z
U22770,EZY,Bordeaux,BOD,LFBD,Bristol,BRS,EGGD,,,13:45,14:25,11:45,13:25,100,402,12457,5,2026-09-24T08:57:43.000Z
U21893,EJU,Bordeaux,BOD,LFBD,Sardinia Olbia,OLB,LIEO,,,13:45,15:30,11:45,13:30,105,508,13456,5,2026-09-21T15:00:22.000Z
U21863,EJU,Bordeaux,BOD,LFBD,Hurghada,HRG,HEGN,,,14:05,20:00,12:05,17:00,295,1961,6,1,2026-09-19T18:59:43.000Z
U21897,EJU,Bordeaux,BOD,LFBD,Milan Malpensa,MXP,LIMC,,,14:15,15:45,12:15,13:45,90,402,13,2,2026-09-21T15:00:23.000Z
U21883,EJU,Bordeaux,BOD,LFBD,Crete Heraklion,HER,LGIR,,,14:20,18:50,12:20,15:50,210,1311,136,3,2026-09-23T17:59:02.000Z
U21849,EJU,Bordeaux,BOD,LFBD,Budapest,BUD,LHBP,,,14:40,17:10,12:40,15:10,150,843,47,1,2026-09-24T08:57:43.000Z
U21919,EJU,Bordeaux,BOD,LFBD,Glasgow,GLA,EGPF,,,14:55,16:10,12:55,15:10,135,678,3,1,2026-08-26T17:01:07.000Z
U21879,EJU,Bordeaux,BOD,LFBD,Madeira Funchal,FNC,LPMA,,,15:00,17:10,13:00,16:10,190,1043,2346,4,2026-09-23T17:59:04.000Z
U21859,EJU,Bordeaux,BOD,LFBD,Lanzarote,ACE,GCRR,,,15:10,17:30,13:10,16:30,200,1134,26,1,2026-09-19T17:59:08.000Z
U28454,EZY,Bordeaux,BOD,LFBD,London Gatwick,LGW,EGKK,,,15:10,15:55,13:10,14:55,105,380,7,1,2026-08-30T17:59:31.000Z
U21925,EJU,Bordeaux,BOD,LFBD,Edinburgh,EDI,EGPH,,,15:15,16:35,13:15,15:35,140,675,47,2,2026-08-30T17:00:38.000Z
U21855,EJU,Bordeaux,BOD,LFBD,Majorca Palma,PMI,LEPA,,,15:15,16:40,13:15,14:40,85,352,246,3,2026-09-24T08:57:43.000Z
U21875,EJU,Bordeaux,BOD,LFBD,Porto,OPO,LPPR,,,15:20,16:00,13:20,15:00,100,410,123457,6,2026-09-23T17:00:55.000Z
U22112,EZY,Bordeaux,BOD,LFBD,Manchester,MAN,EGCC,,,15:20,16:10,13:20,15:10,110,515,1357,4,2026-09-23T17:00:58.000Z
U21827,EJU,Bordeaux,BOD,LFBD,Nice,NCE,LFMN,,,15:30,16:55,13:30,14:55,85,348,57,2,2026-09-20T15:59:39.000Z
U27606,EJU,Bordeaux,BOD,LFBD,Lisbon,LIS,LPPT,,,15:40,16:40,13:40,15:40,120,523,1234567,6,2026-09-23T10:58:55.000Z
U28384,EZY,Bordeaux,BOD,LFBD,London Gatwick,LGW,EGKK,,,15:40,16:25,13:40,15:25,105,380,14567,5,2026-09-21T17:00:17.000Z
U21921,EJU,Bordeaux,BOD,LFBD,Brussels Intl,BRU,EBBR,,,15:45,17:20,13:45,15:20,95,420,15,2,2026-09-21T17:00:13.000Z
U21843,EJU,Bordeaux,BOD,LFBD,Marseille Provence,MRS,LFML,,,15:50,17:05,13:50,15:05,75,269,1,1,2026-08-31T16:59:36.000Z
U21907,EJU,Bordeaux,BOD,LFBD,Marrakech,RAK,GMMX,,,15:55,16:35,13:55,16:35,160,865,12345,5,2026-09-24T08:57:43.000Z
U21831,EJU,Bordeaux,BOD,LFBD,Nice,NCE,LFMN,,,15:55,17:20,13:55,15:20,85,348,1,1,2026-09-21T17:00:18.000Z
U27302,EJU,Bordeaux,BOD,LFBD,Majorca Palma,PMI,LEPA,,,16:00,17:25,14:00,15:25,85,352,123567,5,2026-09-21T13:59:31.000Z
U21873,EJU,Bordeaux,BOD,LFBD,Porto,OPO,LPPR,,,16:15,16:45,14:15,15:45,90,410,57,2,2026-09-20T17:00:19.000Z
U26882,EJU,Bordeaux,BOD,LFBD,Porto,OPO,LPPR,,,16:35,17:15,14:35,16:15,100,410,2,1,2026-08-25T17:59:23.000Z
U23032,EZY,Bordeaux,BOD,LFBD,Belfast Intl,BFS,EGAA,,,17:10,18:20,15:10,17:20,130,627,36,2,2026-08-29T19:00:29.000Z
U21072,EZS,Bordeaux,BOD,LFBD,Basel,BSL,LFSB,,,17:10,18:40,15:10,16:40,90,380,23457,3,2026-09-24T08:57:43.000Z
U21929,EJU,Bordeaux,BOD,LFBD,Rome Fiumicino,FCO,LIRF,,,17:55,19:55,15:55,17:55,120,594,1457,4,2026-09-24T08:57:43.000Z
U21867,EJU,Bordeaux,BOD,LFBD,Prague,PRG,LKPR,,,18:30,20:40,16:30,18:40,130,684,15,2,2026-09-21T19:59:41.000Z
U26648,EZY,Bordeaux,BOD,LFBD,Birmingham,BHX,EGBB,,,18:50,19:35,16:50,18:35,105,460,47,2,2026-09-24T08:57:43.000Z
U21841,EJU,Bordeaux,BOD,LFBD,Sardinia Cagliari,CAG,LIEE,,,19:10,21:00,17:10,19:00,110,549,25,2,2026-08-28T21:00:05.000Z
U21819,EJU,Bordeaux,BOD,LFBD,Lyon,LYS,LFLL,,,19:20,20:30,17:20,18:30,70,251,123457,5,2026-09-24T08:57:43.000Z
U21813,EJU,Bordeaux,BOD,LFBD,Sicily Palermo,PMO,LICJ,,,19:20,21:35,17:20,19:35,135,737,6,1,2026-09-19T20:59:32.000Z
U21857,EJU,Bordeaux,BOD,LFBD,Menorca Mahon,MAH,LEMH,,,19:20,20:45,17:20,18:45,85,370,135,3,2026-09-21T19:59:41.000Z
U21823,EJU,Bordeaux,BOD,LFBD,Lille,LIL,LFQQ,,,19:25,20:50,17:25,18:50,85,377,1457,4,2026-09-24T08:57:43.000Z
U21835,EJU,Bordeaux,BOD,LFBD,Nice,NCE,LFMN,,,19:25,20:45,17:25,18:45,80,348,5,1,2026-09-18T20:59:35.000Z
U21388,EZS,Bordeaux,BOD,LFBD,Geneva,GVA,LSGG,,,19:30,20:50,17:30,18:50,80,299,1234567,7,2026-09-23T20:01:48.000Z
U21871,EJU,Bordeaux,BOD,LFBD,Faro,FAO,LPFR,,,20:10,21:10,18:10,20:10,120,573,15,2,2026-09-21T22:01:19.000Z
U25142,EJU,Bordeaux,BOD,LFBD,Berlin Brandenburg,BER,EDDB,,,20:30,22:45,18:30,20:45,135,721,357,3,2026-09-20T23:01:41.000Z
U23214,EZY,Bordeaux,BOD,LFBD,Edinburgh,EDI,EGPH,,,20:45,22:05,18:45,21:05,140,675,14,2,2026-09-24T08:57:43.000Z
U21807,EJU,Bordeaux,BOD,LFBD,Marseille Provence,MRS,LFML,,,21:00,22:10,19:00,20:10,70,269,123457,4,2026-09-24T08:57:43.000Z
U21811,EJU,Bordeaux,BOD,LFBD,Manchester,MAN,EGCC,,,21:00,21:50,19:00,20:50,110,515,24,2,2026-09-03T23:00:21.000Z
U21392,EZS,Bordeaux,BOD,LFBD,Geneva,GVA,LSGG,,,21:25,22:45,19:25,20:45,80,299,14567,3,2026-09-21T23:02:25.000Z
U23128,EZY,Bordeaux,BOD,LFBD,Glasgow,GLA,EGPF,,,21:50,23:00,19:50,22:00,130,678,15,2,2026-08-28T23:59:01.000Z
U23800,EJU,Bordeaux,BOD,LFBD,Milan Malpensa,MXP,LIMC,,,21:50,23:25,19:50,21:25,95,402,2,1,2026-08-25T23:00:42.000Z
U27464,EJU,Bordeaux,BOD,LFBD,Faro,FAO,LPFR,,,22:00,23:00,20:00,22:00,120,573,7,1,2026-08-31T00:00:03.000Z
U28386,EZY,Bordeaux,BOD,LFBD,London Gatwick,LGW,EGKK,,,22:05,22:45,20:05,21:45,100,380,1234567,6,2026-09-23T23:59:05.000Z
U22376,EZY,Bordeaux,BOD,LFBD,London Luton,LTN,EGGW,,,22:15,23:00,20:15,22:00,105,423,15,2,2026-09-22T00:01:53.000Z
U24364,EJU,Bordeaux,BOD,LFBD,Lyon,LYS,LFLL,,,22:30,23:40,20:30,21:40,70,251,1,1,2026-08-31T23:01:12.000Z
U26802,EJU,Bordeaux,BOD,LFBD,Porto,OPO,LPPR,,,22:35,23:15,20:35,22:15,100,410,456,3,2026-09-20T00:00:37.000Z
U21642,EJU,Bordeaux,BOD,LFBD,Nice,NCE,LFMN,,,22:50,00:10,20:50,22:10,80,348,234567,5,2026-09-23T17:59:05.000Z
U22224,EZY,Burgas,BOJ,LBBG,Manchester,MAN,EGCC,,,00:30,02:15,21:30,01:15,225,1348,3,1,2026-09-23T03:00:27.000Z
U28754,EZY,Burgas,BOJ,LBBG,London Gatwick,LGW,EGKK,,,02:00,03:50,23:00,02:50,230,1239,37,2,2026-08-30T03:59:22.000Z
U22220,EZY,Burgas,BOJ,LBBG,Manchester,MAN,EGCC,,,02:15,04:00,23:15,03:00,225,1348,47,2,2026-09-20T05:00:34.000Z
U25354,EJU,Burgas,BOJ,LBBG,Berlin Brandenburg,BER,EDDB,,,11:55,13:25,08:55,11:25,150,815,2467,4,2026-09-19T12:59:57.000Z
U22850,EZY,Bari,BRI,LIBD,Bristol,BRS,EGGD,,,10:50,13:00,08:50,12:00,190,1011,26,2,2026-09-22T14:05:40.000Z
U21696,EJU,Bari,BRI,LIBD,Nice,NCE,LFMN,,,12:00,13:40,10:00,11:40,100,449,1457,4,2026-09-24T08:57:40.000Z
U21112,EZS,Bari,BRI,LIBD,Basel,BSL,LFSB,,,12:45,14:40,10:45,12:40,115,554,125,3,2026-09-21T12:00:43.000Z
U28276,EZY,Bari,BRI,LIBD,London Gatwick,LGW,EGKK,,,13:20,15:25,11:20,14:25,185,922,6,1,2026-09-19T15:59:14.000Z
U28282,EZY,Bari,BRI,LIBD,London Gatwick,LGW,EGKK,,,13:35,15:40,11:35,14:40,185,922,1234567,7,2026-09-24T08:57:40.000Z
U24404,EJU,Bari,BRI,LIBD,Lyon,LYS,LFLL,,,14:10,16:10,12:10,14:10,120,578,1357,4,2026-09-21T15:58:59.000Z
U23528,EJU,Bari,BRI,LIBD,Milan Malpensa,MXP,LIMC,,,14:15,15:50,12:15,13:50,95,442,4567,4,2026-09-19T14:59:40.000Z
U23628,EJU,Bari,BRI,LIBD,Milan Malpensa,MXP,LIMC,,,14:30,16:05,12:30,14:05,95,442,4,1,2026-09-24T08:57:40.000Z
U23640,EJU,Bari,BRI,LIBD,Milan Malpensa,MXP,LIMC,,,14:35,16:10,12:35,14:10,95,442,7,1,2026-09-20T15:59:38.000Z
U23524,EJU,Bari,BRI,LIBD,Milan Malpensa,MXP,LIMC,,,14:50,16:25,12:50,14:25,95,442,1235,4,2026-09-23T16:00:49.000Z
U22136,EZY,Bari,BRI,LIBD,Manchester,MAN,EGCC,,,18:20,20:40,16:20,19:40,200,1061,15,2,2026-09-21T21:58:49.000Z
U24902,EJU,Bari,BRI,LIBD,Paris Orly,ORY,LFPO,,,19:00,21:30,17:00,19:30,150,761,2467,4,2026-09-24T08:57:40.000Z
U21446,EZS,Bari,BRI,LIBD,Geneva,GVA,LSGG,,,20:30,22:20,18:30,20:20,110,554,15,2,2026-09-21T22:01:17.000Z
U23532,EJU,Bari,BRI,LIBD,Milan Malpensa,MXP,LIMC,,,21:50,23:25,19:50,21:25,95,442,1345,4,2026-09-22T00:01:53.000Z
U23534,EJU,Bari,BRI,LIBD,Milan Malpensa,MXP,LIMC,,,22:30,00:05,20:30,22:05,95,442,3,1,2026-08-26T23:59:41.000Z
U23530,EJU,Bari,BRI,LIBD,Milan Malpensa,MXP,LIMC,,,23:15,00:50,21:15,22:50,95,442,13,2,2026-09-24T00:59:25.000Z
U22715,EZY,Bristol,BRS,EGGD,Malaga,AGP,LEMG,,,06:00,09:45,05:00,07:45,165,886,1234567,3,2026-09-24T08:57:49.000Z
U22843,EZY,Bristol,BRS,EGGD,Naples,NAP,LIRN,,,06:00,09:55,05:00,07:55,175,943,1246,4,2026-09-24T08:57:49.000Z
U22891,EZY,Bristol,BRS,EGGD,Split,SPU,LDSP,,,06:00,09:35,05:00,07:35,155,900,1234567,6,2026-09-24T08:57:50.000Z
U22845,EZY,Bristol,BRS,EGGD,Sicily Catania,CTA,LICC,,,06:00,10:15,05:00,08:15,195,1125,15,1,2026-09-21T09:59:43.000Z
U22815,EZY,Bristol,BRS,EGGD,Preveza,PVK,LGPZ,,,06:00,11:25,05:00,08:25,205,1235,37,2,2026-09-20T10:00:59.000Z
U22709,EZY,Bristol,BRS,EGGD,Majorca Palma,PMI,LEPA,,,06:00,09:25,05:00,07:25,145,746,1234567,3,2026-09-24T08:57:49.000Z
U22701,EZY,Bristol,BRS,EGGD,Murcia Intl,RMU,LEMI,,,06:10,09:45,05:10,07:45,155,818,2467,4,2026-09-24T08:57:50.000Z
U22723,EZY,Bristol,BRS,EGGD,Alicante,ALC,LEAL,,,06:15,09:45,05:15,07:45,150,792,12457,5,2026-09-24T08:57:41.000Z
U22835,EZY,Bristol,BRS,EGGD,Sardinia Olbia,OLB,LIEO,,,06:15,09:55,05:15,07:55,160,807,1246,4,2026-09-22T09:01:05.000Z
U22793,EZY,Bristol,BRS,EGGD,Enfidha - Hammamet,NBE,DTNH,,,06:15,09:25,05:15,08:25,190,1078,1356,4,2026-09-23T09:59:02.000Z
U22893,EZY,Bristol,BRS,EGGD,Dubrovnik,DBV,LDDU,,,06:15,10:00,05:15,08:00,165,1004,13457,4,2026-09-24T08:57:43.000Z
U22805,EZY,Bristol,BRS,EGGD,Kos,KGS,LGKO,,,06:15,12:15,05:15,09:15,240,1539,157,3,2026-09-21T11:01:08.000Z
U22829,EZY,Bristol,BRS,EGGD,Skiathos,JSI,LGSK,,,06:20,11:55,05:20,08:55,215,1317,37,2,2026-09-23T14:59:37.000Z
U22811,EZY,Bristol,BRS,EGGD,Corfu,CFU,LGKR,,,06:25,11:40,05:25,08:40,195,1178,1357,4,2026-09-23T10:01:44.000Z
U22849,EZY,Bristol,BRS,EGGD,Bari,BRI,LIBD,,,06:25,10:15,05:25,08:15,170,1011,26,2,2026-09-22T11:00:11.000Z
U22759,EZY,Bristol,BRS,EGGD,Gibraltar,GIB,LXGB,,,06:30,10:15,05:30,08:15,165,921,47,1,2026-09-24T08:57:46.000Z
U22883,EZY,Bristol,BRS,EGGD,Geneva,GVA,LSGG,,,06:30,09:10,05:30,07:10,100,465,2567,3,2026-09-20T10:01:00.000Z
U22807,EZY,Bristol,BRS,EGGD,Zante Zakynthos,ZTH,LGZA,,,06:40,12:20,05:40,09:20,220,1290,36,2,2026-09-23T10:58:58.000Z
U22821,EZY,Bristol,BRS,EGGD,Rhodes,RHO,LGRP,,,06:45,12:55,05:45,09:55,250,1589,7,1,2026-09-20T10:58:58.000Z
U22741,EZY,Bristol,BRS,EGGD,Ibiza,IBZ,LEIB,,,06:50,10:20,05:50,08:20,150,770,27,2,2026-09-22T10:01:19.000Z
U22721,EZY,Bristol,BRS,EGGD,Alicante,ALC,LEAL,,,07:00,10:30,06:00,08:30,150,792,34567,4,2026-09-23T10:01:39.000Z
U22921,EZY,Bristol,BRS,EGGD,Amsterdam,AMS,EHAM,,,07:00,09:25,06:00,07:25,85,283,14567,3,2026-09-24T08:57:42.000Z
U2237,EZY,Bristol,BRS,EGGD,Newcastle,NCL,EGNT,,,07:00,08:10,06:00,07:10,70,223,123456,2,2026-09-24T08:57:49.000Z
U22731,EZY,Bristol,BRS,EGGD,Tenerife South,TFS,GCTS,,,07:00,11:15,06:00,10:15,255,1534,234567,3,2026-09-24T08:57:50.000Z
U22839,EZY,Bristol,BRS,EGGD,Pisa (Tuscany),PSA,LIRP,,,07:00,10:20,06:00,08:20,140,702,234567,5,2026-09-24T08:57:49.000Z
U2223,EZY,Bristol,BRS,EGGD,Belfast Intl,BFS,EGAA,,,07:00,08:15,06:00,07:15,75,234,1234567,3,2026-09-24T08:57:44.000Z
U22773,EZY,Bristol,BRS,EGGD,Paris Charles de Gaulle,CDG,LFPG,,,07:00,09:25,06:00,07:25,85,248,123456,3,2026-09-23T09:00:43.000Z
U2201,EZY,Bristol,BRS,EGGD,Glasgow,GLA,EGPF,,,07:00,08:20,06:00,07:20,80,276,123457,3,2026-09-24T08:57:43.000Z
U22817,EZY,Bristol,BRS,EGGD,Santorini,JTR,LGSR,,,07:05,13:05,06:05,10:05,240,1500,1,1,2026-09-21T12:00:54.000Z
U22863,EZY,Bristol,BRS,EGGD,Verona,VRN,LIPX,,,07:05,10:05,06:05,08:05,120,649,467,2,2026-09-24T08:57:50.000Z
U2213,EZY,Bristol,BRS,EGGD,Edinburgh,EDI,EGPH,,,07:05,08:25,06:05,07:25,80,275,1234567,4,2026-09-24T08:57:46.000Z
U22703,EZY,Bristol,BRS,EGGD,Barcelona,BCN,LEBL,,,07:10,10:15,06:10,08:15,125,637,123567,3,2026-09-22T21:01:39.000Z
U22719,EZY,Bristol,BRS,EGGD,Fuerteventura,FUE,GCFV,,,07:15,11:15,06:15,10:15,240,1465,36,2,2026-09-23T12:01:45.000Z
U22877,EZY,Bristol,BRS,EGGD,Madeira Funchal,FNC,LPMA,,,07:15,10:55,06:15,09:55,220,1280,146,2,2026-09-24T08:57:48.000Z
U22837,EZY,Bristol,BRS,EGGD,Rome Fiumicino,FCO,LIRF,,,07:25,11:05,06:25,09:05,160,841,1234567,7,2026-09-24T08:57:48.000Z
U22879,EZY,Bristol,BRS,EGGD,Thessaloniki,SKG,LGTS,,,07:35,12:55,06:35,09:55,200,1245,36,2,2026-09-23T10:58:57.000Z
U22897,EZY,Bristol,BRS,EGGD,Reus,REU,LERS,,,07:55,10:55,06:55,08:55,120,635,47,2,2026-09-24T08:57:50.000Z
U2438,EZY,Bristol,BRS,EGGD,Glasgow,GLA,EGPF,,,08:15,09:35,07:15,08:35,80,276,6,1,2026-08-29T10:00:26.000Z
U27368,EJU,Bristol,BRS,EGGD,Majorca Palma,PMI,LEPA,,,08:55,12:20,07:55,10:20,145,746,26,1,2026-09-22T11:59:56.000Z
U25528,EJU,Bristol,BRS,EGGD,Alicante,ALC,LEAL,,,09:15,12:45,08:15,10:45,150,792,123456,6,2026-09-24T08:57:41.000Z
U25530,EJU,Bristol,BRS,EGGD,Amsterdam,AMS,EHAM,,,09:15,11:40,08:15,09:40,85,283,12356,2,2026-09-23T11:01:15.000Z
U27508,EJU,Bristol,BRS,EGGD,Faro,FAO,LPFR,,,09:15,11:55,08:15,10:55,160,891,1234567,6,2026-09-24T08:57:43.000Z
U27006,EJU,Bristol,BRS,EGGD,Malaga,AGP,LEMG,,,09:20,13:05,08:20,11:05,165,886,4,1,2026-09-24T08:57:43.000Z
U27100,EJU,Bristol,BRS,EGGD,Barcelona,BCN,LEBL,,,09:55,13:00,08:55,11:00,125,637,7,1,2026-08-30T13:00:17.000Z
U22841,EZY,Bristol,BRS,EGGD,Milan Malpensa,MXP,LIMC,,,10:15,13:20,09:15,11:20,125,570,234567,6,2026-09-24T08:57:43.000Z
U27662,EJU,Bristol,BRS,EGGD,Lisbon,LIS,LPPT,,,10:20,13:00,09:20,12:00,160,803,1,1,2026-09-21T13:59:31.000Z
U22727,EZY,Bristol,BRS,EGGD,Ibiza,IBZ,LEIB,,,10:25,13:55,09:25,11:55,150,770,36,2,2026-09-23T12:59:25.000Z
U22941,EZY,Bristol,BRS,EGGD,Pula,PUY,LDPL,,,10:35,13:55,09:35,11:55,140,770,246,3,2026-09-22T12:58:55.000Z
U22769,EZY,Bristol,BRS,EGGD,Bordeaux,BOD,LFBD,,,10:40,13:15,09:40,11:15,95,402,12457,5,2026-09-24T08:57:43.000Z
U2207,EZY,Bristol,BRS,EGGD,Glasgow,GLA,EGPF,,,10:50,12:10,09:50,11:10,80,276,123457,6,2026-09-23T12:59:24.000Z
U22831,EZY,Bristol,BRS,EGGD,Venice Marco Polo,VCE,LIPZ,32N,A20N,10:55,14:10,09:55,12:10,135,694,246,3,2026-09-22T13:58:30.000Z
U22765,EZY,Bristol,BRS,EGGD,Nice,NCE,LFMN,,,10:55,14:00,09:55,12:00,125,613,23456,5,2026-09-24T08:57:43.000Z
U22895,EZY,Bristol,BRS,EGGD,Zurich,ZRH,LSZH,,,11:05,13:50,10:05,11:50,105,498,15,2,2026-09-18T12:58:59.000Z
U22935,EZY,Bristol,BRS,EGGD,Prague,PRG,LKPR,,,11:15,14:15,10:15,12:15,120,648,123457,6,2026-09-24T08:57:43.000Z
U22823,EZY,Bristol,BRS,EGGD,Sal - Cape Verde,SID,GVAC,,,11:20,15:15,10:20,16:15,355,2294,135,1,2026-09-21T18:00:27.000Z
U2406,EZY,Bristol,BRS,EGGD,Glasgow,GLA,EGPF,,,11:50,13:05,10:50,12:05,75,276,56,2,2026-09-19T13:59:13.000Z
U2316,EZY,Bristol,BRS,EGGD,Edinburgh,EDI,EGPH,,,11:55,13:10,10:55,12:10,75,275,124,3,2026-09-22T14:05:42.000Z
U2233,EZY,Bristol,BRS,EGGD,Isle of Man,IOM,EGNS,,,12:00,13:00,11:00,12:00,60,176,15,2,2026-09-21T13:59:28.000Z
U2215,EZY,Bristol,BRS,EGGD,Edinburgh,EDI,EGPH,,,12:00,13:15,11:00,12:15,75,275,5,1,2026-09-18T14:01:21.000Z
U22751,EZY,Bristol,BRS,EGGD,Tivat,TIV,LYTV,,,12:20,16:15,11:20,14:15,175,1026,15,2,2026-09-21T15:59:00.000Z
U22929,EZY,Bristol,BRS,EGGD,Munich,MUC,EDDM,,,12:40,15:40,11:40,13:40,120,589,1357,4,2026-09-23T14:59:36.000Z
U22711,EZY,Bristol,BRS,EGGD,Majorca Palma,PMI,LEPA,,,12:40,16:05,11:40,14:05,145,746,1234567,6,2026-09-24T08:57:43.000Z
U22781,EZY,Bristol,BRS,EGGD,Marseille Provence,MRS,LFML,,,12:45,15:45,11:45,13:45,120,575,246,3,2026-09-19T15:59:14.000Z
U22801,EZY,Bristol,BRS,EGGD,Rhodes,RHO,LGRP,,,12:50,19:00,11:50,16:00,250,1589,123456,6,2026-09-24T08:57:43.000Z
U24640,EJU,Bristol,BRS,EGGD,Paris Charles de Gaulle,CDG,LFPG,,,12:50,15:10,11:50,13:10,80,248,1,1,2026-09-21T15:00:23.000Z
U22911,EZY,Bristol,BRS,EGGD,Sharm El Sheikh,SSH,HESH,,,13:00,20:30,12:00,17:30,330,2179,26,2,2026-09-22T19:01:17.000Z
U22729,EZY,Bristol,BRS,EGGD,Menorca Mahon,MAH,LEMH,,,13:00,16:20,12:00,14:20,140,750,2456,4,2026-09-24T08:57:43.000Z
U2225,EZY,Bristol,BRS,EGGD,Belfast Intl,BFS,EGAA,,,13:05,14:15,12:05,13:15,70,234,1256,4,2026-09-19T14:59:35.000Z
U22737,EZY,Bristol,BRS,EGGD,Bilbao,BIO,LEBB,,,13:15,16:00,12:15,14:00,105,485,247,3,2026-09-24T08:57:43.000Z
U23844,EJU,Bristol,BRS,EGGD,Milan Malpensa,MXP,LIMC,,,13:15,16:15,12:15,14:15,120,570,145,3,2026-09-21T17:00:17.000Z
U22867,EZY,Bristol,BRS,EGGD,Lisbon,LIS,LPPT,,,13:30,16:10,12:30,15:10,160,803,23457,5,2026-09-24T08:57:43.000Z
U22871,EZY,Bristol,BRS,EGGD,Faro,FAO,LPFR,,,13:30,16:10,12:30,15:10,160,891,1236,3,2026-09-23T17:00:55.000Z
U22733,EZY,Bristol,BRS,EGGD,Lanzarote,ACE,GCRR,,,13:35,17:35,12:35,16:35,240,1433,23467,5,2026-09-24T08:57:43.000Z
U22903,EZY,Bristol,BRS,EGGD,Cyprus Larnaca,LCA,LCLK,,,13:35,20:20,12:35,17:20,285,1848,246,3,2026-09-24T08:57:43.000Z
U22885,EZY,Bristol,BRS,EGGD,Geneva,GVA,LSGG,,,13:40,16:25,12:40,14:25,105,465,123457,5,2026-09-24T08:57:41.000Z
U22771,EZY,Bristol,BRS,EGGD,La Rochelle,LRH,LFBH,,,13:45,16:10,12:45,14:10,85,318,36,2,2026-08-29T18:00:55.000Z
U22913,EZY,Bristol,BRS,EGGD,Hurghada,HRG,HEGN,,,13:55,21:30,12:55,18:30,335,2196,246,2,2026-09-24T08:57:43.000Z
U22851,EZY,Bristol,BRS,EGGD,Dalaman,DLM,LTBS,,,13:55,20:05,12:55,17:05,250,1601,1234567,5,2026-09-24T08:57:43.000Z
U22901,EZY,Bristol,BRS,EGGD,Cyprus Paphos,PFO,LCPH,,,13:55,20:30,12:55,17:30,275,1814,136,3,2026-09-23T19:00:11.000Z
U22803,EZY,Bristol,BRS,EGGD,Athens,ATH,LGAV,,,14:15,20:00,13:15,17:00,225,1383,247,3,2026-09-24T08:57:42.000Z
U2227,EZY,Bristol,BRS,EGGD,Belfast Intl,BFS,EGAA,,,14:30,15:40,13:30,14:40,70,234,1345,4,2026-09-24T08:57:43.000Z
U25316,EJU,Bristol,BRS,EGGD,Berlin Brandenburg,BER,EDDB,,,14:50,17:45,13:50,15:45,115,603,3,1,2026-08-26T17:01:05.000Z
U27190,EJU,Bristol,BRS,EGGD,Barcelona,BCN,LEBL,,,14:55,18:00,13:55,16:00,125,637,7,1,2026-09-20T18:00:24.000Z
U2217,EZY,Bristol,BRS,EGGD,Edinburgh,EDI,EGPH,,,15:00,16:15,14:00,15:15,75,275,234567,6,2026-09-24T08:57:43.000Z
U27192,EJU,Bristol,BRS,EGGD,Barcelona,BCN,LEBL,,,15:10,18:15,14:10,16:15,125,637,2346,4,2026-09-24T08:57:42.000Z
U22855,EZY,Bristol,BRS,EGGD,Antalya,AYT,LTAI,,,15:10,21:30,14:10,18:30,260,1664,1357,4,2026-09-23T20:01:48.000Z
U22783,EZY,Bristol,BRS,EGGD,Toulouse,TLS,LFBO,,,15:15,18:05,14:15,16:05,110,494,135,3,2026-09-23T17:59:06.000Z
U22753,EZY,Bristol,BRS,EGGD,Agadir,AGA,GMAD,,,15:20,18:00,14:20,18:00,220,1299,37,2,2026-09-23T20:01:48.000Z
U22813,EZY,Bristol,BRS,EGGD,Crete Heraklion,HER,LGIR,,,15:30,21:30,14:30,18:30,240,1537,36,2,2026-09-23T19:59:17.000Z
U26865,EJU,Bristol,BRS,EGGD,Porto,OPO,LPPR,,,15:45,17:50,14:45,16:50,125,656,3,1,2026-09-23T19:00:08.000Z
U22791,EZY,Bristol,BRS,EGGD,Enfidha - Hammamet,NBE,DTNH,,,15:45,18:55,14:45,17:55,190,1078,4,1,2026-09-24T08:57:43.000Z
U2261,EZY,Bristol,BRS,EGGD,Belfast City (George Best),BHD,EGAC,,,15:45,16:55,14:45,15:55,70,225,57,2,2026-09-20T17:00:20.000Z
U27075,EJU,Bristol,BRS,EGGD,Amsterdam,AMS,EHAM,,,16:00,18:20,15:00,16:20,80,283,23456,4,2026-09-24T08:57:42.000Z
U22739,EZY,Bristol,BRS,EGGD,Tenerife South,TFS,GCTS,,,16:05,20:20,15:05,19:20,255,1534,15,2,2026-09-21T21:58:51.000Z
U2205,EZY,Bristol,BRS,EGGD,Belfast Intl,BFS,EGAA,,,16:20,17:30,15:20,16:30,70,234,7,1,2026-09-20T18:59:04.000Z
U22869,EZY,Bristol,BRS,EGGD,Lisbon,LIS,LPPT,,,16:25,18:55,15:25,17:55,150,803,257,3,2026-09-18T18:59:13.000Z
U22735,EZY,Bristol,BRS,EGGD,Gran Canaria,LPA,GCLP,,,16:25,20:40,15:25,19:40,255,1520,136,3,2026-09-23T20:58:59.000Z
U22925,EZY,Bristol,BRS,EGGD,Amsterdam,AMS,EHAM,,,16:30,18:50,15:30,16:50,80,283,17,2,2026-09-21T18:00:28.000Z
U27073,EJU,Bristol,BRS,EGGD,Paris Charles de Gaulle,CDG,LFPG,,,16:30,18:50,15:30,16:50,80,248,17,2,2026-09-21T18:00:34.000Z
U27553,EJU,Bristol,BRS,EGGD,Paris Charles de Gaulle,CDG,LFPG,,,16:35,18:55,15:35,16:55,80,248,4,1,2026-09-24T08:57:43.000Z
U22899,EZY,Bristol,BRS,EGGD,Seville,SVQ,LEZL,,,16:40,20:15,15:40,18:15,155,849,26,2,2026-09-22T19:58:22.000Z
U22825,EZY,Bristol,BRS,EGGD,Crete Chania,CHQ,LGSA,,,16:45,22:40,15:45,19:40,235,1494,26,2,2026-09-22T21:01:42.000Z
U22937,EZY,Bristol,BRS,EGGD,Krakow,KRK,EPKK,,,17:00,20:30,16:00,18:30,150,855,123457,6,2026-09-24T08:57:43.000Z
U22853,EZY,Bristol,BRS,EGGD,Bodrum,BJV,LTFE,,,17:00,23:00,16:00,20:00,240,1540,247,3,2026-09-24T08:57:43.000Z
U22745,EZY,Bristol,BRS,EGGD,Almeria,LEI,LEAM,,,17:00,20:35,16:00,18:35,155,873,26,2,2026-09-19T20:01:14.000Z
U22747,EZY,Bristol,BRS,EGGD,Malta,MLA,LMML,,,17:20,21:40,16:20,19:40,200,1189,136,3,2026-09-23T20:59:00.000Z
U22795,EZY,Bristol,BRS,EGGD,Marrakech,RAK,GMMX,,,17:30,19:55,16:30,19:55,205,1211,136,3,2026-09-23T21:59:43.000Z
U22717,EZY,Bristol,BRS,EGGD,Malaga,AGP,LEMG,,,17:40,21:20,16:40,19:20,160,886,2356,4,2026-09-22T20:59:12.000Z
U22847,EZY,Bristol,BRS,EGGD,Sicily Palermo,PMO,LICJ,,,17:40,21:35,16:40,19:35,175,1036,47,2,2026-09-20T21:01:49.000Z
U22707,EZY,Bristol,BRS,EGGD,Madrid,MAD,LEMD,,,18:00,21:15,17:00,19:15,135,655,1234567,6,2026-09-24T08:57:43.000Z
U2245,EZY,Bristol,BRS,EGGD,Inverness,INV,EGPE,,,18:10,19:35,17:10,18:35,85,373,1234567,7,2026-09-24T08:57:43.000Z
U22933,EZY,Bristol,BRS,EGGD,Berlin Brandenburg,BER,EDDB,,,18:15,21:10,17:15,19:10,115,603,123457,5,2026-09-24T08:57:43.000Z
U24960,EJU,Bristol,BRS,EGGD,Naples,NAP,LIRN,,,18:15,22:00,17:15,20:00,165,943,5,1,2026-08-28T22:00:32.000Z
U22881,EZY,Bristol,BRS,EGGD,Basel,BSL,LFSB,,,18:20,21:00,17:20,19:00,100,459,15,2,2026-09-21T19:00:04.000Z
U22931,EZY,Bristol,BRS,EGGD,Copenhagen,CPH,EKCH,,,18:25,21:20,17:25,19:20,115,603,123457,6,2026-09-24T08:57:43.000Z
U22875,EZY,Bristol,BRS,EGGD,Porto,OPO,LPPR,,,18:30,20:40,17:30,19:40,130,656,12467,4,2026-09-24T08:57:43.000Z
U22927,EZY,Bristol,BRS,EGGD,Amsterdam,AMS,EHAM,,,18:40,21:00,17:40,19:00,80,283,17,2,2026-09-21T21:00:56.000Z
U22725,EZY,Bristol,BRS,EGGD,Split,SPU,LDSP,,,18:45,22:20,17:45,20:20,155,900,1,1,2026-08-24T22:00:42.000Z
U22873,EZY,Bristol,BRS,EGGD,Faro,FAO,LPFR,,,19:00,21:40,18:00,20:40,160,891,1234567,4,2026-09-24T08:57:47.000Z
U22705,EZY,Bristol,BRS,EGGD,Barcelona,BCN,LEBL,,,19:05,22:10,18:05,20:10,125,637,134567,5,2026-09-24T08:57:43.000Z
U22767,EZY,Bristol,BRS,EGGD,Nice,NCE,LFMN,,,19:15,22:20,18:15,20:20,125,613,12567,5,2026-09-22T21:58:58.000Z
U2239,EZY,Bristol,BRS,EGGD,Newcastle,NCL,EGNT,,,19:25,20:30,18:25,19:30,65,223,457,3,2026-09-24T08:57:43.000Z
U2211,EZY,Bristol,BRS,EGGD,Glasgow,GLA,EGPF,,,19:25,20:40,18:25,19:40,75,276,47,2,2026-09-20T21:01:53.000Z
U21410,EZS,Bristol,BRS,EGGD,Geneva,GVA,LSGG,,,19:25,22:05,18:25,20:05,100,465,3,1,2026-09-23T21:59:38.000Z
U22775,EZY,Bristol,BRS,EGGD,Paris Charles de Gaulle,CDG,LFPG,,,19:40,22:00,18:40,20:00,80,248,234567,6,2026-09-24T08:57:43.000Z
U22743,EZY,Bristol,BRS,EGGD,Alicante,ALC,LEAL,,,19:50,23:15,18:50,21:15,145,792,7,1,2026-09-20T23:01:41.000Z
U22777,EZY,Bristol,BRS,EGGD,Paris Charles de Gaulle,CDG,LFPG,,,19:55,22:15,18:55,20:15,80,248,125,3,2026-09-22T21:58:58.000Z
U2229,EZY,Bristol,BRS,EGGD,Belfast Intl,BFS,EGAA,,,20:05,21:15,19:05,20:15,70,234,123457,3,2026-09-23T23:01:25.000Z
U27004,EJU,Bristol,BRS,EGGD,Malaga,AGP,LEMG,,,20:10,23:50,19:10,21:50,160,886,124567,4,2026-09-22T23:00:53.000Z
U2219,EZY,Bristol,BRS,EGGD,Edinburgh,EDI,EGPH,,,20:10,21:25,19:10,20:25,75,275,123457,5,2026-09-24T08:57:43.000Z
U2209,EZY,Bristol,BRS,EGGD,Glasgow,GLA,EGPF,,,20:15,21:30,19:15,20:30,75,276,1234567,5,2026-09-24T08:57:43.000Z
U27510,EJU,Bristol,BRS,EGGD,Faro,FAO,LPFR,,,20:20,23:00,19:20,22:00,160,891,1245,3,2026-09-22T20:59:10.000Z
U2241,EZY,Bristol,BRS,EGGD,Newcastle,NCL,EGNT,,,20:35,21:40,19:35,20:40,65,223,12567,5,2026-09-22T21:58:58.000Z
U27028,EJU,Bristol,BRS,EGGD,Malaga,AGP,LEMG,,,20:45,00:25,19:45,22:25,160,886,3,1,2026-09-23T23:59:06.000Z
U27322,EJU,Bristol,BRS,EGGD,Majorca Palma,PMI,LEPA,,,20:45,00:05,19:45,22:05,140,746,5,1,2026-09-19T00:59:31.000Z
U27326,EJU,Bristol,BRS,EGGD,Majorca Palma,PMI,LEPA,,,20:50,00:10,19:50,22:10,140,746,14,1,2026-09-22T00:01:53.000Z
U27660,EJU,Bristol,BRS,EGGD,Lisbon,LIS,LPPT,,,21:05,23:40,20:05,22:40,155,803,167,3,2026-09-22T00:01:53.000Z
U27268,EJU,Bristol,BRS,EGGD,Majorca Palma,PMI,LEPA,,,21:10,00:35,20:10,22:35,145,746,2367,4,2026-09-23T23:59:06.000Z
U2138,EZY,Bristol,BRS,EGGD,Belfast Intl,BFS,EGAA,,,21:20,22:30,20:20,21:30,70,234,17,2,2026-09-21T22:59:27.000Z
U2320,EZY,Bristol,BRS,EGGD,Edinburgh,EDI,EGPH,,,21:30,22:45,20:30,21:45,75,275,13467,4,2026-09-23T17:59:01.000Z
U25534,EJU,Bristol,BRS,EGGD,Alicante,ALC,LEAL,,,21:45,01:15,20:45,23:15,150,792,14,2,2026-09-18T01:01:46.000Z
U21528,EZS,Brussels Intl,BRU,EBBR,Geneva,GVA,LSGG,,,09:00,10:20,07:00,08:20,80,287,1,1,2026-08-24T10:01:13.000Z
U22981,EJU,Brussels Intl,BRU,EBBR,Rome Fiumicino,FCO,LIRF,,,09:20,11:35,07:20,09:35,135,633,1234567,1,2026-09-24T08:57:43.000Z
U25434,EJU,Brussels Intl,BRU,EBBR,Milan Linate,LIN,LIML,,,09:25,10:50,07:25,08:50,85,379,1234567,2,2026-09-24T08:57:43.000Z
U21748,EJU,Brussels Intl,BRU,EBBR,Nice,NCE,LFMN,,,17:05,18:50,15:05,16:50,105,449,1234567,6,2026-09-24T08:57:43.000Z
U21922,EJU,Brussels Intl,BRU,EBBR,Bordeaux,BOD,LFBD,,,17:55,19:35,15:55,17:35,100,420,15,2,2026-09-21T19:00:05.000Z
U22983,EJU,Brussels Intl,BRU,EBBR,Rome Fiumicino,FCO,LIRF,,,20:50,23:05,18:50,21:05,135,633,1234567,1,2026-09-24T08:57:43.000Z
U25412,EJU,Brussels Intl,BRU,EBBR,Milan Linate,LIN,LIML,,,21:10,22:35,19:10,20:35,85,379,7,1,2026-09-20T22:00:44.000Z
U25436,EJU,Brussels Intl,BRU,EBBR,Milan Linate,LIN,LIML,,,21:10,22:35,19:10,20:35,85,379,123456,2,2026-09-23T21:59:43.000Z
U21530,EZS,Brussels Intl,BRU,EBBR,Geneva,GVA,LSGG,,,21:35,22:55,19:35,20:55,80,287,1357,3,2026-09-23T23:01:22.000Z
U21145,EZS,Basel,BSL,LFSB,Athens,ATH,LGAV,,,06:00,09:45,04:00,06:45,165,924,157,2,2026-09-14T08:03:28.000Z
U21253,EZS,Basel,BSL,LFSB,Marrakech,RAK,GMMX,,,06:00,07:30,04:00,07:30,210,1195,1234567,2,2026-09-24T08:57:49.000Z
U21271,EZS,Basel,BSL,LFSB,Lisbon,LIS,LPPT,,,06:00,08:00,04:00,07:00,180,898,14,2,2026-09-24T08:57:49.000Z
U21147,EZS,Basel,BSL,LFSB,Rhodes,RHO,LGRP,,,06:00,10:20,04:00,07:20,200,1132,347,3,2026-09-24T08:57:50.000Z
U21105,EZS,Basel,BSL,LFSB,Sardinia Olbia,OLB,LIEO,,,06:00,07:40,04:00,05:40,100,411,1234567,6,2026-09-23T11:58:39.000Z
U21283,EZS,Basel,BSL,LFSB,Madeira Funchal,FNC,LPMA,,,06:00,09:05,04:00,08:05,245,1419,2346,3,2026-09-24T08:57:48.000Z
U21083,EZS,Basel,BSL,LFSB,Toulouse,TLS,LFBO,,,06:00,07:25,04:00,05:25,85,352,157,3,2026-09-21T06:59:07.000Z
U21181,EZS,Basel,BSL,LFSB,Hamburg,HAM,EDDH,,,06:00,07:30,04:00,05:30,90,374,14567,5,2026-09-24T07:01:49.000Z
U21067,EZS,Basel,BSL,LFSB,Biarritz,BIQ,LFBZ,,,06:00,07:40,04:00,05:40,100,454,36,2,2026-09-23T07:00:12.000Z
U21059,EZS,Basel,BSL,LFSB,"Calvi, Corsica",CLY,LFKC,,,06:00,07:25,04:00,05:25,85,309,356,3,2026-09-18T06:59:25.000Z
U21159,EZS,Basel,BSL,LFSB,Djerba–Zarzis,DJE,DTTJ,,,06:00,07:35,04:00,06:35,155,837,14,1,2026-09-24T07:59:35.000Z
U21049,EZS,Basel,BSL,LFSB,Lanzarote,ACE,GCRR,,,06:05,09:25,04:05,08:25,260,1489,7,1,2026-08-30T09:59:30.000Z
U21023,EJU,Basel,BSL,LFSB,Santiago de Compostela,SCQ,LEST,,,06:05,08:35,04:05,06:35,150,729,5,1,2026-09-18T07:59:36.000Z
U21047,EZS,Basel,BSL,LFSB,Nantes,NTE,LFRS,,,06:10,07:45,04:10,05:45,95,372,3,1,2026-08-26T07:00:03.000Z
U21161,EZS,Basel,BSL,LFSB,Split,SPU,LDSP,,,06:15,07:50,04:15,05:50,95,442,567,3,2026-09-20T07:00:27.000Z
U21187,EZS,Basel,BSL,LFSB,Berlin Brandenburg,BER,EDDB,,,06:20,07:50,04:20,05:50,90,367,167,3,2026-09-21T07:01:38.000Z
U21153,EZS,Basel,BSL,LFSB,Crete Chania,CHQ,LGSA,,,06:20,10:45,04:20,07:45,205,1037,367,3,2026-09-23T09:00:38.000Z
U21127,EZS,Basel,BSL,LFSB,Rimini,RMI,LIPR,,,06:20,07:40,04:20,05:40,80,303,367,3,2026-09-23T07:00:14.000Z
U28478,EZS,Basel,BSL,LFSB,London Gatwick,LGW,EGKK,,,06:20,06:55,04:20,05:55,95,369,7,1,2026-09-20T07:00:25.000Z
U21203,EZS,Basel,BSL,LFSB,Pristina,PRN,BKPR,,,06:25,08:30,04:25,06:30,125,646,1234567,4,2026-09-24T07:59:41.000Z
U21289,EZS,Basel,BSL,LFSB,Reykjavik Keflavik,KEF,BIKF,,,06:30,08:45,04:30,08:45,255,1390,26,2,2026-09-22T10:01:19.000Z
U21155,EZS,Basel,BSL,LFSB,Skiathos,JSI,LGSK,,,06:30,10:05,04:30,07:05,155,859,25,1,2026-08-28T09:00:17.000Z
U21151,EZS,Basel,BSL,LFSB,Kos,KGS,LGKO,,,06:35,10:50,04:35,07:50,195,1081,37,2,2026-09-23T09:00:41.000Z
U21057,EZS,Basel,BSL,LFSB,Nice,NCE,LFMN,,,06:35,07:55,04:35,05:55,80,237,6,1,2026-08-29T08:00:48.000Z
U21009,EJU,Basel,BSL,LFSB,Seville,SVQ,LEZL,,,06:40,09:25,04:40,07:25,165,850,15,2,2026-09-21T08:59:50.000Z
U21109,EZS,Basel,BSL,LFSB,Sardinia Cagliari,CAG,LIEE,,,06:45,08:35,04:45,06:35,110,506,24567,5,2026-09-22T07:59:19.000Z
U21149,EZS,Basel,BSL,LFSB,Crete Heraklion,HER,LGIR,32N,A20N,06:50,11:00,04:50,08:00,190,1078,2457,4,2026-09-24T08:57:47.000Z
U21277,EZS,Basel,BSL,LFSB,Enfidha - Hammamet,NBE,DTNH,,,06:50,08:05,04:50,07:05,135,704,347,3,2026-09-23T09:00:39.000Z
U21267,EZS,Basel,BSL,LFSB,Hurghada,HRG,HEGN,,,07:00,12:30,05:00,09:30,270,1737,237,3,2026-09-22T11:00:13.000Z
U21061,EZS,Basel,BSL,LFSB,Gran Canaria,LPA,GCLP,,,07:00,10:30,05:00,09:30,270,1593,36,2,2026-09-23T10:58:53.000Z
U28476,EZS,Basel,BSL,LFSB,London Gatwick,LGW,EGKK,,,07:00,07:35,05:00,06:35,95,369,1345,1,2026-09-24T07:59:40.000Z
U21285,EZS,Basel,BSL,LFSB,Porto,OPO,LPPR,,,07:05,08:45,05:05,07:45,160,790,4,1,2026-08-27T10:01:44.000Z
U21103,EZS,Basel,BSL,LFSB,Sardinia Olbia,OLB,LIEO,,,07:05,08:45,05:05,06:45,100,411,4,1,2026-09-24T07:59:41.000Z
U21077,EZS,Basel,BSL,LFSB,"Figari, Corsica",FSC,LFKF,,,07:10,08:40,05:10,06:40,90,372,36,2,2026-09-19T07:59:13.000Z
U21065,EZS,Basel,BSL,LFSB,Bilbao,BIO,LEBB,,,07:10,09:05,05:10,07:05,115,509,25,2,2026-09-22T09:01:00.000Z
U21021,EJU,Basel,BSL,LFSB,Santiago de Compostela,SCQ,LEST,,,07:10,09:40,05:10,07:40,150,729,1357,4,2026-09-23T09:00:43.000Z
U21079,EZS,Basel,BSL,LFSB,Menorca Mahon,MAH,LEMH,,,07:20,09:10,05:20,07:10,110,486,36,2,2026-09-23T09:00:42.000Z
U21211,EZS,Basel,BSL,LFSB,Budapest,BUD,LHBP,,,07:20,09:05,05:20,07:05,105,476,12456,5,2026-09-24T08:57:44.000Z
U21143,EZS,Basel,BSL,LFSB,Thessaloniki,SKG,LGTS,,,07:20,10:40,05:20,07:40,140,788,246,3,2026-09-22T09:01:06.000Z
U21251,EZS,Basel,BSL,LFSB,Agadir,AGA,GMAD,,,07:30,09:10,05:30,09:10,220,1298,236,3,2026-09-23T11:01:15.000Z
U21157,EZS,Basel,BSL,LFSB,Djerba–Zarzis,DJE,DTTJ,,,07:30,09:05,05:30,08:05,155,837,256,3,2026-09-22T10:01:17.000Z
U21141,EZS,Basel,BSL,LFSB,Tangier,TNG,GMTT,,,07:30,08:25,05:30,08:25,175,931,26,2,2026-09-22T10:01:22.000Z
U21756,EJU,Basel,BSL,LFSB,Nice,NCE,LFMN,,,07:55,09:15,05:55,07:15,80,237,1234567,4,2026-09-24T08:57:49.000Z
U21073,EZS,Basel,BSL,LFSB,"Bastia, Corsica",BIA,LFKB,,,08:00,09:20,06:00,07:20,80,314,36,2,2026-09-23T09:00:35.000Z
U21249,EZS,Basel,BSL,LFSB,Marrakech,RAK,GMMX,,,09:00,10:30,07:00,10:30,210,1195,7,1,2026-09-20T11:58:43.000Z
U27102,EJU,Basel,BSL,LFSB,Barcelona,BCN,LEBL,,,09:05,11:00,07:05,09:00,115,444,1234567,3,2026-09-24T08:57:42.000Z
U24222,EJU,Basel,BSL,LFSB,Naples,NAP,LIRN,,,09:20,11:10,07:20,09:10,110,497,23567,4,2026-09-23T17:00:57.000Z
U27272,EJU,Basel,BSL,LFSB,Majorca Palma,PMI,LEPA,,,09:30,11:25,07:30,09:25,115,526,1234567,6,2026-09-24T08:57:49.000Z
U25541,EJU,Basel,BSL,LFSB,Prague,PRG,LKPR,,,09:45,11:10,07:45,09:10,85,305,7,1,2026-09-20T10:58:58.000Z
U25877,EJU,Basel,BSL,LFSB,Nice,NCE,LFMN,,,09:45,11:05,07:45,09:05,80,237,7,1,2026-08-30T10:59:12.000Z
U25500,EJU,Basel,BSL,LFSB,Alicante,ALC,LEAL,,,09:50,12:10,07:50,10:10,140,662,6,1,2026-09-19T12:02:03.000Z
U21069,EZS,Basel,BSL,LFSB,Bordeaux,BOD,LFBD,,,09:50,11:25,07:50,09:25,95,380,15,2,2026-09-21T11:01:04.000Z
U25502,EJU,Basel,BSL,LFSB,Alicante,ALC,LEAL,,,10:05,12:25,08:05,10:25,140,662,23457,5,2026-09-24T08:57:41.000Z
U26816,EJU,Basel,BSL,LFSB,Porto,OPO,LPPR,,,10:05,11:45,08:05,10:45,160,790,1234567,5,2026-09-24T08:57:46.000Z
U26818,EJU,Basel,BSL,LFSB,Porto,OPO,LPPR,,,10:10,11:50,08:10,10:50,160,790,1234567,7,2026-09-23T12:01:45.000Z
U27022,EJU,Basel,BSL,LFSB,Malaga,AGP,LEMG,,,10:15,13:00,08:15,11:00,165,845,24567,4,2026-09-24T08:57:49.000Z
U25535,EJU,Basel,BSL,LFSB,Berlin Brandenburg,BER,EDDB,,,10:15,11:45,08:15,09:45,90,367,3,1,2026-09-23T11:01:16.000Z
U21165,EZS,Basel,BSL,LFSB,Zadar,ZAD,LDZD,,,10:15,11:40,08:15,09:40,85,389,246,3,2026-08-29T11:58:37.000Z
U21017,EJU,Basel,BSL,LFSB,Ibiza,IBZ,LEIB,,,10:20,12:25,08:20,10:25,125,589,1234567,5,2026-09-24T08:57:47.000Z
U25537,EJU,Basel,BSL,LFSB,Toulouse,TLS,LFBO,,,10:20,11:45,08:20,09:45,85,352,3,1,2026-08-26T10:59:42.000Z
U21111,EZS,Basel,BSL,LFSB,Bari,BRI,LIBD,,,10:20,12:10,08:20,10:10,110,554,125,3,2026-09-21T12:00:44.000Z
U21081,EZS,Basel,BSL,LFSB,"Bastia, Corsica",BIA,LFKB,,,10:35,11:55,08:35,09:55,80,314,6,1,2026-08-29T11:01:24.000Z
U21121,EZS,Basel,BSL,LFSB,Lamezia,SUF,LICA,,,11:00,13:05,09:00,11:05,125,646,1457,4,2026-09-21T13:00:36.000Z
U21163,EZS,Basel,BSL,LFSB,Split,SPU,LDSP,,,11:20,12:55,09:20,10:55,95,442,123456,5,2026-09-24T08:57:50.000Z
U21051,EZS,Basel,BSL,LFSB,Valencia,VLC,LEVC,,,11:25,13:35,09:25,11:35,130,598,13457,5,2026-09-24T08:57:50.000Z
U21231,EZS,Basel,BSL,LFSB,Edinburgh,EDI,EGPH,,,11:25,12:40,09:25,11:40,135,643,14,2,2026-09-21T13:59:28.000Z
U21015,EJU,Basel,BSL,LFSB,Madrid,MAD,LEMD,,,11:35,13:55,09:35,11:55,140,640,123457,6,2026-09-24T08:57:44.000Z
U21119,EZS,Basel,BSL,LFSB,Brindisi,BDS,LIBR,,,11:55,14:00,09:55,12:00,125,612,1234567,6,2026-09-24T08:57:44.000Z
U21205,EZS,Basel,BSL,LFSB,Pristina,PRN,BKPR,,,12:25,14:35,10:25,12:35,130,646,1234567,6,2026-09-24T08:57:50.000Z
U21207,EZS,Basel,BSL,LFSB,Pristina,PRN,BKPR,,,12:25,14:35,10:25,12:35,130,646,124567,5,2026-09-24T08:57:50.000Z
U24778,EJU,Basel,BSL,LFSB,Nantes,NTE,LFRS,,,12:35,14:10,10:35,12:10,95,372,15,2,2026-09-21T13:59:30.000Z
U21910,EJU,Basel,BSL,LFSB,Bordeaux,BOD,LFBD,,,12:45,14:15,10:45,12:15,90,380,3,1,2026-09-23T14:01:11.000Z
U21025,EJU,Basel,BSL,LFSB,Tenerife South,TFS,GCTS,,,12:50,16:30,10:50,15:30,280,1625,23467,5,2026-09-24T08:57:50.000Z
U21279,EZS,Basel,BSL,LFSB,Corfu,CFU,LGKR,,,13:05,16:30,11:05,13:30,145,720,256,2,2026-09-22T15:02:23.000Z
U25371,EJU,Basel,BSL,LFSB,Split,SPU,LDSP,,,13:15,14:55,11:15,12:55,100,442,3,1,2026-09-23T13:59:06.000Z
U21101,EZS,Basel,BSL,LFSB,Naples,NAP,LIRN,,,13:20,15:10,11:20,13:10,110,497,357,2,2026-08-30T21:00:18.000Z
U21053,EZS,Basel,BSL,LFSB,Fuerteventura,FUE,GCFV,,,13:25,16:45,11:25,15:45,260,1521,2467,4,2026-09-24T08:57:46.000Z
U21003,EJU,Basel,BSL,LFSB,Majorca Palma,PMI,LEPA,,,13:35,15:30,11:35,13:30,115,526,12456,4,2026-09-24T07:59:40.000Z
U21085,EZS,Basel,BSL,LFSB,Lanzarote,ACE,GCRR,,,14:05,17:15,12:05,16:15,250,1489,346,3,2026-09-23T17:59:03.000Z
U21115,EZS,Basel,BSL,LFSB,Sicily Palermo,PMO,LICJ,,,14:15,16:15,12:15,14:15,120,616,1234567,6,2026-09-24T08:57:46.000Z
U21273,EZS,Basel,BSL,LFSB,Cyprus Larnaca,LCA,LCLK,,,14:30,19:15,12:30,16:15,225,1394,6,1,2026-09-19T17:59:08.000Z
U21029,EJU,Basel,BSL,LFSB,Barcelona,BCN,LEBL,,,14:40,16:25,12:40,14:25,105,444,1234567,7,2026-09-24T08:57:42.000Z
U21233,EZS,Basel,BSL,LFSB,Edinburgh,EDI,EGPH,,,14:40,16:05,12:40,15:05,145,643,2,1,2026-08-25T16:59:28.000Z
U21287,EZS,Basel,BSL,LFSB,Antalya,AYT,LTAI,,,14:45,19:20,12:45,16:20,215,1211,6,1,2026-09-19T18:01:29.000Z
U21125,EZS,Basel,BSL,LFSB,Brindisi,BDS,LIBR,,,14:45,16:50,12:45,14:50,125,612,3,1,2026-09-23T17:00:53.000Z
U27124,EJU,Basel,BSL,LFSB,Barcelona,BCN,LEBL,,,15:00,16:45,13:00,14:45,105,444,157,3,2026-09-21T16:01:54.000Z
U21107,EZS,Basel,BSL,LFSB,Sardinia Olbia,OLB,LIEO,,,15:00,16:40,13:00,14:40,100,411,134567,6,2026-09-24T08:57:49.000Z
U25186,EJU,Basel,BSL,LFSB,Berlin Brandenburg,BER,EDDB,,,15:05,16:35,13:05,14:35,90,367,123457,6,2026-09-24T08:57:44.000Z
U27274,EJU,Basel,BSL,LFSB,Majorca Palma,PMI,LEPA,319,A319,15:05,17:00,13:05,15:00,115,526,1234567,6,2026-09-24T08:57:49.000Z
U21071,EZS,Basel,BSL,LFSB,Bordeaux,BOD,LFBD,,,15:10,16:40,13:10,14:40,90,380,23457,4,2026-09-24T08:57:44.000Z
U21075,EZS,Basel,BSL,LFSB,Montpellier,MPL,LFMT,,,15:45,17:05,13:45,15:05,80,284,1357,4,2026-09-20T17:00:21.000Z
U21063,EZS,Basel,BSL,LFSB,"Ajaccio, Corsica",AJA,LFKJ,,,15:55,17:20,13:55,15:20,85,345,13567,5,2026-09-23T17:00:52.000Z
U22182,EZY,Basel,BSL,LFSB,Manchester,MAN,EGCC,,,16:15,17:05,14:15,16:05,110,508,12457,5,2026-09-24T08:57:49.000Z
U26878,EJU,Basel,BSL,LFSB,Porto,OPO,LPPR,,,16:20,17:55,14:20,16:55,155,790,267,3,2026-09-22T18:02:40.000Z
U24230,EJU,Basel,BSL,LFSB,Naples,NAP,LIRN,,,16:20,18:10,14:20,16:10,110,497,14,2,2026-09-24T08:57:49.000Z
U21281,EZS,Basel,BSL,LFSB,Malta,MLA,LMML,,,16:50,19:10,14:50,17:10,140,771,26,2,2026-09-22T19:01:16.000Z
U27567,EJU,Basel,BSL,LFSB,"Bastia, Corsica",BIA,LFKB,,,16:55,18:15,14:55,16:15,80,314,2,1,2026-08-25T18:01:25.000Z
U27459,EJU,Basel,BSL,LFSB,Pula,PUY,LDPL,,,17:00,18:15,15:00,16:15,75,311,4,1,2026-08-27T17:59:40.000Z
U27278,EJU,Basel,BSL,LFSB,Majorca Palma,PMI,LEPA,,,17:00,18:55,15:00,16:55,115,526,35,2,2026-09-23T17:59:05.000Z
U21007,EJU,Basel,BSL,LFSB,Malaga,AGP,LEMG,,,17:05,19:50,15:05,17:50,165,845,1235,3,2026-09-23T09:00:42.000Z
U27571,EJU,Basel,BSL,LFSB,Prague,PRG,LKPR,,,17:15,18:40,15:15,16:40,85,305,135,2,2026-09-23T17:59:05.000Z
U21117,EZS,Basel,BSL,LFSB,Sicily Catania,CTA,LICC,,,17:20,19:35,15:20,17:35,135,693,1234567,7,2026-09-24T08:57:44.000Z
U23220,EZY,Basel,BSL,LFSB,Edinburgh,EDI,EGPH,,,17:20,18:40,15:20,17:40,140,643,4567,4,2026-09-24T08:57:46.000Z
U27455,EJU,Basel,BSL,LFSB,Nice,NCE,LFMN,,,17:20,18:40,15:20,16:40,80,237,47,2,2026-09-24T08:57:49.000Z
U21011,EJU,Basel,BSL,LFSB,Alicante,ALC,LEAL,,,17:30,20:10,15:30,18:10,160,662,1,1,2026-09-21T19:59:34.000Z
U21275,EZS,Basel,BSL,LFSB,Porto,OPO,LPPR,,,17:30,19:10,15:30,18:10,160,790,3,1,2026-09-23T19:59:17.000Z
U22660,EZY,Basel,BSL,LFSB,London Luton,LTN,EGGW,,,17:30,18:10,15:30,17:10,100,399,47,2,2026-08-30T19:01:44.000Z
U21261,EZS,Basel,BSL,LFSB,Krakow,KRK,EPKK,,,17:40,19:30,15:40,17:30,110,506,1234567,7,2026-09-24T08:57:48.000Z
U21031,EJU,Basel,BSL,LFSB,Majorca Palma,PMI,LEPA,,,18:05,20:00,16:05,18:00,115,526,467,3,2026-09-24T08:57:49.000Z
U21213,EZS,Basel,BSL,LFSB,Budapest,BUD,LHBP,,,18:30,20:15,16:30,18:15,105,476,13457,3,2026-09-24T08:57:44.000Z
U21263,EZS,Basel,BSL,LFSB,Copenhagen,CPH,EKCH,,,18:40,20:30,16:40,18:30,110,518,1234567,7,2026-09-24T08:57:45.000Z
U21754,EJU,Basel,BSL,LFSB,Nice,NCE,LFMN,,,18:40,20:00,16:40,18:00,80,237,24,2,2026-08-27T22:00:57.000Z
U21169,EZS,Basel,BSL,LFSB,Dubrovnik,DBV,LDDU,,,18:45,20:35,16:45,18:35,110,546,37,2,2026-09-13T19:59:29.000Z
U21259,EZS,Basel,BSL,LFSB,Copenhagen,CPH,EKCH,,,18:50,20:40,16:50,18:40,110,518,15,2,2026-09-21T19:59:36.000Z
U21091,EZS,Basel,BSL,LFSB,Lille,LIL,LFQQ,,,18:55,20:15,16:55,18:15,80,249,5,1,2026-08-28T19:57:31.000Z
U21217,EZS,Basel,BSL,LFSB,Budapest,BUD,LHBP,,,19:00,20:45,17:00,18:45,105,476,27,2,2026-09-22T21:01:41.000Z
U21113,EZS,Basel,BSL,LFSB,Naples,NAP,LIRN,,,19:05,20:50,17:05,18:50,105,497,2,1,2026-08-25T21:00:59.000Z
U21269,EZS,Basel,BSL,LFSB,Prague,PRG,LKPR,,,19:10,20:35,17:10,18:35,85,305,1,1,2026-08-24T19:59:18.000Z
U21123,EZS,Basel,BSL,LFSB,Rome Fiumicino,FCO,LIRF,,,19:20,21:00,17:20,19:00,100,402,12457,4,2026-09-24T08:57:48.000Z
U21189,EZS,Basel,BSL,LFSB,Berlin Brandenburg,BER,EDDB,,,19:25,20:55,17:25,18:55,90,367,13457,4,2026-09-24T08:57:44.000Z
U21183,EZS,Basel,BSL,LFSB,Hamburg,HAM,EDDH,,,19:40,21:10,17:40,19:10,90,374,123457,3,2026-09-23T20:58:59.000Z
U21185,EZS,Basel,BSL,LFSB,Hamburg,HAM,EDDH,,,19:40,21:10,17:40,19:10,90,374,2,1,2026-09-22T20:59:10.000Z
U21129,EZS,Basel,BSL,LFSB,Venice Marco Polo,VCE,LIPZ,,,19:45,20:55,17:45,18:55,70,236,145,3,2026-09-21T19:59:43.000Z
U21055,EZS,Basel,BSL,LFSB,Nice,NCE,LFMN,,,19:45,21:05,17:45,19:05,80,237,13567,4,2026-09-21T21:01:04.000Z
U21167,EZS,Basel,BSL,LFSB,Pula,PUY,LDPL,,,19:50,21:05,17:50,19:05,75,311,26,2,2026-09-22T20:59:13.000Z
U21093,EZS,Basel,BSL,LFSB,Montpellier,MPL,LFMT,,,20:00,21:15,18:00,19:15,75,284,3,1,2026-09-23T20:59:00.000Z
U27680,EJU,Basel,BSL,LFSB,Lisbon,LIS,LPPT,,,20:15,22:10,18:15,21:10,175,898,2,1,2026-09-22T23:00:53.000Z
U27276,EJU,Basel,BSL,LFSB,Majorca Palma,PMI,LEPA,,,20:45,22:40,18:45,20:40,115,526,123567,6,2026-09-22T21:58:58.000Z
U27646,EJU,Basel,BSL,LFSB,Lisbon,LIS,LPPT,,,20:50,22:45,18:50,21:45,175,898,234567,6,2026-09-23T22:59:15.000Z
U27104,EJU,Basel,BSL,LFSB,Barcelona,BCN,LEBL,,,21:00,22:50,19:00,20:50,110,444,1234567,4,2026-09-23T21:59:38.000Z
U27524,EJU,Basel,BSL,LFSB,Faro,FAO,LPFR,,,21:05,23:00,19:05,22:00,175,933,1234567,5,2026-09-23T23:59:02.000Z
U25192,EJU,Basel,BSL,LFSB,Berlin Brandenburg,BER,EDDB,,,21:25,22:55,19:25,20:55,90,367,12,2,2026-09-22T23:00:48.000Z
U27648,EJU,Basel,BSL,LFSB,Lisbon,LIS,LPPT,,,21:30,23:30,19:30,22:30,180,898,6,1,2026-09-20T00:00:39.000Z
U22882,EZY,Basel,BSL,LFSB,Bristol,BRS,EGGD,,,21:30,22:15,19:30,21:15,105,459,15,2,2026-09-21T22:59:30.000Z
U28484,EZY,Basel,BSL,LFSB,London Gatwick,LGW,EGKK,,,21:45,22:25,19:45,21:25,100,369,1234567,6,2026-09-23T22:59:15.000Z
U21212,EZS,Budapest,BUD,LHBP,Basel,BSL,LFSB,,,08:45,10:30,06:45,08:30,105,476,12456,4,2026-09-24T08:57:43.000Z
U24686,EJU,Budapest,BUD,LHBP,Paris Charles de Gaulle,CDG,LFPG,,,09:05,11:30,07:05,09:30,145,674,1457,4,2026-09-21T11:01:10.000Z
U28736,EZY,Budapest,BUD,LHBP,London Gatwick,LGW,EGKK,,,10:10,12:00,08:10,11:00,170,791,47,2,2026-09-24T08:57:43.000Z
U28732,EZY,Budapest,BUD,LHBP,London Gatwick,LGW,EGKK,,,11:45,13:35,09:45,12:35,170,791,135,3,2026-09-21T13:59:30.000Z
U24400,EJU,Budapest,BUD,LHBP,Lyon,LYS,LFLL,,,13:05,15:10,11:05,13:10,125,593,15,2,2026-09-21T18:00:33.000Z
U21566,EZS,Budapest,BUD,LHBP,Geneva,GVA,LSGG,,,14:15,16:10,12:15,14:10,115,544,13457,5,2026-09-24T08:57:41.000Z
U24742,EJU,Budapest,BUD,LHBP,Nantes,NTE,LFRS,,,15:30,18:10,13:30,16:10,160,848,15,2,2026-09-21T18:00:35.000Z
U21850,EJU,Budapest,BUD,LHBP,Bordeaux,BOD,LFBD,,,17:45,20:25,15:45,18:25,160,843,47,1,2026-09-24T08:57:43.000Z
U21218,EZS,Budapest,BUD,LHBP,Basel,BSL,LFSB,,,21:20,23:00,19:20,21:00,100,476,27,2,2026-09-22T22:01:39.000Z
U21214,EZS,Budapest,BUD,LHBP,Basel,BSL,LFSB,,,21:25,23:05,19:25,21:05,100,476,13457,4,2026-09-23T21:02:41.000Z
U27584,EJU,Boa Vista,BVC,GVBA,Lisbon,LIS,LPPT,,,09:25,15:35,10:25,14:35,250,1540,25,1,2026-09-22T16:00:05.000Z
U26872,EJU,Boa Vista,BVC,GVBA,Porto,OPO,LPPR,,,09:30,15:50,10:30,14:50,260,1678,246,3,2026-09-24T08:57:40.000Z
U21660,EJU,Sardinia Cagliari,CAG,LIEE,Nice,NCE,LFMN,,,08:10,09:30,06:10,07:30,80,277,246,3,2026-08-29T09:00:49.000Z
U21534,EZS,Sardinia Cagliari,CAG,LIEE,Geneva,GVA,LSGG,,,08:55,10:35,06:55,08:35,100,439,27,2,2026-09-20T10:01:00.000Z
U21110,EZS,Sardinia Cagliari,CAG,LIEE,Basel,BSL,LFSB,,,09:05,10:55,07:05,08:55,110,506,24567,5,2026-09-22T09:01:00.000Z
U24128,EJU,Sardinia Cagliari,CAG,LIEE,Naples,NAP,LIRN,,,11:20,12:40,09:20,10:40,80,260,2347,3,2026-08-30T13:00:24.000Z
U23568,EJU,Sardinia Cagliari,CAG,LIEE,Milan Malpensa,MXP,LIMC,,,12:35,14:05,10:35,12:05,90,383,1257,4,2026-09-21T13:59:30.000Z
U24346,EJU,Sardinia Cagliari,CAG,LIEE,Lyon,LYS,LFLL,,,15:40,17:20,13:40,15:20,100,426,36,2,2026-08-29T18:00:55.000Z
U23522,EJU,Sardinia Cagliari,CAG,LIEE,Milan Malpensa,MXP,LIMC,,,15:40,17:10,13:40,15:10,90,383,1346,4,2026-09-24T08:57:43.000Z
U24946,EJU,Sardinia Cagliari,CAG,LIEE,Paris Orly,ORY,LFPO,,,16:00,18:15,14:00,16:15,135,638,2467,3,2026-09-19T17:59:09.000Z
U21424,EZS,Sardinia Cagliari,CAG,LIEE,Geneva,GVA,LSGG,,,17:50,19:30,15:50,17:30,100,439,134567,6,2026-09-23T19:00:05.000Z
U23566,EJU,Sardinia Cagliari,CAG,LIEE,Milan Malpensa,MXP,LIMC,,,19:20,20:50,17:20,18:50,90,383,1234567,7,2026-09-13T19:59:33.000Z
U21842,EJU,Sardinia Cagliari,CAG,LIEE,Bordeaux,BOD,LFBD,,,21:30,23:30,19:30,21:30,120,549,25,2,2026-08-28T23:00:28.000Z
U23572,EJU,Sardinia Cagliari,CAG,LIEE,Milan Malpensa,MXP,LIMC,,,22:25,23:55,20:25,21:55,90,383,257,3,2026-09-18T22:59:20.000Z
U23626,EJU,Sardinia Cagliari,CAG,LIEE,Milan Malpensa,MXP,LIMC,,,22:35,00:05,20:35,22:05,90,383,1,1,2026-09-22T00:01:53.000Z
U23570,EJU,Sardinia Cagliari,CAG,LIEE,Milan Malpensa,MXP,LIMC,,,23:30,01:00,21:30,23:00,90,383,3456,4,2026-09-18T00:59:05.000Z
U24683,EJU,Paris Charles de Gaulle,CDG,LFPG,Agadir,AGA,GMAD,,,06:00,08:35,04:00,07:35,215,1247,2467,3,2026-09-24T08:57:41.000Z
U24663,EJU,Paris Charles de Gaulle,CDG,LFPG,Marrakech,RAK,GMMX,,,06:00,08:25,04:00,07:25,205,1149,12456,4,2026-09-24T08:57:49.000Z
U24629,EJU,Paris Charles de Gaulle,CDG,LFPG,Reykjavik Keflavik,KEF,BIKF,,,06:00,07:50,04:00,07:50,230,1210,26,1,2026-09-22T09:01:04.000Z
U24541,EJU,Paris Charles de Gaulle,CDG,LFPG,Milan Malpensa,MXP,LIMC,,,06:00,07:30,04:00,05:30,90,323,12345,4,2026-09-24T08:57:49.000Z
U24525,EJU,Paris Charles de Gaulle,CDG,LFPG,Nice,NCE,LFMN,,,06:00,07:35,04:00,05:35,95,375,13456,4,2026-09-24T07:59:40.000Z
U24631,EJU,Paris Charles de Gaulle,CDG,LFPG,Berlin Brandenburg,BER,EDDB,,,06:05,07:50,04:05,05:50,105,462,36,2,2026-09-23T07:00:12.000Z
U24519,EJU,Paris Charles de Gaulle,CDG,LFPG,"Figari, Corsica",FSC,LFKF,,,06:05,08:00,04:05,06:00,115,528,1346,4,2026-08-29T08:00:44.000Z
U24611,EJU,Paris Charles de Gaulle,CDG,LFPG,Crete Heraklion,HER,LGIR,,,06:10,10:40,04:10,07:40,210,1290,23457,2,2026-09-24T08:57:47.000Z
U24651,EJU,Paris Charles de Gaulle,CDG,LFPG,Manchester,MAN,EGCC,,,06:10,06:40,04:10,05:40,90,318,15,2,2026-08-28T07:00:00.000Z
U24635,EJU,Paris Charles de Gaulle,CDG,LFPG,Aberdeen,ABZ,EGPD,,,06:15,07:15,04:15,06:15,120,521,457,3,2026-09-24T07:59:30.000Z
U24613,EJU,Paris Charles de Gaulle,CDG,LFPG,Corfu,CFU,LGKR,,,06:15,10:00,04:15,07:00,165,932,1234567,5,2026-09-22T09:01:01.000Z
U24621,EJU,Paris Charles de Gaulle,CDG,LFPG,Split,SPU,LDSP,,,06:55,09:00,04:55,07:00,125,657,234567,4,2026-09-22T09:01:06.000Z
U24505,EJU,Paris Charles de Gaulle,CDG,LFPG,"Ajaccio, Corsica",AJA,LFKJ,,,07:00,08:45,05:00,06:45,105,500,23467,4,2026-09-23T13:02:14.000Z
U24667,EJU,Paris Charles de Gaulle,CDG,LFPG,Krakow,KRK,EPKK,,,07:00,09:10,05:00,07:10,130,673,1234567,2,2026-09-24T08:57:48.000Z
U24515,EJU,Paris Charles de Gaulle,CDG,LFPG,"Calvi, Corsica",CLY,LFKC,,,07:00,08:50,05:00,06:50,110,468,367,2,2026-08-30T07:59:35.000Z
U24691,EJU,Paris Charles de Gaulle,CDG,LFPG,Birmingham,BHX,EGBB,,,07:05,07:25,05:05,06:25,80,264,34,2,2026-09-24T07:59:32.000Z
U28402,EJU,Paris Charles de Gaulle,CDG,LFPG,London Gatwick,LGW,EGKK,,,07:10,07:20,05:10,06:20,70,166,123457,2,2026-09-24T08:57:48.000Z
U24573,EJU,Paris Charles de Gaulle,CDG,LFPG,Tenerife South,TFS,GCTS,,,07:20,10:50,05:20,09:50,270,1537,4,1,2026-09-24T08:57:50.000Z
U24557,EJU,Paris Charles de Gaulle,CDG,LFPG,Marrakech,RAK,GMMX,,,07:40,09:05,05:40,09:05,205,1149,3,1,2026-09-23T10:58:55.000Z
U24695,EJU,Paris Charles de Gaulle,CDG,LFPG,Cairo Sphinx,SPX,HESX,,,07:45,13:15,05:45,10:15,270,1717,37,2,2026-09-23T12:01:45.000Z
U24619,EJU,Paris Charles de Gaulle,CDG,LFPG,Glasgow,GLA,EGPF,,,07:45,08:30,05:45,07:30,105,484,5,1,2026-09-18T08:58:58.000Z
U25160,EJU,Paris Charles de Gaulle,CDG,LFPG,Berlin Brandenburg,BER,EDDB,,,08:25,10:05,06:25,08:05,100,462,1234567,5,2026-09-24T08:57:44.000Z
U23806,EJU,Paris Charles de Gaulle,CDG,LFPG,Milan Malpensa,MXP,LIMC,,,08:40,10:10,06:40,08:10,90,323,12467,3,2026-09-24T08:57:49.000Z
U24627,EJU,Paris Charles de Gaulle,CDG,LFPG,Reykjavik Keflavik,KEF,BIKF,,,08:45,10:35,06:45,10:35,230,1210,4,1,2026-09-03T11:58:57.000Z
U22434,EZY,Paris Charles de Gaulle,CDG,LFPG,London Luton,LTN,EGGW,,,09:05,09:25,07:05,08:25,80,205,1234567,3,2026-09-24T08:57:48.000Z
U23034,EZY,Paris Charles de Gaulle,CDG,LFPG,Belfast Intl,BFS,EGAA,,,09:50,10:40,07:50,09:40,110,469,234567,6,2026-09-23T11:01:16.000Z
U28404,EZY,Paris Charles de Gaulle,CDG,LFPG,London Gatwick,LGW,EGKK,,,09:55,10:05,07:55,09:05,70,166,56,2,2026-09-19T11:02:23.000Z
U26606,EZY,Paris Charles de Gaulle,CDG,LFPG,Birmingham,BHX,EGBB,,,10:00,10:20,08:00,09:20,80,264,1234567,6,2026-09-23T11:01:16.000Z
U22774,EZY,Paris Charles de Gaulle,CDG,LFPG,Bristol,BRS,EGGD,,,10:05,10:25,08:05,09:25,80,248,123456,4,2026-09-23T11:01:16.000Z
U22106,EZY,Paris Charles de Gaulle,CDG,LFPG,Manchester,MAN,EGCC,,,10:10,10:40,08:10,09:40,90,318,1234567,4,2026-09-24T08:57:49.000Z
U23808,EJU,Paris Charles de Gaulle,CDG,LFPG,Milan Malpensa,MXP,LIMC,,,10:15,11:45,08:15,09:45,90,323,467,3,2026-09-20T10:58:57.000Z
U25712,EZY,Paris Charles de Gaulle,CDG,LFPG,London Southend,SEN,EGMC,,,10:20,10:25,08:20,09:25,65,170,47,2,2026-09-13T10:59:02.000Z
U24661,EJU,Paris Charles de Gaulle,CDG,LFPG,London Southend,SEN,EGMC,,,10:25,10:30,08:25,09:30,65,170,1357,4,2026-09-21T11:01:09.000Z
U24689,EJU,Paris Charles de Gaulle,CDG,LFPG,Newcastle,NCL,EGNT,,,10:30,11:10,08:30,10:10,100,394,15,2,2026-09-21T13:00:38.000Z
U23242,EZY,Paris Charles de Gaulle,CDG,LFPG,Edinburgh,EDI,EGPH,,,10:30,11:15,08:30,10:15,105,469,1234567,6,2026-09-24T08:57:46.000Z
U28458,EJU,Paris Charles de Gaulle,CDG,LFPG,London Gatwick,LGW,EGKK,,,10:50,11:00,08:50,10:00,70,166,14,2,2026-09-24T08:57:48.000Z
U24585,EJU,Paris Charles de Gaulle,CDG,LFPG,Majorca Palma,PMI,LEPA,,,11:00,13:10,09:00,11:10,130,568,34,2,2026-08-27T12:59:32.000Z
U24527,EJU,Paris Charles de Gaulle,CDG,LFPG,Nice,NCE,LFMN,,,11:15,12:50,09:15,10:50,95,375,12357,5,2026-09-22T12:58:54.000Z
U24673,EJU,Paris Charles de Gaulle,CDG,LFPG,Luxor,LXR,HELX,,,11:20,17:25,09:20,14:25,305,1984,6,1,2026-09-19T15:59:14.000Z
U24687,EJU,Paris Charles de Gaulle,CDG,LFPG,Sharm El Sheikh,SSH,HESH,,,11:50,17:50,09:50,14:50,300,1933,6,1,2026-09-19T15:59:16.000Z
U24513,EJU,Paris Charles de Gaulle,CDG,LFPG,Lanzarote,ACE,GCRR,,,11:55,15:05,09:55,14:05,250,1415,5,1,2026-09-04T16:00:30.000Z
U24639,EJU,Paris Charles de Gaulle,CDG,LFPG,Bristol,BRS,EGGD,,,12:00,12:20,10:00,11:20,80,248,1,1,2026-09-21T13:00:33.000Z
U26006,EJU,Paris Charles de Gaulle,CDG,LFPG,Marrakech,RAK,GMMX,,,12:05,13:35,10:05,13:35,210,1149,37,2,2026-09-20T14:58:42.000Z
U24657,EJU,Paris Charles de Gaulle,CDG,LFPG,Hurghada,HRG,HEGN,,,12:05,18:15,10:05,15:15,310,1950,2367,3,2026-09-23T17:00:56.000Z
U24649,EJU,Paris Charles de Gaulle,CDG,LFPG,Edinburgh,EDI,EGPH,,,12:10,13:00,10:10,12:00,110,469,15,2,2026-09-18T14:01:21.000Z
U24507,EJU,Paris Charles de Gaulle,CDG,LFPG,"Ajaccio, Corsica",AJA,LFKJ,,,12:30,14:20,10:30,12:20,110,500,157,3,2026-09-18T14:01:16.000Z
U24521,EJU,Paris Charles de Gaulle,CDG,LFPG,"Figari, Corsica",FSC,LFKF,,,12:45,14:45,10:45,12:45,120,528,257,3,2026-09-20T14:01:40.000Z
U25162,EJU,Paris Charles de Gaulle,CDG,LFPG,Berlin Brandenburg,BER,EDDB,,,12:50,14:35,10:50,12:35,105,462,123457,6,2026-09-24T08:57:44.000Z
U22436,EZY,Paris Charles de Gaulle,CDG,LFPG,London Luton,LTN,EGGW,,,12:50,13:10,10:50,12:10,80,205,156,3,2026-09-21T13:59:30.000Z
U24641,EJU,Paris Charles de Gaulle,CDG,LFPG,Belfast Intl,BFS,EGAA,,,12:55,13:45,10:55,12:45,110,469,14,2,2026-09-24T08:57:44.000Z
U24509,EJU,Paris Charles de Gaulle,CDG,LFPG,Tenerife South,TFS,GCTS,,,12:55,16:20,10:55,15:20,265,1537,1,1,2026-08-24T17:00:21.000Z
U24543,EJU,Paris Charles de Gaulle,CDG,LFPG,Milan Malpensa,MXP,LIMC,,,13:00,14:30,11:00,12:30,90,323,12345,5,2026-09-24T08:57:49.000Z
U24575,EJU,Paris Charles de Gaulle,CDG,LFPG,Tenerife South,TFS,GCTS,320,A320,13:20,16:45,11:20,15:45,265,1537,234567,6,2026-09-22T16:59:27.000Z
U24623,EJU,Paris Charles de Gaulle,CDG,LFPG,Split,SPU,LDSP,,,13:20,15:30,11:20,13:30,130,657,167,3,2026-08-30T15:02:01.000Z
U24671,EJU,Paris Charles de Gaulle,CDG,LFPG,Krakow,KRK,EPKK,,,13:20,15:35,11:20,13:35,135,673,7,1,2026-08-30T15:01:56.000Z
U24677,EJU,Paris Charles de Gaulle,CDG,LFPG,Edinburgh,EDI,EGPH,,,13:20,14:10,11:20,13:10,110,469,14,2,2026-09-24T08:57:46.000Z
U24500,EJU,Paris Charles de Gaulle,CDG,LFPG,Krakow,KRK,EPKK,,,13:30,15:45,11:30,13:45,135,673,2,1,2026-08-25T14:59:09.000Z
U24551,EJU,Paris Charles de Gaulle,CDG,LFPG,Venice Marco Polo,VCE,LIPZ,,,13:30,15:15,11:30,13:15,105,451,123457,6,2026-09-24T08:57:49.000Z
U24511,EJU,Paris Charles de Gaulle,CDG,LFPG,Gran Canaria,LPA,GCLP,,,13:50,17:10,11:50,16:10,260,1512,26,2,2026-09-22T18:02:40.000Z
U23818,EJU,Paris Charles de Gaulle,CDG,LFPG,Milan Malpensa,MXP,LIMC,,,13:50,15:20,11:50,13:20,90,323,15,2,2026-09-21T15:00:23.000Z
U23810,EJU,Paris Charles de Gaulle,CDG,LFPG,Milan Malpensa,MXP,LIMC,,,14:10,15:40,12:10,13:40,90,323,67,2,2026-09-20T14:58:42.000Z
U24545,EJU,Paris Charles de Gaulle,CDG,LFPG,Milan Malpensa,MXP,LIMC,,,14:10,15:40,12:10,13:40,90,323,1235,4,2026-09-23T14:59:35.000Z
U23124,EZY,Paris Charles de Gaulle,CDG,LFPG,Glasgow,GLA,EGPF,,,14:15,15:05,12:15,14:05,110,484,1234567,6,2026-09-24T08:57:46.000Z
U24577,EJU,Paris Charles de Gaulle,CDG,LFPG,Lanzarote,ACE,GCRR,,,14:20,17:30,12:20,16:30,250,1415,1346,4,2026-09-23T17:59:03.000Z
U22438,EZY,Paris Charles de Gaulle,CDG,LFPG,London Luton,LTN,EGGW,,,14:20,14:40,12:20,13:40,80,205,123457,6,2026-09-23T17:00:57.000Z
U22114,EZY,Paris Charles de Gaulle,CDG,LFPG,Manchester,MAN,EGCC,,,14:25,14:55,12:25,13:55,90,318,1256,3,2026-09-22T20:59:12.000Z
U24645,EJU,Paris Charles de Gaulle,CDG,LFPG,Manchester,MAN,EGCC,,,14:35,15:05,12:35,14:05,90,318,345,3,2026-09-24T08:57:49.000Z
U24529,EJU,Paris Charles de Gaulle,CDG,LFPG,Nice,NCE,LFMN,,,14:45,16:25,12:45,14:25,100,375,1247,4,2026-09-20T15:59:39.000Z
U24659,EJU,Paris Charles de Gaulle,CDG,LFPG,London Stansted,STN,EGSS,,,14:50,15:00,12:50,14:00,70,194,15,2,2026-09-21T15:58:59.000Z
U27298,EJU,Paris Charles de Gaulle,CDG,LFPG,Majorca Palma,PMI,LEPA,319,A319,14:55,16:55,12:55,14:55,120,568,24567,5,2026-09-19T15:59:15.000Z
U24665,EJU,Paris Charles de Gaulle,CDG,LFPG,Marrakech,RAK,GMMX,,,15:15,16:45,13:15,16:45,210,1149,123457,4,2026-09-24T08:57:49.000Z
U24601,EJU,Paris Charles de Gaulle,CDG,LFPG,Madeira Funchal,FNC,LPMA,,,15:15,18:05,13:15,17:05,230,1307,23467,5,2026-09-23T19:00:10.000Z
U24637,EJU,Paris Charles de Gaulle,CDG,LFPG,Leeds Bradford,LBA,EGNM,,,15:55,16:30,13:55,15:30,95,331,15,2,2026-09-21T17:00:17.000Z
U25612,EZY,Paris Charles de Gaulle,CDG,LFPG,Newcastle,NCL,EGNT,,,16:10,16:50,14:10,15:50,100,394,2347,4,2026-09-24T08:57:49.000Z
U28412,EZY,Paris Charles de Gaulle,CDG,LFPG,London Gatwick,LGW,EGKK,,,16:10,16:25,14:10,15:25,75,166,147,3,2026-09-21T17:00:17.000Z
U22118,EZY,Paris Charles de Gaulle,CDG,LFPG,Manchester,MAN,EGCC,,,16:25,16:55,14:25,15:55,90,318,123457,6,2026-09-24T08:57:49.000Z
U23476,EZY,Paris Charles de Gaulle,CDG,LFPG,Liverpool,LPL,EGGP,,,16:55,17:25,14:55,16:25,90,330,13457,5,2026-09-24T08:57:48.000Z
U23812,EJU,Paris Charles de Gaulle,CDG,LFPG,Milan Malpensa,MXP,LIMC,,,17:10,18:40,15:10,16:40,90,323,67,2,2026-09-20T18:00:29.000Z
U24563,EJU,Paris Charles de Gaulle,CDG,LFPG,Milan Linate,LIN,LIML,,,17:25,18:55,15:25,16:55,90,348,123457,2,2026-09-24T08:57:49.000Z
U24537,EJU,Paris Charles de Gaulle,CDG,LFPG,Nice,NCE,LFMN,,,17:35,19:10,15:35,17:10,95,375,124,3,2026-09-21T19:59:41.000Z
U22776,EZY,Paris Charles de Gaulle,CDG,LFPG,Bristol,BRS,EGGD,,,17:45,18:05,15:45,17:05,80,248,234567,6,2026-09-23T19:00:05.000Z
U24633,EJU,Paris Charles de Gaulle,CDG,LFPG,Berlin Brandenburg,BER,EDDB,,,18:00,19:45,16:00,17:45,105,462,457,3,2026-09-24T08:57:44.000Z
U24669,EJU,Paris Charles de Gaulle,CDG,LFPG,Krakow,KRK,EPKK,,,18:20,20:30,16:20,18:30,130,673,1457,4,2026-09-24T08:57:48.000Z
U24685,EJU,Paris Charles de Gaulle,CDG,LFPG,Budapest,BUD,LHBP,,,18:25,20:35,16:25,18:35,130,674,1457,4,2026-09-24T08:57:44.000Z
U24679,EJU,Paris Charles de Gaulle,CDG,LFPG,Edinburgh,EDI,EGPH,,,18:30,19:15,16:30,18:15,105,469,157,3,2026-09-21T19:59:36.000Z
U23126,EZY,Paris Charles de Gaulle,CDG,LFPG,Glasgow,GLA,EGPF,,,18:40,19:25,16:40,18:25,105,484,124567,6,2026-09-22T20:59:10.000Z
U24559,EJU,Paris Charles de Gaulle,CDG,LFPG,Milan Linate,LIN,LIML,,,18:45,20:15,16:45,18:15,90,348,2,1,2026-09-22T20:01:42.000Z
U24681,EJU,Paris Charles de Gaulle,CDG,LFPG,Edinburgh,EDI,EGPH,,,18:45,19:30,16:45,18:30,105,469,14,2,2026-09-24T08:57:46.000Z
U24643,EJU,Paris Charles de Gaulle,CDG,LFPG,Glasgow,GLA,EGPF,,,19:10,19:55,17:10,18:55,105,484,1345,4,2026-09-24T08:57:46.000Z
U24547,EJU,Paris Charles de Gaulle,CDG,LFPG,Milan Malpensa,MXP,LIMC,,,19:10,20:40,17:10,18:40,90,323,1345,4,2026-09-24T08:57:49.000Z
U24553,EJU,Paris Charles de Gaulle,CDG,LFPG,Venice Marco Polo,VCE,LIPZ,,,19:20,21:00,17:20,19:00,100,451,157,3,2026-09-21T21:58:51.000Z
U27074,EJU,Paris Charles de Gaulle,CDG,LFPG,Bristol,BRS,EGGD,,,19:25,19:45,17:25,18:45,80,248,17,2,2026-09-21T19:59:35.000Z
U28410,EJU,Paris Charles de Gaulle,CDG,LFPG,London Gatwick,LGW,EGKK,,,19:25,19:35,17:25,18:35,70,166,1234567,3,2026-09-24T08:57:48.000Z
U25164,EJU,Paris Charles de Gaulle,CDG,LFPG,Berlin Brandenburg,BER,EDDB,,,19:30,21:15,17:30,19:15,105,462,145,3,2026-09-24T08:57:49.000Z
U27554,EJU,Paris Charles de Gaulle,CDG,LFPG,Bristol,BRS,EGGD,,,19:30,19:50,17:30,18:50,80,248,4,1,2026-09-24T08:57:44.000Z
U24539,EJU,Paris Charles de Gaulle,CDG,LFPG,Milan Malpensa,MXP,LIMC,,,19:30,21:00,17:30,19:00,90,323,135,3,2026-09-21T21:01:04.000Z
U24531,EJU,Paris Charles de Gaulle,CDG,LFPG,Nice,NCE,LFMN,,,19:45,21:20,17:45,19:20,95,375,13457,4,2026-09-23T20:59:00.000Z
U25166,EJU,Paris Charles de Gaulle,CDG,LFPG,Berlin Brandenburg,BER,EDDB,,,20:35,22:20,18:35,20:20,105,462,1,1,2026-09-21T22:01:17.000Z
U28406,EZY,Paris Charles de Gaulle,CDG,LFPG,London Gatwick,LGW,EGKK,,,20:55,21:05,18:55,20:05,70,166,123457,4,2026-09-23T21:59:43.000Z
U25460,EJU,Paris Charles de Gaulle,CDG,LFPG,Milan Linate,LIN,LIML,,,21:25,22:55,19:25,20:55,90,348,6,1,2026-09-19T21:59:55.000Z
U21624,EJU,Paris Charles de Gaulle,CDG,LFPG,Nice,NCE,LFMN,,,21:35,23:10,19:35,21:10,95,375,5,1,2026-08-28T23:59:03.000Z
U21648,EJU,Paris Charles de Gaulle,CDG,LFPG,Nice,NCE,LFMN,,,21:40,23:15,19:40,21:15,95,375,7,1,2026-09-20T22:58:38.000Z
U23244,EZY,Paris Charles de Gaulle,CDG,LFPG,Edinburgh,EDI,EGPH,,,21:55,22:40,19:55,21:40,105,469,123457,5,2026-09-23T22:59:13.000Z
U22440,EZY,Paris Charles de Gaulle,CDG,LFPG,London Luton,LTN,EGGW,,,22:05,22:15,20:05,21:15,70,205,123457,5,2026-09-23T22:59:15.000Z
U22108,EZY,Paris Charles de Gaulle,CDG,LFPG,Manchester,MAN,EGCC,,,22:10,22:35,20:10,21:35,85,318,123457,6,2026-09-24T00:59:24.000Z
U21630,EJU,Paris Charles de Gaulle,CDG,LFPG,Nice,NCE,LFMN,,,22:10,23:45,20:10,21:45,95,375,145,3,2026-09-17T23:00:17.000Z
U28408,EZY,Paris Charles de Gaulle,CDG,LFPG,London Gatwick,LGW,EGKK,,,22:30,22:40,20:30,21:40,70,166,1567,4,2026-09-22T00:01:52.000Z
U22110,EZY,Paris Charles de Gaulle,CDG,LFPG,Manchester,MAN,EGCC,,,22:30,23:00,20:30,22:00,90,318,124567,5,2026-09-22T23:00:53.000Z
U26624,EZY,Paris Charles de Gaulle,CDG,LFPG,Birmingham,BHX,EGBB,,,22:30,22:45,20:30,21:45,75,264,15,2,2026-09-21T22:59:27.000Z
U22778,EZY,Paris Charles de Gaulle,CDG,LFPG,Bristol,BRS,EGGD,,,22:50,23:05,20:50,22:05,75,248,125,3,2026-09-23T00:00:07.000Z
U23814,EJU,Paris Charles de Gaulle,CDG,LFPG,Milan Malpensa,MXP,LIMC,,,22:55,00:35,20:55,22:35,100,323,234567,5,2026-09-23T22:59:16.000Z
U22080,EZY,Corfu,CFU,LGKR,Manchester,MAN,EGCC,,,00:05,01:35,21:05,00:35,210,1225,5,1,2026-09-18T03:00:33.000Z
U23645,EJU,Corfu,CFU,LGKR,Milan Malpensa,MXP,LIMC,,,01:15,02:20,22:15,00:20,125,612,5,1,2026-08-28T02:59:50.000Z
U24156,EJU,Corfu,CFU,LGKR,Naples,NAP,LIRN,,,09:50,10:15,06:50,08:15,85,269,14567,5,2026-08-30T09:59:32.000Z
U24450,EJU,Corfu,CFU,LGKR,Lyon,LYS,LFLL,,,10:30,11:55,07:30,09:55,145,749,367,3,2026-09-23T10:58:55.000Z
U24614,EJU,Corfu,CFU,LGKR,Paris Charles de Gaulle,CDG,LFPG,,,10:50,12:50,07:50,10:50,180,932,1234567,5,2026-09-22T12:58:55.000Z
U21476,EZS,Corfu,CFU,LGKR,Geneva,GVA,LSGG,,,11:20,12:40,08:20,10:40,140,724,246,3,2026-09-22T11:59:49.000Z
U27914,EJU,Corfu,CFU,LGKR,Amsterdam,AMS,EHAM,,,11:35,13:40,08:35,11:40,185,987,256,2,2026-09-22T13:58:21.000Z
U28208,EZY,Corfu,CFU,LGKR,London Gatwick,LGW,EGKK,,,11:55,13:20,08:55,12:20,205,1089,234567,4,2026-09-24T08:57:44.000Z
U22812,EZY,Corfu,CFU,LGKR,Bristol,BRS,EGGD,,,12:30,14:00,09:30,13:00,210,1178,2357,4,2026-09-23T14:59:29.000Z
U24782,EJU,Corfu,CFU,LGKR,Nantes,NTE,LFRS,,,12:30,14:35,09:30,12:35,185,1038,47,2,2026-09-24T08:57:44.000Z
U28212,EZY,Corfu,CFU,LGKR,London Gatwick,LGW,EGKK,,,12:40,14:05,09:40,13:05,205,1089,12356,5,2026-09-23T14:59:34.000Z
U25614,EZY,Corfu,CFU,LGKR,Newcastle,NCL,EGNT,,,12:50,14:40,09:50,13:40,230,1267,15,2,2026-09-21T15:58:59.000Z
U22396,EZY,Corfu,CFU,LGKR,London Luton,LTN,EGGW,,,13:35,15:05,10:35,14:05,210,1118,1234567,7,2026-09-24T08:57:44.000Z
U26614,EZY,Corfu,CFU,LGKR,Birmingham,BHX,EGBB,,,14:15,15:45,11:15,14:45,210,1180,37,2,2026-09-23T16:00:44.000Z
U28210,EZY,Corfu,CFU,LGKR,London Gatwick,LGW,EGKK,,,14:35,16:00,11:35,15:00,205,1089,1467,4,2026-09-24T08:57:44.000Z
U23658,EJU,Corfu,CFU,LGKR,Milan Malpensa,MXP,LIMC,,,15:35,16:40,12:35,14:40,125,612,124567,4,2026-09-08T16:59:22.000Z
U21280,EZS,Corfu,CFU,LGKR,Basel,BSL,LFSB,,,17:10,18:30,14:10,16:30,140,720,256,3,2026-09-22T16:00:01.000Z
U21890,EJU,Corfu,CFU,LGKR,Bordeaux,BOD,LFBD,,,17:45,19:50,14:45,17:50,185,966,14,2,2026-08-27T20:00:48.000Z
U24154,EJU,Corfu,CFU,LGKR,Naples,NAP,LIRN,,,18:55,19:10,15:55,17:10,75,269,12347,5,2026-08-30T19:01:45.000Z
U25006,EJU,Corfu,CFU,LGKR,Berlin Brandenburg,BER,EDDB,,,19:10,20:40,16:10,18:40,150,811,6,1,2026-09-19T21:59:50.000Z
U25004,EJU,Corfu,CFU,LGKR,Berlin Brandenburg,BER,EDDB,,,19:15,20:45,16:15,18:45,150,811,1234567,7,2026-09-24T08:57:44.000Z
U23058,EZY,Corfu,CFU,LGKR,Belfast Intl,BFS,EGAA,,,20:55,22:55,17:55,21:55,240,1384,247,3,2026-09-24T08:57:44.000Z
U23234,EZY,Corfu,CFU,LGKR,Edinburgh,EDI,EGPH,,,21:05,23:05,18:05,22:05,240,1346,247,3,2026-09-24T08:57:44.000Z
U22394,EZY,Corfu,CFU,LGKR,London Luton,LTN,EGGW,,,21:55,23:25,18:55,22:25,210,1118,4,1,2026-08-28T00:00:48.000Z
U28262,EZY,Corfu,CFU,LGKR,London Gatwick,LGW,EGKK,,,22:25,23:45,19:25,22:45,200,1089,7,1,2026-09-20T23:59:23.000Z
U23484,EZY,Corfu,CFU,LGKR,Liverpool,LPL,EGGP,,,22:40,00:15,19:40,23:15,215,1242,37,2,2026-09-24T01:59:59.000Z
U28214,EZY,Corfu,CFU,LGKR,London Gatwick,LGW,EGKK,,,22:45,00:05,19:45,23:05,200,1089,12345,4,2026-09-23T19:00:10.000Z
U23660,EJU,Corfu,CFU,LGKR,Milan Malpensa,MXP,LIMC,,,23:05,00:10,20:05,22:10,125,612,12356,5,2026-09-12T23:59:17.000Z
U23650,EJU,Corfu,CFU,LGKR,Milan Malpensa,MXP,LIMC,,,23:20,00:25,20:20,22:25,125,612,7,1,2026-08-31T00:00:06.000Z
U22064,EZY,Corfu,CFU,LGKR,Manchester,MAN,EGCC,,,23:25,00:55,20:25,23:55,210,1225,125,3,2026-09-23T02:00:47.000Z
U22062,EZY,Corfu,CFU,LGKR,Manchester,MAN,EGCC,,,23:35,01:05,20:35,00:05,210,1225,1356,3,2026-09-24T01:59:59.000Z
U22404,EZY,Crete Chania,CHQ,LGSA,London Luton,LTN,EGGW,,,00:05,02:10,21:05,01:10,245,1435,1,1,2026-09-21T02:59:56.000Z
U21482,EZS,Crete Chania,CHQ,LGSA,Geneva,GVA,LSGG,,,11:15,13:30,08:15,11:30,195,1037,125,3,2026-09-22T13:02:05.000Z
U21154,EZS,Crete Chania,CHQ,LGSA,Basel,BSL,LFSB,,,11:30,13:30,08:30,11:30,180,1037,367,3,2026-09-23T10:01:42.000Z
U24736,EJU,Crete Chania,CHQ,LGSA,Nantes,NTE,LFRS,,,12:15,15:15,09:15,13:15,240,1345,7,1,2026-08-30T15:01:59.000Z
U25010,EJU,Crete Chania,CHQ,LGSA,Berlin Brandenburg,BER,EDDB,,,12:30,14:45,09:30,12:45,195,1108,123567,6,2026-09-23T14:01:11.000Z
U22388,EZY,Crete Chania,CHQ,LGSA,London Luton,LTN,EGGW,,,12:55,15:10,09:55,14:10,255,1435,135,3,2026-09-23T16:00:49.000Z
U28224,EZY,Crete Chania,CHQ,LGSA,London Gatwick,LGW,EGKK,,,14:45,17:00,11:45,16:00,255,1405,123456,3,2026-09-24T08:57:44.000Z
U28226,EZY,Crete Chania,CHQ,LGSA,London Gatwick,LGW,EGKK,,,16:05,18:15,13:05,17:15,250,1405,12346,5,2026-09-24T08:57:44.000Z
U21732,EJU,Crete Chania,CHQ,LGSA,Nice,NCE,LFMN,,,16:30,18:20,13:30,16:20,170,920,26,2,2026-09-22T18:02:42.000Z
U23682,EJU,Crete Chania,CHQ,LGSA,Milan Malpensa,MXP,LIMC,,,18:00,19:50,15:00,17:50,170,926,23467,5,2026-08-30T19:01:44.000Z
U23154,EZY,Crete Chania,CHQ,LGSA,Glasgow,GLA,EGPF,,,18:05,20:55,15:05,19:55,290,1688,37,2,2026-09-23T21:59:41.000Z
U27922,EJU,Crete Chania,CHQ,LGSA,Amsterdam,AMS,EHAM,,,19:10,21:55,16:10,19:55,225,1302,12357,5,2026-09-22T22:01:38.000Z
U24452,EJU,Crete Chania,CHQ,LGSA,Lyon,LYS,LFLL,,,19:50,22:05,16:50,20:05,195,1058,15,2,2026-08-28T22:00:31.000Z
U22092,EZY,Crete Chania,CHQ,LGSA,Manchester,MAN,EGCC,,,20:05,22:30,17:05,21:30,265,1542,246,3,2026-09-23T02:00:47.000Z
U28222,EZY,Crete Chania,CHQ,LGSA,London Gatwick,LGW,EGKK,,,23:05,01:05,20:05,00:05,240,1405,57,2,2026-09-21T01:59:24.000Z
U22826,EZY,Crete Chania,CHQ,LGSA,Bristol,BRS,EGGD,,,23:20,01:30,20:20,00:30,250,1494,27,2,2026-09-23T03:00:22.000Z
U21060,EZS,"Calvi, Corsica",CLY,LFKC,Basel,BSL,LFSB,,,08:05,09:20,06:05,07:20,75,309,356,3,2026-09-18T07:59:28.000Z
U21354,EZS,"Calvi, Corsica",CLY,LFKC,Geneva,GVA,LSGG,,,08:45,09:50,06:45,07:50,65,251,36,2,2026-09-19T10:00:35.000Z
U24516,EJU,"Calvi, Corsica",CLY,LFKC,Paris Charles de Gaulle,CDG,LFPG,,,09:20,11:05,07:20,09:05,105,468,367,2,2026-08-30T10:59:12.000Z
U24338,EJU,"Calvi, Corsica",CLY,LFKC,Lyon,LYS,LFLL,,,18:40,19:45,16:40,17:45,65,249,157,3,2026-08-30T20:00:00.000Z
U25262,EJU,Copenhagen,CPH,EKCH,Berlin Brandenburg,BER,EDDB,,,07:40,08:45,05:40,06:45,65,198,123457,6,2026-09-24T07:59:33.000Z
U22932,EZY,Copenhagen,CPH,EKCH,Bristol,BRS,EGGD,,,10:40,11:45,08:40,10:45,125,603,123457,6,2026-09-22T11:59:50.000Z
U28720,EZY,Copenhagen,CPH,EKCH,London Gatwick,LGW,EGKK,,,10:55,12:00,08:55,11:00,125,531,14,2,2026-09-24T08:57:44.000Z
U27938,EJU,Copenhagen,CPH,EKCH,Amsterdam,AMS,EHAM,,,12:35,14:20,10:35,12:20,105,342,1,1,2026-08-24T15:01:26.000Z
U23324,EZY,Copenhagen,CPH,EKCH,Edinburgh,EDI,EGPH,,,13:05,14:10,11:05,13:10,125,540,47,2,2026-09-24T08:57:44.000Z
U21538,EZS,Copenhagen,CPH,EKCH,Geneva,GVA,LSGG,,,14:10,16:15,12:10,14:15,125,615,1,1,2026-08-24T16:00:13.000Z
U28722,EZY,Copenhagen,CPH,EKCH,London Gatwick,LGW,EGKK,,,16:25,17:25,14:25,16:25,120,531,2357,4,2026-09-23T17:59:03.000Z
U27940,EJU,Copenhagen,CPH,EKCH,Amsterdam,AMS,EHAM,,,19:30,21:00,17:30,19:00,90,342,5,1,2026-08-28T21:00:05.000Z
U25444,EJU,Copenhagen,CPH,EKCH,Milan Linate,LIN,LIML,,,20:30,22:35,18:30,20:35,125,624,1234567,4,2026-09-24T08:57:44.000Z
U21540,EZS,Copenhagen,CPH,EKCH,Geneva,GVA,LSGG,,,20:55,22:55,18:55,20:55,120,615,123457,3,2026-09-24T08:57:44.000Z
U21264,EZS,Copenhagen,CPH,EKCH,Basel,BSL,LFSB,,,21:00,22:50,19:00,20:50,110,518,1234567,7,2026-09-24T08:57:44.000Z
U21260,EZS,Copenhagen,CPH,EKCH,Basel,BSL,LFSB,,,21:10,23:00,19:10,21:00,110,518,15,2,2026-09-21T21:00:59.000Z
U25268,EJU,Copenhagen,CPH,EKCH,Berlin Brandenburg,BER,EDDB,,,21:50,22:55,19:50,20:55,65,198,123457,5,2026-09-23T23:01:25.000Z
U22238,EZY,Copenhagen,CPH,EKCH,Manchester,MAN,EGCC,,,22:15,23:15,20:15,22:15,120,537,123457,4,2026-09-24T08:57:44.000Z
U24108,EJU,Sicily Catania,CTA,LICC,Naples,NAP,LIRN,,,08:00,09:10,06:00,07:10,70,208,1234567,4,2026-09-24T08:57:49.000Z
U21444,EZS,Sicily Catania,CTA,LICC,Geneva,GVA,LSGG,,,08:40,10:55,06:40,08:55,135,661,1234567,6,2026-09-24T08:57:41.000Z
U23536,EJU,Sicily Catania,CTA,LICC,Milan Malpensa,MXP,LIMC,,,09:25,11:25,07:25,09:25,120,566,12456,3,2026-09-24T08:57:43.000Z
U24408,EJU,Sicily Catania,CTA,LICC,Lyon,LYS,LFLL,,,10:10,12:25,08:10,10:25,135,667,246,3,2026-09-22T11:59:56.000Z
U24750,EJU,Sicily Catania,CTA,LICC,Nantes,NTE,LFRS,,,10:20,13:15,08:20,11:15,175,938,246,3,2026-09-19T13:00:02.000Z
U22846,EZY,Sicily Catania,CTA,LICC,Bristol,BRS,EGGD,,,10:50,13:15,08:50,12:15,205,1125,15,1,2026-09-21T13:59:24.000Z
U25078,EJU,Sicily Catania,CTA,LICC,Berlin Brandenburg,BER,EDDB,,,10:55,13:40,08:55,11:40,165,897,1357,4,2026-09-23T12:59:21.000Z
U22134,EZY,Sicily Catania,CTA,LICC,Manchester,MAN,EGCC,,,11:30,14:05,09:30,13:05,215,1195,37,2,2026-09-23T14:59:36.000Z
U23276,EZY,Sicily Catania,CTA,LICC,Edinburgh,EDI,EGPH,,,11:40,14:35,09:40,13:35,235,1335,15,2,2026-09-21T15:00:19.000Z
U28286,EZY,Sicily Catania,CTA,LICC,London Gatwick,LGW,EGKK,,,11:50,14:10,09:50,13:10,200,1046,234567,5,2026-09-24T08:57:43.000Z
U24900,EJU,Sicily Catania,CTA,LICC,Paris Orly,ORY,LFPO,,,11:50,14:45,09:50,12:45,175,874,134567,6,2026-09-24T08:57:43.000Z
U22492,EZY,Sicily Catania,CTA,LICC,London Luton,LTN,EGGW,,,12:25,14:50,10:25,13:50,205,1083,1357,4,2026-09-23T14:59:37.000Z
U23540,EJU,Sicily Catania,CTA,LICC,Milan Malpensa,MXP,LIMC,,,13:55,15:55,11:55,13:55,120,566,1234567,3,2026-09-24T08:57:43.000Z
U23538,EJU,Sicily Catania,CTA,LICC,Milan Malpensa,MXP,LIMC,,,14:05,16:05,12:05,14:05,120,566,16,2,2026-09-21T15:58:59.000Z
U28288,EZY,Sicily Catania,CTA,LICC,London Gatwick,LGW,EGKK,,,14:15,16:40,12:15,15:40,205,1046,1234567,7,2026-09-21T17:00:17.000Z
U21536,EZS,Sicily Catania,CTA,LICC,Geneva,GVA,LSGG,,,15:15,17:25,13:15,15:25,130,661,2,1,2026-08-25T17:01:34.000Z
U23542,EJU,Sicily Catania,CTA,LICC,Milan Malpensa,MXP,LIMC,,,15:35,17:35,13:35,15:35,120,566,57,2,2026-09-20T17:00:21.000Z
U23544,EJU,Sicily Catania,CTA,LICC,Milan Malpensa,MXP,LIMC,,,17:10,19:10,15:10,17:10,120,566,34567,5,2026-09-24T08:57:43.000Z
U23552,EJU,Sicily Catania,CTA,LICC,Milan Malpensa,MXP,LIMC,,,17:20,19:20,15:20,17:20,120,566,12,2,2026-09-21T19:00:10.000Z
U23548,EJU,Sicily Catania,CTA,LICC,Milan Malpensa,MXP,LIMC,,,19:30,21:30,17:30,19:30,120,566,23457,5,2026-09-23T20:59:00.000Z
U21118,EZS,Sicily Catania,CTA,LICC,Basel,BSL,LFSB,,,20:05,22:25,18:05,20:25,140,693,1234567,6,2026-09-24T08:57:43.000Z
U23546,EJU,Sicily Catania,CTA,LICC,Milan Malpensa,MXP,LIMC,,,21:00,23:00,19:00,21:00,120,566,147,3,2026-09-24T08:57:43.000Z
U24112,EJU,Sicily Catania,CTA,LICC,Naples,NAP,LIRN,,,21:20,22:30,19:20,20:30,70,208,123457,5,2026-09-24T08:57:43.000Z
U23634,EJU,Sicily Catania,CTA,LICC,Milan Malpensa,MXP,LIMC,,,22:05,00:05,20:05,22:05,120,566,2,1,2026-08-25T23:59:28.000Z
U28284,EZY,Sicily Catania,CTA,LICC,London Gatwick,LGW,EGKK,,,23:15,01:35,21:15,00:35,200,1046,1,1,2026-09-22T01:59:59.000Z
U23550,EJU,Sicily Catania,CTA,LICC,Milan Malpensa,MXP,LIMC,,,23:40,01:40,21:40,23:40,120,566,136,1,2026-09-24T00:59:25.000Z
U24892,EJU,Dubrovnik,DBV,LDDU,Paris Orly,ORY,LFPO,,,09:20,11:45,07:20,09:45,145,761,1467,4,2026-08-30T10:59:12.000Z
U24462,EJU,Dubrovnik,DBV,LDDU,Lyon,LYS,LFLL,,,09:30,11:30,07:30,09:30,120,598,267,3,2026-09-19T11:02:23.000Z
U21902,EJU,Dubrovnik,DBV,LDDU,Bordeaux,BOD,LFBD,,,10:20,13:00,08:20,11:00,160,833,15,2,2026-08-28T13:01:15.000Z
U24784,EJU,Dubrovnik,DBV,LDDU,Nantes,NTE,LFRS,,,10:30,13:15,08:30,11:15,165,887,135,2,2026-08-28T12:58:56.000Z
U23320,EZY,Dubrovnik,DBV,LDDU,Edinburgh,EDI,EGPH,,,11:05,13:30,09:05,12:30,205,1159,246,2,2026-09-22T15:02:22.000Z
U28602,EZY,Dubrovnik,DBV,LDDU,London Gatwick,LGW,EGKK,,,11:20,13:15,09:20,12:15,175,912,1234567,5,2026-09-24T08:57:44.000Z
U28610,EZY,Dubrovnik,DBV,LDDU,London Gatwick,LGW,EGKK,,,13:10,15:10,11:10,14:10,180,912,267,3,2026-09-19T18:59:44.000Z
U24252,EJU,Dubrovnik,DBV,LDDU,Naples,NAP,LIRN,,,15:00,16:05,13:00,14:05,65,205,1246,4,2026-09-24T08:57:44.000Z
U21506,EZS,Dubrovnik,DBV,LDDU,Geneva,GVA,LSGG,,,15:30,17:25,13:30,15:25,115,566,36,2,2026-09-23T17:00:52.000Z
U22244,EZY,Dubrovnik,DBV,LDDU,Manchester,MAN,EGCC,,,17:30,19:35,15:30,18:35,185,1043,36,2,2026-09-23T20:59:00.000Z
U22894,EZY,Dubrovnik,DBV,LDDU,Bristol,BRS,EGGD,,,17:40,19:35,15:40,18:35,175,1004,13457,5,2026-09-24T08:57:44.000Z
U28604,EZY,Dubrovnik,DBV,LDDU,London Gatwick,LGW,EGKK,,,20:30,22:25,18:30,21:25,175,912,1234567,7,2026-09-24T08:57:44.000Z
U21170,EZS,Dubrovnik,DBV,LDDU,Basel,BSL,LFSB,,,21:20,23:10,19:20,21:10,110,546,37,2,2026-09-13T21:01:48.000Z
U24466,EJU,Dubrovnik,DBV,LDDU,Lyon,LYS,LFLL,,,21:30,23:30,19:30,21:30,120,598,2,1,2026-09-22T23:00:53.000Z
U21160,EZS,Djerba–Zarzis,DJE,DTTJ,Basel,BSL,LFSB,,,08:25,12:00,07:25,10:00,155,837,14,2,2026-09-24T08:57:45.000Z
U21484,EZS,Djerba–Zarzis,DJE,DTTJ,Geneva,GVA,LSGG,,,09:05,12:40,08:05,10:40,155,772,27,2,2026-09-22T11:59:49.000Z
U21584,EZS,Djerba–Zarzis,DJE,DTTJ,Geneva,GVA,LSGG,,,09:20,12:45,08:20,10:45,145,772,2356,4,2026-09-23T12:01:40.000Z
U21158,EZS,Djerba–Zarzis,DJE,DTTJ,Basel,BSL,LFSB,,,09:55,13:30,08:55,11:30,155,837,256,3,2026-09-22T10:01:17.000Z
U22288,EZY,Djerba–Zarzis,DJE,DTTJ,Manchester,MAN,EGCC,,,12:00,15:45,11:00,14:45,225,1295,15,2,2026-09-21T15:58:59.000Z
U22628,EZY,Djerba–Zarzis,DJE,DTTJ,London Luton,LTN,EGGW,,,22:15,01:40,21:15,00:40,205,1184,26,2,2026-09-23T02:00:47.000Z
U28582,EZY,Dalaman,DLM,LTBS,London Gatwick,LGW,EGKK,,,01:20,03:35,22:20,02:35,255,1508,7,1,2026-09-20T05:00:33.000Z
U26638,EZY,Dalaman,DLM,LTBS,Birmingham,BHX,EGBB,,,14:05,16:35,11:05,15:35,270,1593,246,3,2026-09-24T08:57:44.000Z
U22558,EZY,Dalaman,DLM,LTBS,London Luton,LTN,EGGW,,,14:10,16:25,11:10,15:25,255,1532,457,3,2026-09-24T08:57:44.000Z
U23406,EZY,Dalaman,DLM,LTBS,Liverpool,LPL,EGGP,,,14:20,17:00,11:20,16:00,280,1651,12456,4,2026-09-24T08:57:44.000Z
U22144,EZY,Dalaman,DLM,LTBS,Manchester,MAN,EGCC,,,14:40,17:15,11:40,16:15,275,1633,256,3,2026-09-22T18:02:41.000Z
U28564,EZY,Dalaman,DLM,LTBS,London Gatwick,LGW,EGKK,,,14:45,17:10,11:45,16:10,265,1508,123456,6,2026-09-24T08:57:44.000Z
U28590,EZY,Dalaman,DLM,LTBS,London Gatwick,LGW,EGKK,,,15:00,17:25,12:00,16:25,265,1508,467,3,2026-09-20T18:00:29.000Z
U22146,EZY,Dalaman,DLM,LTBS,Manchester,MAN,EGCC,,,15:15,17:50,12:15,16:50,275,1633,37,2,2026-09-23T19:00:10.000Z
U22862,EZY,Dalaman,DLM,LTBS,Bristol,BRS,EGGD,,,21:00,23:30,18:00,22:30,270,1601,14,1,2026-09-24T08:57:44.000Z
U28570,EZY,Dalaman,DLM,LTBS,London Gatwick,LGW,EGKK,,,21:00,23:25,18:00,22:25,265,1508,2347,3,2026-09-24T08:57:44.000Z
U25616,EZY,Dalaman,DLM,LTBS,Newcastle,NCL,EGNT,,,21:05,23:50,18:05,22:50,285,1660,26,2,2026-09-23T00:58:57.000Z
U25716,EZY,Dalaman,DLM,LTBS,London Southend,SEN,EGMC,,,21:05,23:30,18:05,22:30,265,1488,135,3,2026-09-23T23:59:06.000Z
U23056,EZY,Dalaman,DLM,LTBS,Belfast Intl,BFS,EGAA,,,21:30,00:25,18:30,23:25,295,1791,26,2,2026-09-23T01:01:17.000Z
U23168,EZY,Dalaman,DLM,LTBS,Glasgow,GLA,EGPF,,,21:30,00:20,18:30,23:20,290,1766,36,2,2026-09-24T01:59:57.000Z
U23282,EZY,Dalaman,DLM,LTBS,Edinburgh,EDI,EGPH,,,21:55,00:40,18:55,23:40,285,1737,246,3,2026-09-23T01:01:18.000Z
U22148,EZY,Dalaman,DLM,LTBS,Manchester,MAN,EGCC,,,22:35,01:10,19:35,00:10,275,1633,12346,4,2026-09-24T01:59:59.000Z
U28566,EZY,Dalaman,DLM,LTBS,London Gatwick,LGW,EGKK,,,23:00,01:15,20:00,00:15,255,1508,124,3,2026-09-23T02:00:47.000Z
U28568,EZY,Dalaman,DLM,LTBS,London Gatwick,LGW,EGKK,,,23:10,01:25,20:10,00:25,255,1508,1235,4,2026-09-24T02:59:03.000Z
U22852,EZY,Dalaman,DLM,LTBS,Bristol,BRS,EGGD,,,23:25,01:50,20:25,00:50,265,1601,12356,4,2026-09-24T03:01:55.000Z
U22556,EZY,Dalaman,DLM,LTBS,London Luton,LTN,EGGW,,,23:55,02:10,20:55,01:10,255,1532,1236,4,2026-09-24T02:59:02.000Z
U23942,EJU,Dusseldorf,DUS,EDDL,Milan Malpensa,MXP,LIMC,,,08:50,10:20,06:50,08:20,90,349,124567,5,2026-09-24T08:57:44.000Z
U28650,EZY,Dusseldorf,DUS,EDDL,London Gatwick,LGW,EGKK,,,16:50,17:10,14:50,16:10,80,261,123457,6,2026-09-24T08:57:44.000Z
U23944,EJU,Dusseldorf,DUS,EDDL,Milan Malpensa,MXP,LIMC,,,21:00,22:30,19:00,20:30,90,349,123457,1,2026-09-24T08:57:44.000Z
U23225,EZY,Edinburgh,EDI,EGPH,Athens,ATH,LGAV,,,05:10,11:35,04:10,08:35,265,1538,246,3,2026-09-22T10:01:15.000Z
U23273,EZY,Edinburgh,EDI,EGPH,Naples,NAP,LIRN,,,05:35,09:55,04:35,07:55,200,1139,247,3,2026-09-24T08:57:49.000Z
U23311,EZY,Edinburgh,EDI,EGPH,Sardinia Olbia,OLB,LIEO,,,06:00,10:00,05:00,08:00,180,1036,47,2,2026-09-24T08:57:49.000Z
U23207,EZY,Edinburgh,EDI,EGPH,Madrid,MAD,LEMD,,,06:00,10:05,05:00,08:05,185,928,67,1,2026-09-19T10:00:35.000Z
U2807,EZY,Edinburgh,EDI,EGPH,London Gatwick,LGW,EGKK,,,06:00,07:35,05:00,06:35,95,310,123456,3,2026-09-24T07:59:40.000Z
U23249,EZY,Edinburgh,EDI,EGPH,Lyon,LYS,LFLL,,,06:00,09:15,05:00,07:15,135,691,367,3,2026-09-23T09:00:42.000Z
U23325,EZY,Edinburgh,EDI,EGPH,Prague,PRG,LKPR,,,06:05,09:20,05:05,07:20,135,724,1357,4,2026-09-21T08:59:49.000Z
U23205,EZY,Edinburgh,EDI,EGPH,Alicante,ALC,LEAL,,,06:10,10:20,05:10,08:20,190,1067,1236,3,2026-09-23T10:01:39.000Z
U23315,EZY,Edinburgh,EDI,EGPH,Reykjavik Keflavik,KEF,BIKF,,,06:10,07:40,05:10,07:40,150,748,36,2,2026-09-23T09:00:41.000Z
U23319,EZY,Edinburgh,EDI,EGPH,Dubrovnik,DBV,LDDU,,,06:10,10:20,05:10,08:20,190,1159,246,3,2026-09-22T10:01:18.000Z
U23245,EZY,Edinburgh,EDI,EGPH,Nice,NCE,LFMN,,,06:10,10:00,05:10,08:00,170,842,1234567,7,2026-09-24T08:57:45.000Z
U23275,EZY,Edinburgh,EDI,EGPH,Sicily Catania,CTA,LICC,,,06:15,11:00,05:15,09:00,225,1335,15,2,2026-09-21T11:01:04.000Z
U23329,EZY,Edinburgh,EDI,EGPH,Enfidha - Hammamet,NBE,DTNH,,,06:15,09:50,05:15,08:50,215,1319,26,2,2026-09-22T11:00:11.000Z
U2307,EZY,Edinburgh,EDI,EGPH,London Stansted,STN,EGSS,,,06:20,07:45,05:20,06:45,85,275,1234567,5,2026-09-24T08:57:45.000Z
U23217,EZY,Edinburgh,EDI,EGPH,Ljubljana,LJU,LJLJ,,,06:35,10:10,05:35,08:10,155,886,36,2,2026-09-23T09:59:04.000Z
U2323,EZY,Edinburgh,EDI,EGPH,Belfast Intl,BFS,EGAA,,,07:00,07:50,06:00,06:50,50,124,1234567,4,2026-09-24T07:59:32.000Z
U2331,EZY,Edinburgh,EDI,EGPH,Birmingham,BHX,EGBB,,,07:00,08:15,06:00,07:15,75,218,1234567,6,2026-09-24T08:57:44.000Z
U23241,EZY,Edinburgh,EDI,EGPH,Paris Charles de Gaulle,CDG,LFPG,,,07:00,09:55,06:00,07:55,115,469,1234567,5,2026-09-24T08:57:49.000Z
U2301,EZY,Edinburgh,EDI,EGPH,London Luton,LTN,EGGW,,,07:00,08:20,06:00,07:20,80,267,123457,2,2026-09-24T07:59:39.000Z
U23331,EZY,Edinburgh,EDI,EGPH,Marrakech,RAK,GMMX,,,07:05,10:15,06:05,10:15,250,1475,47,2,2026-09-24T08:57:49.000Z
U23271,EZY,Edinburgh,EDI,EGPH,Venice Marco Polo,VCE,LIPZ,,,07:05,10:45,06:05,08:45,160,862,15,2,2026-09-21T09:59:49.000Z
U2317,EZY,Edinburgh,EDI,EGPH,Derry - Londonderry,LDY,EGAE,,,07:55,08:45,06:55,07:45,50,140,15,2,2026-09-21T12:00:45.000Z
U27828,EJU,Edinburgh,EDI,EGPH,Amsterdam,AMS,EHAM,,,08:20,11:00,07:20,09:00,100,360,1,1,2026-09-21T11:01:00.000Z
U23846,EJU,Edinburgh,EDI,EGPH,Milan Malpensa,MXP,LIMC,,,08:20,11:50,07:20,09:50,150,769,2,1,2026-08-25T12:01:01.000Z
U23834,EJU,Edinburgh,EDI,EGPH,Milan Malpensa,MXP,LIMC,32N,A20N,08:25,11:55,07:25,09:55,150,769,1457,4,2026-09-24T08:57:45.000Z
U2830,EZY,Edinburgh,EDI,EGPH,London Gatwick,LGW,EGKK,,,08:30,10:10,07:30,09:10,100,310,12467,4,2026-09-24T08:57:45.000Z
U21432,EZS,Edinburgh,EDI,EGPH,Geneva,GVA,LSGG,,,08:50,12:05,07:50,10:05,135,683,46,2,2026-09-24T08:57:41.000Z
U2214,EZY,Edinburgh,EDI,EGPH,Bristol,BRS,EGGD,,,08:55,10:10,07:55,09:10,75,275,1234567,3,2026-09-24T08:57:44.000Z
U23323,EZY,Edinburgh,EDI,EGPH,Copenhagen,CPH,EKCH,,,09:45,12:35,08:45,10:35,110,540,47,2,2026-09-24T08:57:45.000Z
U23263,EZY,Edinburgh,EDI,EGPH,Munich,MUC,EDDM,,,09:45,13:00,08:45,11:00,135,718,123456,5,2026-09-23T09:00:42.000Z
U2315,EZY,Edinburgh,EDI,EGPH,Bristol,BRS,EGGD,,,10:10,11:25,09:10,10:25,75,275,124,3,2026-09-22T11:59:50.000Z
U2321,EZY,Edinburgh,EDI,EGPH,Belfast City (George Best),BHD,EGAC,,,10:15,11:10,09:15,10:10,55,117,1234567,5,2026-09-24T08:57:45.000Z
U2216,EZY,Edinburgh,EDI,EGPH,Bristol,BRS,EGGD,,,10:15,11:30,09:15,10:30,75,275,5,1,2026-09-18T12:00:34.000Z
U23313,EZY,Edinburgh,EDI,EGPH,Krakow,KRK,EPKK,,,10:20,14:00,09:20,12:00,160,902,1357,4,2026-09-23T13:59:04.000Z
U23215,EZY,Edinburgh,EDI,EGPH,Barcelona,BCN,LEBL,,,10:25,14:05,09:25,12:05,160,905,15,2,2026-09-21T16:01:54.000Z
U2325,EZY,Edinburgh,EDI,EGPH,Belfast Intl,BFS,EGAA,,,10:25,11:15,09:25,10:15,50,124,257,3,2026-09-22T11:59:49.000Z
U23295,EZY,Edinburgh,EDI,EGPH,Zurich,ZRH,LSZH,,,10:30,13:40,09:30,11:40,130,674,1256,4,2026-09-22T13:58:30.000Z
U23301,EZY,Edinburgh,EDI,EGPH,Amsterdam,AMS,EHAM,,,10:35,13:10,09:35,11:10,95,360,1234567,7,2026-09-24T08:57:42.000Z
U23291,EZY,Edinburgh,EDI,EGPH,Geneva,GVA,LSGG,,,10:45,14:00,09:45,12:00,135,683,124567,4,2026-09-22T11:59:49.000Z
U23293,EZY,Edinburgh,EDI,EGPH,Geneva,GVA,LSGG,,,11:10,14:20,10:10,12:20,130,683,16,2,2026-09-19T14:59:35.000Z
U2309,EZY,Edinburgh,EDI,EGPH,London Stansted,STN,EGSS,,,11:45,13:10,10:45,12:10,85,275,125,3,2026-09-22T13:43:54.000Z
U23317,EZY,Edinburgh,EDI,EGPH,Cyprus Paphos,PFO,LCPH,,,11:55,18:55,10:55,15:55,300,1942,36,2,2026-09-23T19:00:11.000Z
U23227,EZY,Edinburgh,EDI,EGPH,Rhodes,RHO,LGRP,,,12:05,18:40,11:05,15:40,275,1730,135,3,2026-09-23T17:00:58.000Z
U24496,EJU,Edinburgh,EDI,EGPH,Lyon,LYS,LFLL,,,12:05,15:20,11:05,13:20,135,691,1,1,2026-08-24T15:01:33.000Z
U25002,EJU,Edinburgh,EDI,EGPH,Berlin Brandenburg,BER,EDDB,,,12:40,15:50,11:40,13:50,130,629,2367,4,2026-08-30T16:01:19.000Z
U21232,EZS,Edinburgh,EDI,EGPH,Basel,BSL,LFSB,,,13:25,16:35,12:25,14:35,130,643,14,2,2026-09-21T15:00:18.000Z
U23209,EZY,Edinburgh,EDI,EGPH,Madrid,MAD,LEMD,,,13:30,17:35,12:30,15:35,185,928,123457,6,2026-09-24T08:57:44.000Z
U2811,EZY,Edinburgh,EDI,EGPH,London Gatwick,LGW,EGKK,,,13:30,15:10,12:30,14:10,100,310,23457,3,2026-09-24T08:57:45.000Z
U2809,EZY,Edinburgh,EDI,EGPH,London Gatwick,LGW,EGKK,,,13:35,15:15,12:35,14:15,100,310,157,3,2026-09-21T15:58:59.000Z
U23219,EZY,Edinburgh,EDI,EGPH,Basel,BSL,LFSB,,,13:40,16:50,12:40,14:50,130,643,4567,4,2026-09-24T08:57:45.000Z
U24650,EJU,Edinburgh,EDI,EGPH,Paris Charles de Gaulle,CDG,LFPG,,,13:40,16:35,12:40,14:35,115,469,15,2,2026-09-18T17:00:00.000Z
U23285,EZY,Edinburgh,EDI,EGPH,Antalya,AYT,LTAI,,,13:55,20:40,12:55,17:40,285,1788,36,1,2026-09-23T19:00:05.000Z
U23203,EZY,Edinburgh,EDI,EGPH,Lanzarote,ACE,GCRR,,,14:00,18:40,13:00,17:40,280,1679,247,3,2026-09-24T08:57:45.000Z
U23261,EZY,Edinburgh,EDI,EGPH,Berlin Brandenburg,BER,EDDB,,,14:10,17:20,13:10,15:20,130,629,124567,6,2026-09-24T08:57:44.000Z
U25422,EJU,Edinburgh,EDI,EGPH,Milan Linate,LIN,LIML,,,14:10,17:35,13:10,15:35,145,791,1234567,3,2026-09-24T08:57:45.000Z
U2329,EZY,Edinburgh,EDI,EGPH,Belfast Intl,BFS,EGAA,,,14:10,15:00,13:10,14:00,50,124,123467,6,2026-09-24T08:57:44.000Z
U23233,EZY,Edinburgh,EDI,EGPH,Corfu,CFU,LGKR,,,14:30,20:15,13:30,17:15,225,1346,247,3,2026-09-24T08:57:45.000Z
U27116,EJU,Edinburgh,EDI,EGPH,Barcelona,BCN,LEBL,,,14:40,18:25,13:40,16:25,165,905,367,3,2026-09-23T18:01:19.000Z
U2806,EZY,Edinburgh,EDI,EGPH,London Gatwick,LGW,EGKK,,,14:40,16:20,13:40,15:20,100,310,47,2,2026-09-24T08:57:45.000Z
U24678,EJU,Edinburgh,EDI,EGPH,Paris Charles de Gaulle,CDG,LFPG,,,14:45,17:40,13:45,15:40,115,469,14,2,2026-09-24T08:57:45.000Z
U2814,EZY,Edinburgh,EDI,EGPH,London Gatwick,LGW,EGKK,,,14:45,16:25,13:45,15:25,100,310,123567,6,2026-09-23T17:00:57.000Z
U23281,EZY,Edinburgh,EDI,EGPH,Dalaman,DLM,LTBS,,,14:55,21:25,13:55,18:25,270,1737,246,3,2026-09-24T08:57:45.000Z
U256,EZY,Edinburgh,EDI,EGPH,Belfast Intl,BFS,EGAA,,,15:10,16:00,14:10,15:00,50,124,1457,4,2026-09-18T16:59:52.000Z
U23201,EZY,Edinburgh,EDI,EGPH,Tenerife South,TFS,GCTS,,,15:15,20:05,14:15,19:05,290,1769,123567,6,2026-09-23T21:59:46.000Z
U2311,EZY,Edinburgh,EDI,EGPH,London Stansted,STN,EGSS,,,15:20,16:45,14:20,15:45,85,275,1347,4,2026-09-24T08:57:45.000Z
U2602,EZY,Edinburgh,EDI,EGPH,London Luton,LTN,EGGW,,,15:20,16:35,14:20,15:35,75,267,1234567,7,2026-09-24T08:57:45.000Z
U23321,EZY,Edinburgh,EDI,EGPH,Lisbon,LIS,LPPT,,,15:25,18:45,14:25,17:45,200,1056,2457,3,2026-09-24T08:57:49.000Z
U23223,EZY,Edinburgh,EDI,EGPH,Crete Heraklion,HER,LGIR,,,16:10,22:40,15:10,19:40,270,1699,236,3,2026-09-23T20:58:59.000Z
U23327,EZY,Edinburgh,EDI,EGPH,Agadir,AGA,GMAD,,,16:25,19:45,15:25,19:45,260,1560,36,2,2026-09-23T21:59:38.000Z
U21234,EZS,Edinburgh,EDI,EGPH,Basel,BSL,LFSB,,,16:35,19:35,15:35,17:35,120,643,2,1,2026-08-25T19:02:01.000Z
U2327,EZY,Edinburgh,EDI,EGPH,Belfast Intl,BFS,EGAA,,,16:40,17:30,15:40,16:30,50,124,12345,5,2026-09-24T08:57:44.000Z
U2218,EZY,Edinburgh,EDI,EGPH,Bristol,BRS,EGGD,,,16:45,18:00,15:45,17:00,75,275,234567,6,2026-09-24T08:57:44.000Z
U2918,EZY,Edinburgh,EDI,EGPH,Birmingham,BHX,EGBB,,,16:50,18:00,15:50,17:00,70,218,14,2,2026-09-24T08:57:44.000Z
U23213,EZY,Edinburgh,EDI,EGPH,Bordeaux,BOD,LFBD,,,17:05,20:10,16:05,18:10,125,675,14,2,2026-09-24T08:57:44.000Z
U21926,EJU,Edinburgh,EDI,EGPH,Bordeaux,BOD,LFBD,,,17:10,20:15,16:10,18:15,125,675,47,2,2026-08-30T21:00:14.000Z
U2333,EZY,Edinburgh,EDI,EGPH,Birmingham,BHX,EGBB,,,17:10,18:20,16:10,17:20,70,218,257,3,2026-09-22T19:01:12.000Z
U24260,EJU,Edinburgh,EDI,EGPH,Naples,NAP,LIRN,,,17:50,22:00,16:50,20:00,190,1139,15,2,2026-09-21T21:58:50.000Z
U23303,EZY,Edinburgh,EDI,EGPH,Amsterdam,AMS,EHAM,,,18:10,20:40,17:10,18:40,90,360,12457,5,2026-09-24T08:57:42.000Z
U2305,EZY,Edinburgh,EDI,EGPH,Jersey,JER,EGJJ,,,18:10,19:45,17:10,18:45,95,407,15,2,2026-09-21T19:59:39.000Z
U23243,EZY,Edinburgh,EDI,EGPH,Paris Charles de Gaulle,CDG,LFPG,,,18:25,21:20,17:25,19:20,115,469,123457,5,2026-09-23T20:59:01.000Z
U2817,EZY,Edinburgh,EDI,EGPH,London Gatwick,LGW,EGKK,,,18:40,20:15,17:40,19:15,95,310,2,1,2026-08-25T21:00:58.000Z
U27260,EJU,Edinburgh,EDI,EGPH,Majorca Palma,PMI,LEPA,,,19:10,23:10,18:10,21:10,180,1014,246,3,2026-09-22T23:00:54.000Z
U2319,EZY,Edinburgh,EDI,EGPH,Bristol,BRS,EGGD,,,19:15,20:30,18:15,19:30,75,275,13467,5,2026-09-24T08:57:45.000Z
U2303,EZY,Edinburgh,EDI,EGPH,London Luton,LTN,EGGW,,,19:25,20:40,18:25,19:40,75,267,14,2,2026-09-24T08:57:45.000Z
U27808,EJU,Edinburgh,EDI,EGPH,Amsterdam,AMS,EHAM,,,19:30,22:00,18:30,20:00,90,360,5,1,2026-09-18T22:02:03.000Z
U27838,EJU,Edinburgh,EDI,EGPH,Amsterdam,AMS,EHAM,,,19:30,22:00,18:30,20:00,90,360,12356,5,2026-09-23T21:59:39.000Z
U258,EZY,Edinburgh,EDI,EGPH,Belfast Intl,BFS,EGAA,,,19:30,20:20,18:30,19:20,50,124,147,3,2026-09-20T21:01:46.000Z
U25554,EJU,Edinburgh,EDI,EGPH,Alicante,ALC,LEAL,,,19:35,23:45,18:35,21:45,190,1067,57,2,2026-09-20T23:01:41.000Z
U2335,EZY,Edinburgh,EDI,EGPH,Birmingham,BHX,EGBB,,,19:35,20:45,18:35,19:45,70,218,123457,6,2026-09-24T08:57:45.000Z
U21588,EZS,Edinburgh,EDI,EGPH,Geneva,GVA,LSGG,,,19:35,22:50,18:35,20:50,135,683,123457,6,2026-09-24T08:57:45.000Z
U2313,EZY,Edinburgh,EDI,EGPH,London Stansted,STN,EGSS,,,19:45,21:05,18:45,20:05,80,275,123457,5,2026-09-24T08:57:45.000Z
U24680,EJU,Edinburgh,EDI,EGPH,Paris Charles de Gaulle,CDG,LFPG,,,19:55,22:50,18:55,20:50,115,469,157,3,2026-09-21T21:58:50.000Z
U24682,EJU,Edinburgh,EDI,EGPH,Paris Charles de Gaulle,CDG,LFPG,,,20:00,22:55,19:00,20:55,115,469,14,2,2026-09-24T08:57:45.000Z
U23838,EJU,Edinburgh,EDI,EGPH,Milan Malpensa,MXP,LIMC,,,20:15,23:45,19:15,21:45,150,769,3,1,2026-08-26T22:59:36.000Z
U2606,EZY,Edinburgh,EDI,EGPH,London Luton,LTN,EGGW,,,21:10,22:25,20:10,21:25,75,267,123457,4,2026-09-24T00:59:25.000Z
U2816,EZY,Edinburgh,EDI,EGPH,London Gatwick,LGW,EGKK,,,21:15,22:50,20:15,21:50,95,310,123457,4,2026-09-23T22:59:15.000Z
U2604,EZY,Edinburgh,EDI,EGPH,London Luton,LTN,EGGW,,,21:15,22:30,20:15,21:30,75,267,4567,4,2026-09-20T23:01:48.000Z
U27032,EJU,Edinburgh,EDI,EGPH,Malaga,AGP,LEMG,,,21:40,02:05,20:40,00:05,205,1158,14,1,2026-09-22T01:59:59.000Z
U2922,EZY,Edinburgh,EDI,EGPH,Birmingham,BHX,EGBB,,,21:55,23:05,20:55,22:05,70,218,5,1,2026-09-19T00:00:23.000Z
U2220,EZY,Edinburgh,EDI,EGPH,Bristol,BRS,EGGD,,,21:55,23:10,20:55,22:10,75,275,123457,5,2026-09-24T08:57:44.000Z
U260,EZY,Edinburgh,EDI,EGPH,Belfast Intl,BFS,EGAA,,,21:55,22:45,20:55,21:45,50,124,1345,4,2026-09-23T23:01:25.000Z
U23690,EJU,Kefalonia,EFL,LGKF,Milan Malpensa,MXP,LIMC,,,10:30,11:50,07:30,09:50,140,692,23467,5,2026-09-23T10:58:56.000Z
U22068,EZY,Kefalonia,EFL,LGKF,Manchester,MAN,EGCC,,,11:55,13:45,08:55,12:45,230,1311,26,2,2026-09-22T13:58:28.000Z
U28196,EZY,Kefalonia,EFL,LGKF,London Gatwick,LGW,EGKK,,,12:15,13:55,09:15,12:55,220,1173,1256,4,2026-09-22T13:58:28.000Z
U28198,EZY,Kefalonia,EFL,LGKF,London Gatwick,LGW,EGKK,,,14:05,15:45,11:05,14:45,220,1173,2347,3,2026-09-24T08:57:43.000Z
U24152,EJU,Kefalonia,EFL,LGKF,Naples,NAP,LIRN,,,16:00,16:25,13:00,14:25,85,332,23457,5,2026-08-30T17:59:32.000Z
U28200,EZY,Kefalonia,EFL,LGKF,London Gatwick,LGW,EGKK,,,18:30,20:05,15:30,19:05,215,1173,3467,4,2026-09-24T08:57:43.000Z
U24344,EJU,Essaouira,ESU,GMMI,Lyon,LYS,LFLL,,,08:10,13:15,08:10,11:15,185,1101,236,3,2026-09-23T12:59:26.000Z
U21934,EJU,Essaouira,ESU,GMMI,Bordeaux,BOD,LFBD,,,14:05,18:45,14:05,16:45,160,910,236,3,2026-09-22T18:02:37.000Z
U23978,EJU,Evenes-Lofoten,EVE,ENEV,Milan Malpensa,MXP,LIMC,,,00:05,04:00,22:05,02:00,235,1394,24,2,2026-09-01T03:59:14.000Z
U27507,EJU,Faro,FAO,LPFR,Bristol,BRS,EGGD,,,06:05,08:45,05:05,07:45,160,891,1234567,4,2026-09-24T08:57:44.000Z
U27545,EJU,Faro,FAO,LPFR,Paris Orly,ORY,LFPO,,,06:05,09:35,05:05,07:35,150,836,26,1,2026-08-29T09:00:49.000Z
U27517,EJU,Faro,FAO,LPFR,Southampton,SOU,EGHI,,,06:05,08:45,05:05,07:45,160,883,1246,4,2026-09-24T08:57:50.000Z
U27501,EJU,Faro,FAO,LPFR,Manchester,MAN,EGCC,,,06:05,09:10,05:05,08:10,185,1009,23457,4,2026-09-24T08:57:46.000Z
U27543,EJU,Faro,FAO,LPFR,Nantes,NTE,LFRS,,,06:15,09:25,05:15,07:25,130,671,127,3,2026-09-21T08:59:49.000Z
U27503,EJU,Faro,FAO,LPFR,Glasgow,GLA,EGPF,,,06:20,09:40,05:20,08:40,200,1141,57,2,2026-09-20T10:01:03.000Z
U27525,EJU,Faro,FAO,LPFR,Geneva,GVA,LSGG,,,06:20,10:00,05:20,08:00,160,838,123456,6,2026-09-24T08:57:41.000Z
U27527,EJU,Faro,FAO,LPFR,Geneva,GVA,LSGG,,,06:20,10:00,05:20,08:00,160,838,1357,3,2026-09-23T10:01:39.000Z
U28528,EJU,Faro,FAO,LPFR,London Gatwick,LGW,EGKK,,,06:20,09:10,05:20,08:10,170,911,123467,4,2026-09-24T08:57:48.000Z
U27505,EJU,Faro,FAO,LPFR,Belfast Intl,BFS,EGAA,,,06:50,09:55,05:50,08:55,185,1062,35,2,2026-09-23T10:01:42.000Z
U27549,EJU,Faro,FAO,LPFR,Amsterdam,AMS,EHAM,,,07:00,11:10,06:00,09:10,190,1064,136,2,2026-09-21T11:01:00.000Z
U24884,EJU,Faro,FAO,LPFR,Paris Orly,ORY,LFPO,,,08:10,11:35,07:10,09:35,145,836,123567,4,2026-09-22T20:59:12.000Z
U24762,EJU,Faro,FAO,LPFR,Nantes,NTE,LFRS,,,09:15,12:25,08:15,10:25,130,671,5,1,2026-09-18T12:00:40.000Z
U23422,EZY,Faro,FAO,LPFR,Liverpool,LPL,EGGP,,,09:25,12:25,08:25,11:25,180,1003,23467,3,2026-09-24T08:57:46.000Z
U23424,EZY,Faro,FAO,LPFR,Liverpool,LPL,EGGP,,,09:40,12:35,08:40,11:35,175,1003,15,1,2026-09-21T13:00:37.000Z
U22872,EZY,Faro,FAO,LPFR,Bristol,BRS,EGGD,,,09:50,12:30,08:50,11:30,160,891,12346,5,2026-09-24T08:57:44.000Z
U27968,EJU,Faro,FAO,LPFR,Amsterdam,AMS,EHAM,,,10:00,14:10,09:00,12:10,190,1064,7,1,2026-09-20T14:01:36.000Z
U26602,EZY,Faro,FAO,LPFR,Birmingham,BHX,EGBB,,,10:00,12:55,09:00,11:55,175,963,13567,4,2026-09-24T00:01:28.000Z
U27964,EJU,Faro,FAO,LPFR,Amsterdam,AMS,EHAM,,,10:10,14:20,09:10,12:20,190,1064,23467,4,2026-09-23T14:01:10.000Z
U22452,EZY,Faro,FAO,LPFR,London Luton,LTN,EGGW,,,10:10,13:05,09:10,12:05,175,949,1234567,4,2026-09-24T08:57:46.000Z
U28534,EZY,Faro,FAO,LPFR,London Gatwick,LGW,EGKK,,,10:15,13:10,09:15,12:10,175,911,23567,5,2026-09-23T13:59:04.000Z
U25618,EZY,Faro,FAO,LPFR,Newcastle,NCL,EGNT,,,10:50,14:00,09:50,13:00,190,1112,247,3,2026-09-24T08:57:46.000Z
U22216,EZY,Faro,FAO,LPFR,Manchester,MAN,EGCC,,,11:20,14:25,10:20,13:25,185,1009,16,2,2026-09-21T15:58:59.000Z
U28532,EZY,Faro,FAO,LPFR,London Gatwick,LGW,EGKK,,,11:35,14:25,10:35,13:25,170,911,134567,4,2026-09-24T08:57:46.000Z
U23164,EZY,Faro,FAO,LPFR,Glasgow,GLA,EGPF,,,12:15,15:35,11:15,14:35,200,1141,123456,5,2026-09-23T23:59:03.000Z
U27515,EJU,Faro,FAO,LPFR,Lyon,LYS,LFLL,,,12:50,16:10,11:50,14:10,140,785,246,2,2026-09-22T18:02:41.000Z
U27523,EJU,Faro,FAO,LPFR,Basel,BSL,LFSB,,,12:55,16:40,11:55,14:40,165,933,1234567,5,2026-09-24T08:57:46.000Z
U24434,EJU,Faro,FAO,LPFR,Lyon,LYS,LFLL,,,12:55,16:15,11:55,14:15,140,785,347,3,2026-09-23T16:00:49.000Z
U27531,EJU,Faro,FAO,LPFR,Basel,BSL,LFSB,,,12:55,16:40,11:55,14:40,165,933,37,2,2026-09-23T14:01:14.000Z
U27509,EJU,Faro,FAO,LPFR,Bristol,BRS,EGGD,,,13:25,16:05,12:25,15:05,160,891,1245,4,2026-09-24T08:57:44.000Z
U23044,EZY,Faro,FAO,LPFR,Belfast Intl,BFS,EGAA,,,13:30,16:35,12:30,15:35,185,1062,1234567,7,2026-09-24T08:57:44.000Z
U27511,EJU,Faro,FAO,LPFR,London Southend,SEN,EGMC,,,13:35,16:25,12:35,15:25,170,948,1357,2,2026-09-23T17:00:57.000Z
U28544,EJU,Faro,FAO,LPFR,London Gatwick,LGW,EGKK,,,14:40,17:30,13:40,16:30,170,911,34567,5,2026-09-24T08:57:46.000Z
U22454,EZY,Faro,FAO,LPFR,London Luton,LTN,EGGW,,,15:35,18:25,14:35,17:25,170,949,1234567,5,2026-09-24T08:57:46.000Z
U28536,EZY,Faro,FAO,LPFR,London Gatwick,LGW,EGKK,,,15:40,18:30,14:40,17:30,170,911,123457,4,2026-09-24T08:57:46.000Z
U27463,EJU,Faro,FAO,LPFR,Bordeaux,BOD,LFBD,,,18:35,21:30,17:35,19:30,115,573,7,1,2026-08-30T21:00:14.000Z
U28538,EZY,Faro,FAO,LPFR,London Gatwick,LGW,EGKK,,,19:10,22:05,18:10,21:05,175,911,124567,6,2026-09-24T08:57:46.000Z
U21468,EZS,Faro,FAO,LPFR,Geneva,GVA,LSGG,,,19:15,22:55,18:15,20:55,160,838,46,2,2026-09-24T08:57:46.000Z
U21508,EZS,Faro,FAO,LPFR,Geneva,GVA,LSGG,,,19:15,22:50,18:15,20:50,155,838,3,1,2026-08-26T21:59:31.000Z
U28540,EZY,Faro,FAO,LPFR,London Gatwick,LGW,EGKK,,,20:05,22:55,19:05,21:55,170,911,123456,4,2026-09-23T22:59:15.000Z
U23046,EZY,Faro,FAO,LPFR,Belfast Intl,BFS,EGAA,,,20:40,23:45,19:40,22:45,185,1062,234567,5,2026-09-24T00:01:27.000Z
U22456,EZY,Faro,FAO,LPFR,London Luton,LTN,EGGW,,,20:55,23:40,19:55,22:40,165,949,123456,2,2026-09-24T01:59:59.000Z
U23426,EZY,Faro,FAO,LPFR,Liverpool,LPL,EGGP,,,21:00,23:50,20:00,22:50,170,1003,1346,4,2026-09-23T23:59:05.000Z
U22450,EZY,Faro,FAO,LPFR,London Luton,LTN,EGGW,,,21:05,23:55,20:05,22:55,170,949,7,1,2026-09-20T23:59:23.000Z
U21872,EJU,Faro,FAO,LPFR,Bordeaux,BOD,LFBD,,,21:45,00:40,20:45,22:40,115,573,15,2,2026-09-22T00:01:50.000Z
U23048,EZY,Faro,FAO,LPFR,Belfast Intl,BFS,EGAA,,,21:50,00:50,20:50,23:50,180,1062,137,3,2026-09-22T03:02:13.000Z
U22874,EZY,Faro,FAO,LPFR,Bristol,BRS,EGGD,,,22:15,00:50,21:15,23:50,155,891,123567,5,2026-09-22T01:01:51.000Z
U23428,EZY,Faro,FAO,LPFR,Liverpool,LPL,EGGP,,,22:50,01:40,21:50,00:40,170,1003,257,3,2026-09-23T02:00:46.000Z
U22986,EJU,Rome Fiumicino,FCO,LIRF,Zurich,ZRH,LSZH,,,06:15,07:55,04:15,05:55,100,374,1234567,1,2026-09-24T06:58:50.000Z
U22980,EJU,Rome Fiumicino,FCO,LIRF,Brussels Intl,BRU,EBBR,,,06:40,08:50,04:40,06:50,130,633,1234567,1,2026-09-24T07:59:32.000Z
U22996,EJU,Rome Fiumicino,FCO,LIRF,Munich,MUC,EDDM,,,07:30,09:05,05:30,07:05,95,394,1234567,2,2026-09-24T08:57:49.000Z
U21412,EZS,Rome Fiumicino,FCO,LIRF,Geneva,GVA,LSGG,,,08:05,09:40,06:05,07:40,95,376,1257,3,2026-09-22T21:01:40.000Z
U24416,EJU,Rome Fiumicino,FCO,LIRF,Lyon,LYS,LFLL,,,09:30,11:10,07:30,09:10,100,389,13457,4,2026-09-23T10:58:55.000Z
U24934,EJU,Rome Fiumicino,FCO,LIRF,Paris Orly,ORY,LFPO,,,09:55,12:05,07:55,10:05,130,589,1234567,5,2026-09-24T08:57:48.000Z
U22838,EZY,Rome Fiumicino,FCO,LIRF,Bristol,BRS,EGGD,,,10:25,12:20,08:25,11:20,175,841,1234567,4,2026-09-24T08:57:44.000Z
U22978,EJU,Rome Fiumicino,FCO,LIRF,Nice,NCE,LFMN,,,10:40,11:55,08:40,09:55,75,248,1234567,1,2026-09-24T08:57:48.000Z
U28324,EZY,Rome Fiumicino,FCO,LIRF,London Gatwick,LGW,EGKK,,,10:45,12:35,08:45,11:35,170,759,1234567,4,2026-09-24T08:57:48.000Z
U26682,EZY,Rome Fiumicino,FCO,LIRF,Birmingham,BHX,EGBB,,,11:10,13:05,09:10,12:05,175,855,1457,3,2026-09-24T08:57:44.000Z
U25640,EZY,Rome Fiumicino,FCO,LIRF,Newcastle,NCL,EGNT,,,11:45,13:55,09:45,12:55,190,966,15,2,2026-09-21T15:00:22.000Z
U23132,EZY,Rome Fiumicino,FCO,LIRF,Glasgow,GLA,EGPF,,,11:55,14:20,09:55,13:20,205,1066,1245,1,2026-09-24T08:57:46.000Z
U22990,EJU,Rome Fiumicino,FCO,LIRF,Hamburg,HAM,EDDH,,,12:20,14:50,10:20,12:50,150,716,1234567,1,2026-09-24T08:57:47.000Z
U28360,EZY,Rome Fiumicino,FCO,LIRF,London Gatwick,LGW,EGKK,,,12:25,14:15,10:25,13:15,170,759,57,2,2026-08-30T15:58:47.000Z
U22992,EJU,Rome Fiumicino,FCO,LIRF,Frankfurt International,FRA,EDDF,,,13:00,15:00,11:00,13:00,120,517,1234567,1,2026-09-24T08:57:46.000Z
U22124,EZY,Rome Fiumicino,FCO,LIRF,Manchester,MAN,EGCC,,,13:00,15:00,11:00,14:00,180,906,1457,4,2026-09-24T08:57:48.000Z
U28326,EZY,Rome Fiumicino,FCO,LIRF,London Gatwick,LGW,EGKK,,,13:20,15:10,11:20,14:10,170,759,1234567,2,2026-09-24T08:57:48.000Z
U24420,EJU,Rome Fiumicino,FCO,LIRF,Lyon,LYS,LFLL,,,14:40,16:15,12:40,14:15,95,389,7,1,2026-08-30T15:58:48.000Z
U22998,EJU,Rome Fiumicino,FCO,LIRF,Munich,MUC,EDDM,,,15:05,16:50,13:05,14:50,105,394,1234567,1,2026-09-24T08:57:48.000Z
U24936,EJU,Rome Fiumicino,FCO,LIRF,Paris Orly,ORY,LFPO,,,15:25,17:30,13:25,15:30,125,589,1234567,4,2026-09-24T08:57:48.000Z
U25080,EJU,Rome Fiumicino,FCO,LIRF,Berlin Brandenburg,BER,EDDB,,,16:00,18:10,14:00,16:10,130,636,12457,5,2026-09-22T17:57:19.000Z
U24744,EJU,Rome Fiumicino,FCO,LIRF,Nantes,NTE,LFRS,,,16:40,19:00,14:40,17:00,140,674,135,3,2026-09-23T19:00:11.000Z
U24436,EJU,Rome Fiumicino,FCO,LIRF,Lyon,LYS,LFLL,,,16:50,18:30,14:50,16:30,100,389,25,2,2026-09-22T20:59:12.000Z
U25082,EJU,Rome Fiumicino,FCO,LIRF,Berlin Brandenburg,BER,EDDB,,,17:05,19:15,15:05,17:15,130,636,3457,4,2026-09-24T08:57:44.000Z
U24962,EJU,Rome Fiumicino,FCO,LIRF,Paris Orly,ORY,LFPO,,,17:30,19:35,15:30,17:35,125,589,1,1,2026-09-21T21:58:50.000Z
U21686,EJU,Rome Fiumicino,FCO,LIRF,Nice,NCE,LFMN,,,17:45,19:00,15:45,17:00,75,248,57,2,2026-09-20T18:59:11.000Z
U22982,EJU,Rome Fiumicino,FCO,LIRF,Brussels Intl,BRU,EBBR,,,18:10,20:20,16:10,18:20,130,633,1234567,1,2026-09-24T08:57:44.000Z
U22994,EJU,Rome Fiumicino,FCO,LIRF,Frankfurt International,FRA,EDDF,,,18:25,20:25,16:25,18:25,120,517,1234567,1,2026-09-24T08:57:46.000Z
U27559,EJU,Rome Fiumicino,FCO,LIRF,Lyon,LYS,LFLL,,,19:10,20:45,17:10,18:45,95,389,2,1,2026-08-25T19:59:40.000Z
U22988,EJU,Rome Fiumicino,FCO,LIRF,Zurich,ZRH,LSZH,,,19:40,21:20,17:40,19:20,100,374,1234567,1,2026-09-24T08:57:48.000Z
U28328,EZY,Rome Fiumicino,FCO,LIRF,London Gatwick,LGW,EGKK,,,19:55,21:35,17:55,20:35,160,759,3457,3,2026-09-24T08:57:48.000Z
U24958,EJU,Rome Fiumicino,FCO,LIRF,Paris Orly,ORY,LFPO,,,20:15,22:20,18:15,20:20,125,589,1234567,5,2026-09-24T08:57:48.000Z
U21930,EJU,Rome Fiumicino,FCO,LIRF,Bordeaux,BOD,LFBD,,,20:35,22:50,18:35,20:50,135,594,1457,4,2026-09-24T08:57:48.000Z
U21414,EZS,Rome Fiumicino,FCO,LIRF,Geneva,GVA,LSGG,,,20:55,22:25,18:55,20:25,90,376,13457,5,2026-09-24T08:57:48.000Z
U28330,EZY,Rome Fiumicino,FCO,LIRF,London Gatwick,LGW,EGKK,,,21:25,23:05,19:25,22:05,160,759,123567,4,2026-09-23T00:00:10.000Z
U21124,EZS,Rome Fiumicino,FCO,LIRF,Basel,BSL,LFSB,,,21:35,23:10,19:35,21:10,95,402,12457,4,2026-09-21T12:00:52.000Z
U21684,EJU,Rome Fiumicino,FCO,LIRF,Nice,NCE,LFMN,,,21:40,22:55,19:40,20:55,75,248,3,1,2026-09-23T21:59:43.000Z
U24422,EJU,Rome Fiumicino,FCO,LIRF,Lyon,LYS,LFLL,,,21:50,23:25,19:50,21:25,95,389,1457,4,2026-09-20T23:01:48.000Z
U26832,EJU,Madeira Funchal,FNC,LPMA,Porto,OPO,LPPR,,,08:35,10:35,07:35,09:35,120,643,13457,4,2026-09-24T08:57:46.000Z
U26864,EJU,Madeira Funchal,FNC,LPMA,Porto,OPO,LPPR,,,09:00,11:00,08:00,10:00,120,643,6,1,2026-09-19T11:58:47.000Z
U26840,EJU,Madeira Funchal,FNC,LPMA,Porto,OPO,LPPR,,,09:25,11:25,08:25,10:25,120,643,25,2,2026-09-22T11:59:52.000Z
U21284,EZS,Madeira Funchal,FNC,LPMA,Basel,BSL,LFSB,,,09:35,14:20,08:35,12:20,225,1419,2346,3,2026-09-24T08:57:48.000Z
U27622,EJU,Madeira Funchal,FNC,LPMA,Lisbon,LIS,LPPT,,,09:35,11:20,08:35,10:20,105,521,1234567,4,2026-09-24T08:57:48.000Z
U24486,EJU,Madeira Funchal,FNC,LPMA,Lyon,LYS,LFLL,319,A319,10:25,14:45,09:25,12:45,200,1276,246,3,2026-09-22T15:02:26.000Z
U21746,EJU,Madeira Funchal,FNC,LPMA,Nice,NCE,LFMN,,,11:00,15:30,10:00,13:30,210,1303,26,2,2026-09-22T21:58:58.000Z
U22878,EZY,Madeira Funchal,FNC,LPMA,Bristol,BRS,EGGD,,,11:25,15:00,10:25,14:00,215,1280,146,2,2026-09-24T08:57:44.000Z
U25334,EJU,Madeira Funchal,FNC,LPMA,Berlin Brandenburg,BER,EDDB,,,11:35,17:10,10:35,15:10,275,1763,234567,2,2026-09-24T08:57:44.000Z
U28520,EZY,Madeira Funchal,FNC,LPMA,London Gatwick,LGW,EGKK,,,11:45,15:30,10:45,14:30,225,1326,1234567,3,2026-09-24T08:57:48.000Z
U22472,EZY,Madeira Funchal,FNC,LPMA,London Luton,LTN,EGGW,,,12:05,15:45,11:05,14:45,220,1356,135,3,2026-09-23T17:00:57.000Z
U27624,EJU,Madeira Funchal,FNC,LPMA,Lisbon,LIS,LPPT,,,13:50,15:35,12:50,14:35,105,521,1234567,6,2026-09-24T08:57:48.000Z
U26834,EJU,Madeira Funchal,FNC,LPMA,Porto,OPO,LPPR,,,14:45,16:45,13:45,15:45,120,643,1234567,6,2026-09-24T08:57:46.000Z
U27626,EJU,Madeira Funchal,FNC,LPMA,Lisbon,LIS,LPPT,,,16:30,18:15,15:30,17:15,105,521,1234567,6,2026-09-24T08:57:48.000Z
U27966,EJU,Madeira Funchal,FNC,LPMA,Amsterdam,AMS,EHAM,,,17:20,22:25,16:20,20:25,245,1503,23457,4,2026-09-23T21:59:39.000Z
U21880,EJU,Madeira Funchal,FNC,LPMA,Bordeaux,BOD,LFBD,,,17:50,21:45,16:50,19:45,175,1043,2346,4,2026-09-23T21:02:41.000Z
U21470,EZS,Madeira Funchal,FNC,LPMA,Geneva,GVA,LSGG,,,18:15,22:50,17:15,20:50,215,1328,26,1,2026-09-22T22:01:42.000Z
U24732,EJU,Madeira Funchal,FNC,LPMA,Nantes,NTE,LFRS,,,18:15,22:15,17:15,20:15,180,1110,23467,5,2026-09-24T08:57:48.000Z
U24602,EJU,Madeira Funchal,FNC,LPMA,Paris Charles de Gaulle,CDG,LFPG,,,18:40,23:20,17:40,21:20,220,1307,23467,5,2026-09-23T22:59:16.000Z
U28522,EZY,Madeira Funchal,FNC,LPMA,London Gatwick,LGW,EGKK,,,19:30,23:10,18:30,22:10,220,1326,123567,5,2026-09-23T23:59:05.000Z
U22214,EZY,Madeira Funchal,FNC,LPMA,Manchester,MAN,EGCC,,,20:30,00:25,19:30,23:25,235,1388,15,2,2026-09-22T00:58:59.000Z
U27628,EJU,Madeira Funchal,FNC,LPMA,Lisbon,LIS,LPPT,,,20:35,22:20,19:35,21:20,105,521,1234567,6,2026-09-23T23:59:06.000Z
U26836,EJU,Madeira Funchal,FNC,LPMA,Porto,OPO,LPPR,,,21:05,23:05,20:05,22:05,120,643,1234567,4,2026-09-23T23:59:02.000Z
U25404,EJU,Frankfurt International,FRA,EDDF,Milan Linate,LIN,LIML,,,09:10,10:20,07:10,08:20,70,277,1234567,2,2026-09-24T08:57:46.000Z
U22993,EJU,Frankfurt International,FRA,EDDF,Rome Fiumicino,FCO,LIRF,,,15:40,17:30,13:40,15:30,110,517,1234567,1,2026-09-24T08:57:46.000Z
U25428,EJU,Frankfurt International,FRA,EDDF,Milan Linate,LIN,LIML,,,20:10,21:20,18:10,19:20,70,277,1234567,3,2026-09-24T08:57:46.000Z
U22995,EJU,Frankfurt International,FRA,EDDF,Rome Fiumicino,FCO,LIRF,,,21:00,22:55,19:00,20:55,115,517,1234567,1,2026-09-24T08:57:46.000Z
U24520,EJU,"Figari, Corsica",FSC,LFKF,Paris Charles de Gaulle,CDG,LFPG,,,08:50,10:50,06:50,08:50,120,528,1346,4,2026-08-29T10:00:29.000Z
U21078,EZS,"Figari, Corsica",FSC,LFKF,Basel,BSL,LFSB,,,09:10,10:45,07:10,08:45,95,372,36,2,2026-09-19T08:59:09.000Z
U28388,EZY,"Figari, Corsica",FSC,LFKF,London Gatwick,LGW,EGKK,,,09:25,10:50,07:25,09:50,145,694,247,3,2026-09-24T08:57:45.000Z
U25442,EJU,"Figari, Corsica",FSC,LFKF,Milan Linate,LIN,LIML,,,09:40,10:55,07:40,08:55,75,237,6,1,2026-08-29T10:00:24.000Z
U25414,EJU,"Figari, Corsica",FSC,LFKF,Milan Linate,LIN,LIML,,,09:55,11:15,07:55,09:15,80,237,3,1,2026-08-26T10:59:40.000Z
U21350,EZS,"Figari, Corsica",FSC,LFKF,Geneva,GVA,LSGG,,,12:50,14:10,10:50,12:10,80,312,1356,3,2026-09-23T14:01:10.000Z
U24340,EJU,"Figari, Corsica",FSC,LFKF,Lyon,LYS,LFLL,,,13:15,14:30,11:15,12:30,75,308,13456,5,2026-09-23T14:59:37.000Z
U24342,EJU,"Figari, Corsica",FSC,LFKF,Lyon,LYS,LFLL,,,13:50,15:05,11:50,13:05,75,308,7,1,2026-08-30T15:01:57.000Z
U24522,EJU,"Figari, Corsica",FSC,LFKF,Paris Charles de Gaulle,CDG,LFPG,,,15:25,17:20,13:25,15:20,115,528,257,3,2026-09-20T17:00:21.000Z
U21352,EZS,"Figari, Corsica",FSC,LFKF,Geneva,GVA,LSGG,,,16:50,18:10,14:50,16:10,80,312,6,1,2026-08-29T19:00:28.000Z
U24296,EJU,Fuerteventura,FUE,GCFV,Naples,NAP,LIRN,,,11:10,16:20,10:10,14:20,250,1568,236,3,2026-09-22T16:00:06.000Z
U22720,EZY,Fuerteventura,FUE,GCFV,Bristol,BRS,EGGD,,,12:00,15:55,11:00,14:55,235,1465,36,2,2026-09-23T16:00:44.000Z
U27884,EJU,Fuerteventura,FUE,GCFV,Amsterdam,AMS,EHAM,,,12:15,17:45,11:15,15:45,270,1656,3467,4,2026-09-24T08:57:42.000Z
U22312,EZY,Fuerteventura,FUE,GCFV,London Luton,LTN,EGGW,,,12:20,16:30,11:20,15:30,250,1531,257,3,2026-09-22T16:59:25.000Z
U23386,EZY,Fuerteventura,FUE,GCFV,Liverpool,LPL,EGGP,,,12:25,16:40,11:25,15:40,255,1571,36,2,2026-09-23T17:00:57.000Z
U28044,EZY,Fuerteventura,FUE,GCFV,London Gatwick,LGW,EGKK,,,12:35,16:45,11:35,15:45,250,1496,246,3,2026-09-22T16:59:25.000Z
U28042,EZY,Fuerteventura,FUE,GCFV,London Gatwick,LGW,EGKK,,,12:50,17:00,11:50,16:00,250,1496,124567,5,2026-09-24T08:57:46.000Z
U22040,EZY,Fuerteventura,FUE,GCFV,Manchester,MAN,EGCC,,,13:10,17:30,12:10,16:30,260,1580,246,3,2026-09-24T08:57:46.000Z
U25102,EJU,Fuerteventura,FUE,GCFV,Berlin Brandenburg,BER,EDDB,,,17:10,23:00,16:10,21:00,290,1882,26,2,2026-09-22T23:00:48.000Z
U21054,EZS,Fuerteventura,FUE,GCFV,Basel,BSL,LFSB,,,17:25,22:30,16:25,20:30,245,1521,2467,4,2026-09-24T08:57:46.000Z
U23776,EJU,Fuerteventura,FUE,GCFV,Milan Malpensa,MXP,LIMC,,,17:40,22:35,16:40,20:35,235,1485,14567,5,2026-09-21T21:58:49.000Z
U28024,EZY,Fuerteventura,FUE,GCFV,London Gatwick,LGW,EGKK,,,18:00,22:05,17:00,21:05,245,1496,3,1,2026-09-23T22:59:15.000Z
U23782,EJU,Fuerteventura,FUE,GCFV,Milan Malpensa,MXP,LIMC,,,18:00,22:55,17:00,20:55,235,1485,3,1,2026-09-23T21:59:43.000Z
U26612,EZY,Fuerteventura,FUE,GCFV,Birmingham,BHX,EGBB,,,19:15,23:30,18:15,22:30,255,1539,14,2,2026-09-24T08:57:46.000Z
U23028,EZY,Fuerteventura,FUE,GCFV,Belfast Intl,BFS,EGAA,,,19:30,23:45,18:30,22:45,255,1608,1,1,2026-09-22T00:01:48.000Z
U23796,EJU,Fuerteventura,FUE,GCFV,Milan Malpensa,MXP,LIMC,,,19:30,00:25,18:30,22:25,235,1485,246,3,2026-09-24T08:57:46.000Z
U22268,EZY,Gibraltar,GIB,LXGB,Manchester,MAN,EGCC,,,10:45,12:55,08:45,11:55,190,1041,123457,5,2026-09-23T13:59:05.000Z
U22760,EZY,Gibraltar,GIB,LXGB,Bristol,BRS,EGGD,,,11:00,12:50,09:00,11:50,170,921,47,2,2026-09-24T08:57:44.000Z
U28792,EZY,Gibraltar,GIB,LXGB,London Gatwick,LGW,EGKK,,,11:05,13:00,09:05,12:00,175,927,12567,4,2026-09-22T13:58:28.000Z
U26672,EZY,Gibraltar,GIB,LXGB,Birmingham,BHX,EGBB,,,11:35,13:30,09:35,12:30,175,991,47,1,2026-09-24T08:57:44.000Z
U28794,EZY,Gibraltar,GIB,LXGB,London Gatwick,LGW,EGKK,,,21:05,23:00,19:05,22:00,175,927,1345,3,2026-09-24T00:59:25.000Z
U2417,EZY,Glasgow,GLA,EGPF,Belfast Intl,BFS,EGAA,,,06:00,06:45,05:00,05:45,45,95,23456,4,2026-09-24T07:59:32.000Z
U23107,EZY,Glasgow,GLA,EGPF,Malta,MLA,LMML,,,06:00,10:50,05:00,08:50,230,1429,25,2,2026-09-22T10:01:20.000Z
U23101,EZY,Glasgow,GLA,EGPF,Barcelona,BCN,LEBL,,,06:30,10:15,05:30,08:15,165,912,23467,4,2026-09-24T08:57:42.000Z
U2437,EZY,Glasgow,GLA,EGPF,Bristol,BRS,EGGD,,,06:35,07:45,05:35,06:45,70,276,6,1,2026-08-29T08:00:43.000Z
U2868,EZY,Glasgow,GLA,EGPF,London Gatwick,LGW,EGKK,,,06:40,08:20,05:40,07:20,100,321,123456,5,2026-09-24T08:57:48.000Z
U23103,EZY,Glasgow,GLA,EGPF,Malaga,AGP,LEMG,,,06:45,11:05,05:45,09:05,200,1153,467,1,2026-09-24T08:57:49.000Z
U23175,EZY,Glasgow,GLA,EGPF,Porto,OPO,LPPR,,,06:50,09:35,05:50,08:35,165,894,15,2,2026-09-21T11:01:06.000Z
U23183,EZY,Glasgow,GLA,EGPF,Reus,REU,LERS,,,07:00,10:40,06:00,08:40,160,911,15,2,2026-09-21T13:00:38.000Z
U2427,EZY,Glasgow,GLA,EGPF,Birmingham,BHX,EGBB,,,07:00,08:10,06:00,07:10,70,226,1234567,4,2026-09-24T07:59:32.000Z
U2409,EZY,Glasgow,GLA,EGPF,London Stansted,STN,EGSS,,,07:05,08:25,06:05,07:25,80,291,1234567,6,2026-09-24T08:57:48.000Z
U2401,EZY,Glasgow,GLA,EGPF,London Luton,LTN,EGGW,,,07:05,08:20,06:05,07:20,75,280,123456,1,2026-09-23T09:00:42.000Z
U23131,EZY,Glasgow,GLA,EGPF,Rome Fiumicino,FCO,LIRF,,,07:10,11:10,06:10,09:10,180,1066,1245,1,2026-09-24T08:57:48.000Z
U2425,EZY,Glasgow,GLA,EGPF,Belfast Intl,BFS,EGAA,,,07:20,08:05,06:20,07:05,45,95,467,3,2026-09-20T08:59:47.000Z
U2202,EZY,Glasgow,GLA,EGPF,Bristol,BRS,EGGD,,,09:00,10:10,08:00,09:10,70,276,123457,4,2026-09-24T08:57:44.000Z
U24620,EJU,Glasgow,GLA,EGPF,Paris Charles de Gaulle,CDG,LFPG,,,09:00,11:50,08:00,09:50,110,484,5,1,2026-09-18T12:00:41.000Z
U23119,EZY,Glasgow,GLA,EGPF,Lisbon,LIS,LPPT,,,09:25,12:35,08:25,11:35,190,1043,37,2,2026-09-23T12:59:27.000Z
U2610,EZY,Glasgow,GLA,EGPF,London Luton,LTN,EGGW,,,09:30,10:45,08:30,09:45,75,280,13467,5,2026-09-24T08:57:46.000Z
U23179,EZY,Glasgow,GLA,EGPF,Prague,PRG,LKPR,,,09:35,12:50,08:35,10:50,135,756,47,2,2026-09-24T08:57:46.000Z
U2415,EZY,Glasgow,GLA,EGPF,Southampton,SOU,EGHI,,,09:45,11:05,08:45,10:05,80,315,1234567,7,2026-09-24T08:57:46.000Z
U2405,EZY,Glasgow,GLA,EGPF,Bristol,BRS,EGGD,,,10:05,11:15,09:05,10:15,70,276,56,2,2026-09-19T12:02:04.000Z
U2862,EZY,Glasgow,GLA,EGPF,London Gatwick,LGW,EGKK,,,10:15,11:55,09:15,10:55,100,321,1234567,5,2026-09-24T08:57:46.000Z
U27504,EJU,Glasgow,GLA,EGPF,Faro,FAO,LPFR,,,10:35,13:50,09:35,12:50,195,1141,57,2,2026-09-20T14:01:40.000Z
U23123,EZY,Glasgow,GLA,EGPF,Paris Charles de Gaulle,CDG,LFPG,,,10:50,13:40,09:50,11:40,110,484,1234567,6,2026-09-24T08:57:46.000Z
U23153,EZY,Glasgow,GLA,EGPF,Crete Chania,CHQ,LGSA,,,11:05,17:25,10:05,14:25,260,1688,37,2,2026-09-23T16:00:45.000Z
U23141,EZY,Glasgow,GLA,EGPF,Split,SPU,LDSP,,,11:30,15:35,10:30,13:35,185,1086,37,2,2026-09-23T14:59:37.000Z
U23181,EZY,Glasgow,GLA,EGPF,Antalya,AYT,LTAI,,,11:35,18:15,10:35,15:15,280,1819,36,2,2026-09-23T17:00:52.000Z
U2208,EZY,Glasgow,GLA,EGPF,Bristol,BRS,EGGD,,,12:40,13:55,11:40,12:55,75,276,123457,6,2026-09-23T14:01:11.000Z
U23115,EZY,Glasgow,GLA,EGPF,Sharm El Sheikh,SSH,HESH,,,13:25,21:10,12:25,18:10,345,2357,36,2,2026-09-23T19:59:20.000Z
U27358,EJU,Glasgow,GLA,EGPF,Majorca Palma,PMI,LEPA,,,13:25,17:25,12:25,15:25,180,1020,124567,6,2026-09-24T08:57:46.000Z
U2472,EZY,Glasgow,GLA,EGPF,Belfast City (George Best),BHD,EGAC,,,13:45,14:30,12:45,13:30,45,90,1234567,6,2026-09-24T08:57:46.000Z
U23165,EZY,Glasgow,GLA,EGPF,Hurghada,HRG,HEGN,,,13:50,21:45,12:50,18:45,355,2380,15,2,2026-09-21T21:01:01.000Z
U23169,EZY,Glasgow,GLA,EGPF,Cyprus Larnaca,LCA,LCLK,,,13:50,20:55,12:50,17:55,305,2000,26,2,2026-09-22T19:58:20.000Z
U23161,EZY,Glasgow,GLA,EGPF,Berlin Brandenburg,BER,EDDB,,,13:55,17:00,12:55,15:00,125,663,15,2,2026-09-21T17:00:12.000Z
U23121,EZY,Glasgow,GLA,EGPF,Tenerife South,TFS,GCTS,,,13:55,18:35,12:55,17:35,280,1751,47,1,2026-09-24T08:57:46.000Z
U23167,EZY,Glasgow,GLA,EGPF,Dalaman,DLM,LTBS,,,13:55,20:30,12:55,17:30,275,1766,36,2,2026-09-23T19:00:07.000Z
U23143,EZY,Glasgow,GLA,EGPF,Pula,PUY,LDPL,,,13:55,17:40,12:55,15:40,165,958,15,2,2026-08-28T18:00:06.000Z
U2612,EZY,Glasgow,GLA,EGPF,London Luton,LTN,EGGW,,,14:30,15:45,13:30,14:45,75,280,457,3,2026-09-24T08:57:46.000Z
U2864,EZY,Glasgow,GLA,EGPF,London Gatwick,LGW,EGKK,,,14:40,16:20,13:40,15:20,100,321,1237,4,2026-09-23T17:00:57.000Z
U23171,EZY,Glasgow,GLA,EGPF,Enfidha - Hammamet,NBE,DTNH,,,14:55,18:35,13:55,17:35,220,1334,47,2,2026-09-24T08:57:46.000Z
U23111,EZY,Glasgow,GLA,EGPF,Lanzarote,ACE,GCRR,,,15:00,19:30,14:00,18:30,270,1664,14,1,2026-09-24T08:57:46.000Z
U2423,EZY,Glasgow,GLA,EGPF,Belfast Intl,BFS,EGAA,,,15:10,15:55,14:10,14:55,45,95,124567,6,2026-09-24T08:57:44.000Z
U23117,EZY,Glasgow,GLA,EGPF,Pisa (Tuscany),PSA,LIRP,,,15:10,18:50,14:10,16:50,160,926,26,2,2026-09-22T19:01:17.000Z
U23125,EZY,Glasgow,GLA,EGPF,Paris Charles de Gaulle,CDG,LFPG,,,15:10,18:05,14:10,16:05,115,484,124567,6,2026-09-22T18:56:00.000Z
U2439,EZY,Glasgow,GLA,EGPF,Jersey,JER,EGJJ,,,15:30,17:05,14:30,16:05,95,408,12457,4,2026-09-24T08:57:46.000Z
U23151,EZY,Glasgow,GLA,EGPF,Kos,KGS,LGKO,,,15:30,22:05,14:30,19:05,275,1711,26,2,2026-09-22T20:59:11.000Z
U2421,EZY,Glasgow,GLA,EGPF,Belfast Intl,BFS,EGAA,,,15:35,16:20,14:35,15:20,45,95,2356,4,2026-09-23T17:00:53.000Z
U2870,EZY,Glasgow,GLA,EGPF,London Gatwick,LGW,EGKK,,,15:45,17:25,14:45,16:25,100,321,1457,4,2026-09-24T08:57:46.000Z
U2403,EZY,Glasgow,GLA,EGPF,London Luton,LTN,EGGW,,,16:00,17:10,15:00,16:10,70,280,126,3,2026-09-22T18:02:41.000Z
U23105,EZY,Glasgow,GLA,EGPF,Malaga,AGP,LEMG,,,16:20,20:40,15:20,18:40,200,1153,1235,3,2026-09-23T12:01:50.000Z
U2419,EZY,Glasgow,GLA,EGPF,Belfast Intl,BFS,EGAA,,,16:20,17:05,15:20,16:05,45,95,1245,4,2026-09-24T08:57:44.000Z
U23163,EZY,Glasgow,GLA,EGPF,Faro,FAO,LPFR,,,16:20,19:40,15:20,18:40,200,1141,123456,3,2026-09-24T08:57:46.000Z
U2888,EZY,Glasgow,GLA,EGPF,London Gatwick,LGW,EGKK,,,16:45,18:15,15:45,17:15,90,321,134567,6,2026-09-24T08:57:46.000Z
U21920,EJU,Glasgow,GLA,EGPF,Bordeaux,BOD,LFBD,,,16:50,20:00,15:50,18:00,130,678,3,1,2026-08-26T20:01:19.000Z
U23109,EZY,Glasgow,GLA,EGPF,Majorca Palma,PMI,LEPA,,,17:05,21:00,16:05,19:00,175,1020,4,1,2026-08-27T22:00:57.000Z
U27114,EJU,Glasgow,GLA,EGPF,Barcelona,BCN,LEBL,,,17:35,21:15,16:35,19:15,160,912,2,1,2026-09-22T21:01:39.000Z
U254,EZY,Glasgow,GLA,EGPF,Belfast Intl,BFS,EGAA,,,18:05,18:50,17:05,17:50,45,95,157,3,2026-09-21T19:00:04.000Z
U23127,EZY,Glasgow,GLA,EGPF,Bordeaux,BOD,LFBD,,,18:05,21:15,17:05,19:15,130,678,15,2,2026-08-28T22:00:26.000Z
U25510,EJU,Glasgow,GLA,EGPF,Alicante,ALC,LEAL,,,18:20,22:25,17:20,20:25,185,1067,2467,4,2026-09-24T08:57:46.000Z
U2429,EZY,Glasgow,GLA,EGPF,Birmingham,BHX,EGBB,,,18:20,19:25,17:20,18:25,65,226,23,2,2026-09-22T22:01:40.000Z
U252,EZY,Glasgow,GLA,EGPF,Belfast Intl,BFS,EGAA,,,18:55,19:40,17:55,18:40,45,95,1357,4,2026-09-23T20:01:50.000Z
U2411,EZY,Glasgow,GLA,EGPF,London Stansted,STN,EGSS,,,19:15,20:35,18:15,19:35,80,291,1234567,7,2026-09-24T08:57:46.000Z
U2835,EZY,Glasgow,GLA,EGPF,London Gatwick,LGW,EGKK,,,19:25,20:55,18:25,19:55,90,321,1,1,2026-09-21T21:58:49.000Z
U27836,EJU,Glasgow,GLA,EGPF,Amsterdam,AMS,EHAM,,,19:40,22:15,18:40,20:15,95,388,1457,3,2026-09-24T08:57:46.000Z
U2431,EZY,Glasgow,GLA,EGPF,Birmingham,BHX,EGBB,,,19:55,21:00,18:55,20:00,65,226,13457,4,2026-09-24T08:57:46.000Z
U25532,EJU,Glasgow,GLA,EGPF,Alicante,ALC,LEAL,,,20:10,00:15,19:10,22:15,185,1067,135,3,2026-09-24T00:01:27.000Z
U24644,EJU,Glasgow,GLA,EGPF,Paris Charles de Gaulle,CDG,LFPG,,,20:20,23:10,19:20,21:10,110,484,1345,4,2026-09-23T22:59:16.000Z
U2413,EZY,Glasgow,GLA,EGPF,London Stansted,STN,EGSS,,,20:35,21:55,19:35,20:55,80,291,12357,4,2026-09-22T12:58:53.000Z
U2212,EZY,Glasgow,GLA,EGPF,Bristol,BRS,EGGD,,,21:10,22:20,20:10,21:20,70,276,47,2,2026-09-20T23:01:41.000Z
U27360,EJU,Glasgow,GLA,EGPF,Majorca Palma,PMI,LEPA,,,21:10,01:10,20:10,23:10,180,1020,3,1,2026-09-24T00:59:26.000Z
U2866,EZY,Glasgow,GLA,EGPF,London Gatwick,LGW,EGKK,,,21:20,22:50,20:20,21:50,90,321,23457,2,2026-09-23T23:59:05.000Z
U2614,EZY,Glasgow,GLA,EGPF,London Luton,LTN,EGGW,,,21:40,22:50,20:40,21:50,70,280,123457,6,2026-09-24T00:59:25.000Z
U2210,EZY,Glasgow,GLA,EGPF,Bristol,BRS,EGGD,,,22:00,23:10,21:00,22:10,70,276,1234567,5,2026-09-24T08:57:44.000Z
U21297,EJU,Geneva,GVA,LSGG,Alicante,ALC,LEAL,,,06:00,08:00,04:00,06:00,120,562,12346,4,2026-09-24T07:59:30.000Z
U21553,EZS,Geneva,GVA,LSGG,Marrakech,RAK,GMMX,,,06:00,07:15,04:00,07:15,195,1096,1234567,2,2026-09-24T08:57:49.000Z
U21313,EJU,Geneva,GVA,LSGG,Tenerife South,TFS,GCTS,,,06:00,09:20,04:00,08:20,260,1529,2467,3,2026-09-24T08:57:50.000Z
U21305,EJU,Geneva,GVA,LSGG,Ibiza,IBZ,LEIB,,,06:00,07:35,04:00,05:35,95,489,134567,4,2026-09-24T08:57:41.000Z
U21411,EZS,Geneva,GVA,LSGG,Rome Fiumicino,FCO,LIRF,,,06:00,07:30,04:00,05:30,90,376,1257,3,2026-09-22T17:57:25.000Z
U21443,EZS,Geneva,GVA,LSGG,Sicily Catania,CTA,LICC,,,06:00,08:05,04:00,06:05,125,661,1234567,6,2026-09-24T07:59:33.000Z
U21451,EZS,Geneva,GVA,LSGG,Porto,OPO,LPPR,,,06:05,07:25,04:05,06:25,140,707,123457,5,2026-09-24T07:59:37.000Z
U21317,EJU,Geneva,GVA,LSGG,Malaga,AGP,LEMG,,,06:10,08:40,04:10,06:40,150,745,3,1,2026-09-23T08:01:07.000Z
U21479,EZS,Geneva,GVA,LSGG,Mykonos,JMK,LGMK,,,06:10,10:00,04:10,07:00,170,1006,12456,5,2026-09-22T09:01:05.000Z
U21461,EZS,Geneva,GVA,LSGG,Lisbon,LIS,LPPT,,,06:10,07:50,04:10,06:50,160,808,123467,5,2026-09-23T08:01:07.000Z
U21591,EZS,Geneva,GVA,LSGG,Manchester,MAN,EGCC,,,06:10,07:05,04:10,06:05,115,536,35,2,2026-09-23T08:01:06.000Z
U21295,EJU,Geneva,GVA,LSGG,Barcelona,BCN,LEBL,,,06:15,07:45,04:15,05:45,90,344,57,2,2026-09-20T07:00:19.000Z
U21393,EZS,Geneva,GVA,LSGG,Nice,NCE,LFMN,,,06:15,07:20,04:15,05:20,65,162,1567,3,2026-09-21T06:59:05.000Z
U21471,EZS,Geneva,GVA,LSGG,Athens,ATH,LGAV,,,06:20,10:05,04:20,07:05,165,935,1234567,3,2026-09-24T08:57:41.000Z
U21361,EZS,Geneva,GVA,LSGG,Nantes,NTE,LFRS,,,06:20,07:45,04:20,05:45,85,322,137,3,2026-09-23T07:00:17.000Z
U21579,EZS,Geneva,GVA,LSGG,Hurghada,HRG,HEGN,,,06:20,11:45,04:20,08:45,265,1741,246,3,2026-09-22T10:01:19.000Z
U21503,EZS,Geneva,GVA,LSGG,Split,SPU,LDSP,,,06:20,08:00,04:20,06:00,100,462,1234567,5,2026-09-24T07:59:41.000Z
U21493,EZS,Geneva,GVA,LSGG,Pristina,PRN,BKPR,,,06:20,08:35,04:20,06:35,135,676,1234567,4,2026-09-24T08:57:50.000Z
U21483,EZS,Geneva,GVA,LSGG,Djerba–Zarzis,DJE,DTTJ,,,06:20,07:40,04:20,06:40,140,772,27,2,2026-09-22T07:59:21.000Z
U21327,EJU,Geneva,GVA,LSGG,Santiago de Compostela,SCQ,LEST,,,06:20,08:35,04:20,06:35,135,652,6,1,2026-09-19T07:59:17.000Z
U21385,EZS,Geneva,GVA,LSGG,Nice,NCE,LFMN,,,06:20,07:25,04:20,05:25,65,162,24,2,2026-09-24T06:58:49.000Z
U21481,EZS,Geneva,GVA,LSGG,Crete Chania,CHQ,LGSA,,,06:25,10:25,04:25,07:25,180,1037,125,3,2026-09-22T09:01:01.000Z
U21549,EZS,Geneva,GVA,LSGG,Tbilisi,TBS,UGTB,,,06:30,12:55,04:30,08:55,265,1684,14,2,2026-09-24T08:57:50.000Z
U21533,EZS,Geneva,GVA,LSGG,Sardinia Cagliari,CAG,LIEE,,,06:35,08:15,04:35,06:15,100,439,27,2,2026-09-20T08:00:18.000Z
U21595,EZS,Geneva,GVA,LSGG,London Southend,SEN,EGMC,,,06:40,07:15,04:40,06:15,95,385,15,2,2026-09-21T08:01:00.000Z
U21473,EZS,Geneva,GVA,LSGG,Santorini,JTR,LGSR,,,06:40,10:35,04:40,07:35,175,1050,26,2,2026-09-22T09:01:06.000Z
U21431,EZS,Geneva,GVA,LSGG,Edinburgh,EDI,EGPH,,,06:55,08:15,04:55,07:15,140,683,46,2,2026-09-24T08:57:46.000Z
U21597,EZS,Geneva,GVA,LSGG,Sharm El Sheikh,SSH,HESH,,,07:00,12:25,05:00,09:25,265,1726,7,1,2026-09-20T10:58:59.000Z
U21485,EZS,Geneva,GVA,LSGG,Rhodes,RHO,LGRP,,,07:00,11:10,05:00,08:10,190,1148,2457,3,2026-09-22T10:01:22.000Z
U21567,EZS,Geneva,GVA,LSGG,Enfidha - Hammamet,NBE,DTNH,,,07:00,08:00,05:00,07:00,120,641,12467,4,2026-09-24T08:57:46.000Z
U21373,EZS,Geneva,GVA,LSGG,Toulouse,TLS,LFBO,,,07:00,08:10,05:00,06:10,70,255,1357,4,2026-09-21T08:01:03.000Z
U21559,EZS,Geneva,GVA,LSGG,Rabat Sale Airport,RBA,GMME,,,07:00,07:50,05:00,07:50,170,938,23457,4,2026-09-24T08:57:46.000Z
U21405,EZS,Geneva,GVA,LSGG,Valencia,VLC,LEVC,,,07:00,08:50,05:00,06:50,110,498,15,2,2026-09-21T08:01:03.000Z
U21353,EZS,Geneva,GVA,LSGG,"Calvi, Corsica",CLY,LFKC,,,07:00,08:15,05:00,06:15,75,251,36,2,2026-09-19T08:01:34.000Z
U21561,EZS,Geneva,GVA,LSGG,Tirana,TIA,LATI,,,07:00,09:05,05:00,07:05,125,656,23467,4,2026-09-24T08:57:50.000Z
U28486,EZS,Geneva,GVA,LSGG,London Gatwick,LGW,EGKK,,,07:00,07:35,05:00,06:35,95,386,1234567,1,2026-09-24T08:57:48.000Z
U21545,EZS,Geneva,GVA,LSGG,London Luton,LTN,EGGW,,,07:00,07:45,05:00,06:45,105,423,3,1,2026-08-26T07:59:36.000Z
U21381,EZS,Geneva,GVA,LSGG,Gran Canaria,LPA,GCLP,,,07:05,10:25,05:05,09:25,260,1496,36,2,2026-09-23T10:58:53.000Z
U21435,EZS,Geneva,GVA,LSGG,Lamezia,SUF,LICA,,,07:05,09:00,05:05,07:00,115,627,246,3,2026-08-29T09:00:46.000Z
U21389,EZS,Geneva,GVA,LSGG,Bordeaux,BOD,LFBD,,,07:05,08:25,05:05,06:25,80,299,23457,5,2026-09-24T07:59:32.000Z
U21499,EZS,Geneva,GVA,LSGG,Cyprus Larnaca,LCA,LCLK,,,07:10,12:00,05:10,09:00,230,1418,7,1,2026-08-30T10:59:11.000Z
U21487,EZS,Geneva,GVA,LSGG,Mykonos,JMK,LGMK,,,07:10,11:00,05:10,08:00,170,1006,6,1,2026-08-29T10:00:29.000Z
U21583,EZS,Geneva,GVA,LSGG,Djerba–Zarzis,DJE,DTTJ,,,07:10,08:30,05:10,07:30,140,772,2356,4,2026-09-23T09:00:39.000Z
U21291,EJU,Geneva,GVA,LSGG,Santiago de Compostela,SCQ,LEST,,,07:10,09:25,05:10,07:25,135,652,1234567,6,2026-09-24T07:59:41.000Z
U21475,EZS,Geneva,GVA,LSGG,Corfu,CFU,LGKR,,,07:20,10:40,05:20,07:40,140,724,246,3,2026-09-22T09:01:01.000Z
U21449,EZS,Geneva,GVA,LSGG,Brindisi,BDS,LIBR,,,07:45,09:45,05:45,07:45,120,614,3,1,2026-09-23T09:00:37.000Z
U27282,EJU,Geneva,GVA,LSGG,Majorca Palma,PMI,LEPA,,,08:25,10:05,06:25,08:05,100,428,1234567,3,2026-09-24T08:57:49.000Z
U27024,EJU,Geneva,GVA,LSGG,Malaga,AGP,LEMG,,,09:10,11:40,07:10,09:40,150,745,1234567,3,2026-09-24T08:57:41.000Z
U27106,EJU,Geneva,GVA,LSGG,Barcelona,BCN,LEBL,,,09:30,11:00,07:30,09:00,90,344,1234567,4,2026-09-24T08:57:41.000Z
U22884,EZY,Geneva,GVA,LSGG,Bristol,BRS,EGGD,,,09:45,10:30,07:45,09:30,105,465,2567,3,2026-09-20T13:01:38.000Z
U28488,EZY,Geneva,GVA,LSGG,London Gatwick,LGW,EGKK,,,09:45,10:20,07:45,09:20,95,386,14567,4,2026-09-24T08:57:41.000Z
U21439,EZS,Geneva,GVA,LSGG,Venice Marco Polo,VCE,LIPZ,,,09:55,11:10,07:55,09:10,75,265,12347,5,2026-09-24T08:57:41.000Z
U21511,EZS,Geneva,GVA,LSGG,Rennes,RNS,LFRN,,,09:55,11:30,07:55,09:30,95,338,15,2,2026-09-21T11:01:10.000Z
U21403,EZS,Geneva,GVA,LSGG,Nice,NCE,LFMN,,,09:55,11:00,07:55,09:00,65,162,5,1,2026-09-18T11:00:20.000Z
U26650,EZY,Geneva,GVA,LSGG,Birmingham,BHX,EGBB,,,10:00,10:50,08:00,09:50,110,483,37,2,2026-09-23T11:01:16.000Z
U26820,EJU,Geneva,GVA,LSGG,Porto,OPO,LPPR,,,10:05,11:25,08:05,10:25,140,707,1234567,5,2026-09-24T08:57:41.000Z
U21571,EZS,Geneva,GVA,LSGG,Birmingham,BHX,EGBB,,,10:25,11:15,08:25,10:15,110,483,15,1,2026-09-21T12:00:44.000Z
U21425,EZS,Geneva,GVA,LSGG,Brindisi,BDS,LIBR,,,10:35,12:35,08:35,10:35,120,614,127,3,2026-09-21T12:00:44.000Z
U22184,EZY,Geneva,GVA,LSGG,Manchester,MAN,EGCC,,,10:35,11:30,08:35,10:30,115,536,367,3,2026-09-20T13:01:43.000Z
U27528,EJU,Geneva,GVA,LSGG,Faro,FAO,LPFR,,,10:45,12:25,08:45,11:25,160,838,1357,4,2026-09-23T12:59:24.000Z
U21293,EJU,Geneva,GVA,LSGG,Barcelona,BCN,LEBL,,,10:50,12:20,08:50,10:20,90,344,1234567,7,2026-09-24T08:57:41.000Z
U27650,EJU,Geneva,GVA,LSGG,Lisbon,LIS,LPPT,,,10:50,12:30,08:50,11:30,160,808,4,1,2026-09-24T08:57:41.000Z
U22534,EZY,Geneva,GVA,LSGG,London Luton,LTN,EGGW,,,10:50,11:35,08:50,10:35,105,423,1567,3,2026-09-21T12:00:52.000Z
U21349,EZS,Geneva,GVA,LSGG,"Figari, Corsica",FSC,LFKF,,,10:55,12:15,08:55,10:15,80,312,1356,3,2026-09-23T12:01:45.000Z
U21377,EZS,Geneva,GVA,LSGG,Nantes,NTE,LFRS,,,11:05,12:30,09:05,10:30,85,322,1234567,7,2026-09-22T11:59:56.000Z
U21325,EJU,Geneva,GVA,LSGG,Majorca Palma,PMI,LEPA,,,11:10,12:50,09:10,10:50,100,428,6,1,2026-09-19T11:58:51.000Z
U21399,EZS,Geneva,GVA,LSGG,Nice,NCE,LFMN,,,11:30,12:35,09:30,10:35,65,162,123457,6,2026-09-24T08:57:41.000Z
U21573,EZS,Geneva,GVA,LSGG,Malta,MLA,LMML,,,11:35,13:45,09:35,11:45,130,729,246,3,2026-09-24T08:57:41.000Z
U21537,EZS,Geneva,GVA,LSGG,Copenhagen,CPH,EKCH,,,11:35,13:40,09:35,11:40,125,615,1,1,2026-08-24T13:00:29.000Z
U21395,EZS,Geneva,GVA,LSGG,Nice,NCE,LFMN,,,11:35,12:40,09:35,10:40,65,162,13567,4,2026-09-23T12:59:27.000Z
U21383,EZS,Geneva,GVA,LSGG,"Bastia, Corsica",BIA,LFKB,,,11:40,12:55,09:40,10:55,75,264,1367,4,2026-09-23T12:01:40.000Z
U28490,EZS,Geneva,GVA,LSGG,London Gatwick,LGW,EGKK,,,11:40,12:15,09:40,11:15,95,386,7,1,2026-09-20T13:01:42.000Z
U21417,EZS,Geneva,GVA,LSGG,Sardinia Olbia,OLB,LIEO,,,11:45,13:15,09:45,11:15,90,353,1234567,7,2026-09-23T12:59:27.000Z
U21577,EZS,Geneva,GVA,LSGG,Hamburg,HAM,EDDH,,,11:45,13:30,09:45,11:30,105,468,47,2,2026-09-24T08:57:41.000Z
U21565,EZS,Geneva,GVA,LSGG,Budapest,BUD,LHBP,,,11:50,13:40,09:50,11:40,110,544,13457,5,2026-09-24T08:57:41.000Z
U21465,EZS,Geneva,GVA,LSGG,Lisbon,LIS,LPPT,,,12:05,13:45,10:05,12:45,160,808,2,1,2026-09-22T13:58:27.000Z
U21501,EZS,Geneva,GVA,LSGG,Krakow,KRK,EPKK,,,12:15,14:15,10:15,12:15,120,593,7,1,2026-09-20T13:58:47.000Z
U21523,EZS,Geneva,GVA,LSGG,Tangier,TNG,GMTT,,,12:15,12:55,10:15,12:55,160,832,15,2,2026-09-21T13:59:32.000Z
U21535,EZS,Geneva,GVA,LSGG,Sicily Catania,CTA,LICC,,,12:30,14:40,10:30,12:40,130,661,2,1,2026-08-25T13:59:31.000Z
U21407,EZS,Geneva,GVA,LSGG,Skopje,SKP,LWSK,,,12:30,14:40,10:30,12:40,130,715,15,2,2026-09-21T13:59:31.000Z
U21569,EZS,Geneva,GVA,LSGG,Tivat,TIV,LYTV,,,12:35,14:30,10:35,12:30,115,588,3467,4,2026-09-24T08:57:41.000Z
U21455,EZS,Geneva,GVA,LSGG,Porto,OPO,LPPR,,,12:35,14:00,10:35,13:00,145,707,234,3,2026-09-24T08:57:41.000Z
U21369,EZS,Geneva,GVA,LSGG,La Coruña,LCG,LECO,,,12:40,15:00,10:40,13:00,140,641,14,2,2026-09-24T08:57:41.000Z
U21497,EZS,Geneva,GVA,LSGG,Pristina,PRN,BKPR,,,12:45,14:55,10:45,12:55,130,676,1367,4,2026-08-30T15:02:00.000Z
U21453,EZS,Geneva,GVA,LSGG,Porto,OPO,LPPR,,,12:55,14:20,10:55,13:20,145,707,134567,6,2026-09-21T15:00:19.000Z
U21505,EZS,Geneva,GVA,LSGG,Dubrovnik,DBV,LDDU,,,13:00,14:50,11:00,12:50,110,566,36,2,2026-09-23T14:01:14.000Z
U21367,EZS,Geneva,GVA,LSGG,Bilbao,BIO,LEBB,,,13:05,14:45,11:05,12:45,100,423,15,2,2026-09-21T13:59:24.000Z
U21447,EZS,Geneva,GVA,LSGG,Krakow,KRK,EPKK,,,13:10,15:10,11:10,13:10,120,593,4,1,2026-09-24T08:57:41.000Z
U21307,EJU,Geneva,GVA,LSGG,Malaga,AGP,LEMG,,,13:25,15:55,11:25,13:55,150,745,37,2,2026-09-20T14:58:42.000Z
U21543,EZS,Geneva,GVA,LSGG,Prague,PRG,LKPR,,,13:30,15:00,11:30,13:00,90,400,3,1,2026-09-23T14:59:36.000Z
U21365,EZS,Geneva,GVA,LSGG,Lanzarote,ACE,GCRR,,,13:35,16:35,11:35,15:35,240,1391,36,2,2026-09-23T17:00:57.000Z
U21301,EJU,Geneva,GVA,LSGG,Seville,SVQ,LEZL,,,13:45,16:05,11:45,14:05,140,753,123457,6,2026-09-24T08:57:41.000Z
U21397,EZS,Geneva,GVA,LSGG,Nice,NCE,LFMN,,,13:55,15:00,11:55,13:00,65,162,234,3,2026-09-24T08:57:41.000Z
U21357,EZS,Geneva,GVA,LSGG,"Ajaccio, Corsica",AJA,LFKJ,,,14:05,15:20,12:05,13:20,75,284,1267,4,2026-09-22T15:02:22.000Z
U21517,EZS,Geneva,GVA,LSGG,Amsterdam,AMS,EHAM,,,14:25,16:05,12:25,14:05,100,368,127,2,2026-09-22T15:55:28.000Z
U21363,EZS,Geneva,GVA,LSGG,Menorca Mahon,MAH,LEMH,,,14:25,15:55,12:25,13:55,90,392,356,3,2026-09-23T14:59:35.000Z
U21371,EZS,Geneva,GVA,LSGG,Valencia,VLC,LEVC,,,14:25,16:15,12:25,14:15,110,498,123457,6,2026-09-24T08:57:41.000Z
U21351,EZS,Geneva,GVA,LSGG,"Figari, Corsica",FSC,LFKF,,,14:35,16:00,12:35,14:00,85,312,6,1,2026-08-29T15:59:36.000Z
U23292,EZY,Geneva,GVA,LSGG,Edinburgh,EDI,EGPH,,,14:35,15:50,12:35,14:50,135,683,124567,5,2026-09-22T15:02:22.000Z
U27112,EJU,Geneva,GVA,LSGG,Barcelona,BCN,LEBL,,,14:50,16:15,12:50,14:15,85,344,147,3,2026-09-24T08:57:41.000Z
U21563,EZS,Geneva,GVA,LSGG,Prague,PRG,LKPR,,,14:55,16:25,12:55,14:25,90,400,1457,4,2026-09-24T08:57:41.000Z
U23294,EZY,Geneva,GVA,LSGG,Edinburgh,EDI,EGPH,,,14:55,16:20,12:55,15:20,145,683,16,2,2026-09-19T18:01:31.000Z
U28494,EZS,Geneva,GVA,LSGG,London Gatwick,LGW,EGKK,,,14:55,15:35,12:55,14:35,100,386,1234567,7,2026-09-24T08:57:41.000Z
U21429,EZS,Geneva,GVA,LSGG,Naples,NAP,LIRN,,,14:55,16:40,12:55,14:40,105,479,1345,4,2026-09-21T15:59:01.000Z
U21469,EZS,Geneva,GVA,LSGG,Madeira Funchal,FNC,LPMA,,,15:00,17:45,13:00,16:45,225,1328,26,2,2026-09-22T18:02:41.000Z
U21343,EZS,Geneva,GVA,LSGG,Lille,LIL,LFQQ,,,15:15,16:35,13:15,14:35,80,286,15,2,2026-08-28T16:59:50.000Z
U21345,EZS,Geneva,GVA,LSGG,La Rochelle,LRH,LFBH,,,15:15,16:40,13:15,14:40,85,303,26,2,2026-09-22T16:00:05.000Z
U21555,EZS,Geneva,GVA,LSGG,Agadir,AGA,GMAD,,,15:20,16:45,13:20,16:45,205,1199,26,2,2026-09-22T19:01:12.000Z
U21359,EZS,Geneva,GVA,LSGG,"Ajaccio, Corsica",AJA,LFKJ,,,15:20,16:35,13:20,14:35,75,284,346,3,2026-09-24T08:57:41.000Z
U27027,EJU,Geneva,GVA,LSGG,Malaga,AGP,LEMG,,,15:35,18:05,13:35,16:05,150,745,5,1,2026-09-18T18:59:12.000Z
U27026,EJU,Geneva,GVA,LSGG,Malaga,AGP,LEMG,,,15:40,18:10,13:40,16:10,150,745,12346,4,2026-09-24T08:57:41.000Z
U25504,EJU,Geneva,GVA,LSGG,Alicante,ALC,LEAL,,,15:45,17:50,13:45,15:50,125,562,2357,4,2026-09-23T18:01:19.000Z
U21423,EZS,Geneva,GVA,LSGG,Sardinia Cagliari,CAG,LIEE,,,15:45,17:20,13:45,15:20,95,439,134567,6,2026-09-23T17:00:54.000Z
U21557,EZS,Geneva,GVA,LSGG,Marrakech,RAK,GMMX,,,15:50,17:05,13:50,17:05,195,1096,1234567,7,2026-09-24T08:57:41.000Z
U21477,EZS,Geneva,GVA,LSGG,Crete Heraklion,HER,LGIR,32N,A20N,15:50,19:50,13:50,16:50,180,1081,2456,3,2026-09-24T08:57:41.000Z
U21421,EZS,Geneva,GVA,LSGG,Nantes,NTE,LFRS,,,15:50,17:15,13:50,15:15,85,322,5,1,2026-08-28T18:00:05.000Z
U21375,EZS,Geneva,GVA,LSGG,Toulouse,TLS,LFBO,,,16:15,17:30,14:15,15:30,75,255,23457,4,2026-09-24T08:57:41.000Z
U26822,EJU,Geneva,GVA,LSGG,Porto,OPO,LPPR,,,16:15,17:40,14:15,16:40,145,707,24567,5,2026-09-24T08:57:41.000Z
U27453,EJU,Geneva,GVA,LSGG,Barcelona,BCN,LEBL,,,16:20,17:45,14:20,15:45,85,344,1,1,2026-09-21T17:00:10.000Z
U27284,EJU,Geneva,GVA,LSGG,Majorca Palma,PMI,LEPA,,,16:30,18:05,14:30,16:05,95,428,1234567,7,2026-09-24T08:57:41.000Z
U28492,EZY,Geneva,GVA,LSGG,London Gatwick,LGW,EGKK,,,16:45,17:25,14:45,16:25,100,386,1247,3,2026-09-24T08:57:41.000Z
U22538,EZY,Geneva,GVA,LSGG,London Luton,LTN,EGGW,,,16:50,17:35,14:50,16:35,105,423,1234567,6,2026-09-24T08:57:41.000Z
U26830,EJU,Geneva,GVA,LSGG,Porto,OPO,LPPR,,,16:50,18:15,14:50,17:15,145,707,156,3,2026-09-19T18:59:42.000Z
U24896,EJU,Geneva,GVA,LSGG,Paris Orly,ORY,LFPO,,,16:55,18:05,14:55,16:05,70,213,135,3,2026-09-21T18:00:34.000Z
U21589,EZS,Geneva,GVA,LSGG,Berlin Brandenburg,BER,EDDB,,,16:55,18:35,14:55,16:35,100,467,14,2,2026-09-24T08:57:41.000Z
U22186,EZY,Geneva,GVA,LSGG,Manchester,MAN,EGCC,32N,A20N,16:55,17:55,14:55,16:55,120,536,123456,6,2026-09-24T08:57:41.000Z
U22886,EZY,Geneva,GVA,LSGG,Bristol,BRS,EGGD,,,17:00,17:45,15:00,16:45,105,465,123457,5,2026-09-24T08:57:41.000Z
U21507,EZS,Geneva,GVA,LSGG,Faro,FAO,LPFR,,,17:00,18:35,15:00,17:35,155,838,3,1,2026-08-26T19:01:07.000Z
U21463,EZS,Geneva,GVA,LSGG,Lisbon,LIS,LPPT,,,17:00,18:40,15:00,17:40,160,808,1235,3,2026-09-21T19:00:10.000Z
U27108,EJU,Geneva,GVA,LSGG,Barcelona,BCN,LEBL,,,17:00,18:25,15:00,16:25,85,344,123457,4,2026-09-24T08:57:41.000Z
U21467,EZS,Geneva,GVA,LSGG,Faro,FAO,LPFR,,,17:05,18:40,15:05,17:40,155,838,46,2,2026-09-24T08:57:41.000Z
U21489,EZS,Geneva,GVA,LSGG,Pristina,PRN,BKPR,,,17:10,19:25,15:10,17:25,135,676,1,1,2026-09-21T19:59:41.000Z
U22188,EZY,Geneva,GVA,LSGG,Manchester,MAN,EGCC,,,17:10,18:05,15:10,17:05,115,536,123457,5,2026-09-24T08:57:41.000Z
U21495,EZS,Geneva,GVA,LSGG,Pristina,PRN,BKPR,,,17:15,19:30,15:15,17:30,135,676,1234567,3,2026-09-24T08:57:41.000Z
U27665,EJU,Geneva,GVA,LSGG,Lille,LIL,LFQQ,,,17:20,18:40,15:20,16:40,80,286,5,1,2026-09-18T18:01:02.000Z
U27575,EJU,Geneva,GVA,LSGG,Nice,NCE,LFMN,,,17:20,18:25,15:20,16:25,65,162,1367,2,2026-09-20T18:00:29.000Z
U27563,EJU,Geneva,GVA,LSGG,Nantes,NTE,LFRS,,,17:20,18:40,15:20,16:40,80,322,7,1,2026-08-30T19:01:44.000Z
U21457,EZS,Geneva,GVA,LSGG,Porto,OPO,LPPR,,,17:25,18:45,15:25,17:45,140,707,12346,5,2026-09-24T08:57:41.000Z
U27457,EJU,Geneva,GVA,LSGG,Venice Marco Polo,VCE,LIPZ,,,17:35,18:50,15:35,16:50,75,265,5,1,2026-09-18T18:59:12.000Z
U27286,EJU,Geneva,GVA,LSGG,Majorca Palma,PMI,LEPA,,,17:35,19:10,15:35,17:10,95,428,1235,4,2026-09-22T19:01:17.000Z
U21387,EZS,Geneva,GVA,LSGG,Bordeaux,BOD,LFBD,,,17:45,19:00,15:45,17:00,75,299,134567,6,2026-09-23T19:00:06.000Z
U21587,EZS,Geneva,GVA,LSGG,Edinburgh,EDI,EGPH,,,17:45,19:00,15:45,18:00,135,683,123457,5,2026-09-24T08:57:41.000Z
U21299,EJU,Geneva,GVA,LSGG,Alicante,ALC,LEAL,,,17:50,19:55,15:50,17:55,125,562,16,2,2026-08-29T19:00:28.000Z
U25184,EJU,Geneva,GVA,LSGG,Berlin Brandenburg,BER,EDDB,,,17:50,19:30,15:50,17:30,100,467,357,3,2026-09-23T19:00:05.000Z
U21311,EJU,Geneva,GVA,LSGG,Madrid,MAD,LEMD,,,17:55,20:05,15:55,18:05,130,545,1357,4,2026-09-23T20:01:48.000Z
U21427,EZS,Geneva,GVA,LSGG,Brindisi,BDS,LIBR,,,18:00,20:00,16:00,18:00,120,614,1234567,5,2026-09-24T08:57:41.000Z
U21309,EJU,Geneva,GVA,LSGG,Majorca Palma,PMI,LEPA,,,18:00,19:35,16:00,17:35,95,428,17,2,2026-09-21T19:59:42.000Z
U21409,EZS,Geneva,GVA,LSGG,Bristol,BRS,EGGD,,,18:05,18:50,16:05,17:50,105,465,3,1,2026-09-23T19:00:05.000Z
U21445,EZS,Geneva,GVA,LSGG,Bari,BRI,LIBD,,,18:10,19:55,16:10,17:55,105,554,15,2,2026-09-21T19:59:35.000Z
U21491,EZS,Geneva,GVA,LSGG,Belgrade,BEG,LYBE,,,18:10,20:10,16:10,18:10,120,603,1357,4,2026-09-23T21:02:41.000Z
U21433,EZS,Geneva,GVA,LSGG,Sicily Palermo,PMO,LICJ,,,18:15,20:05,16:15,18:05,110,575,234567,6,2026-09-24T08:57:41.000Z
U21539,EZS,Geneva,GVA,LSGG,Copenhagen,CPH,EKCH,,,18:20,20:25,16:20,18:25,125,615,123457,3,2026-09-24T08:57:41.000Z
U21355,EZS,Geneva,GVA,LSGG,Nice,NCE,LFMN,,,18:35,19:40,16:35,17:40,65,162,5,1,2026-08-28T19:02:18.000Z
U21303,EJU,Geneva,GVA,LSGG,Ibiza,IBZ,LEIB,,,18:40,20:30,16:40,18:30,110,489,1234567,5,2026-09-23T19:59:17.000Z
U21515,EZS,Geneva,GVA,LSGG,Naples,NAP,LIRN,,,18:40,20:25,16:40,18:25,105,479,7,1,2026-09-20T20:58:41.000Z
U21509,EZS,Geneva,GVA,LSGG,Split,SPU,LDSP,,,18:45,20:30,16:45,18:30,105,462,67,2,2026-08-30T21:00:19.000Z
U21413,EZS,Geneva,GVA,LSGG,Rome Fiumicino,FCO,LIRF,,,18:45,20:20,16:45,18:20,95,376,13457,5,2026-09-24T08:57:41.000Z
U21519,EZS,Geneva,GVA,LSGG,Amsterdam,AMS,EHAM,,,19:00,20:40,17:00,18:40,100,368,5,1,2026-08-28T21:00:05.000Z
U28496,EZS,Geneva,GVA,LSGG,London Gatwick,LGW,EGKK,,,19:00,19:40,17:00,18:40,100,386,123457,2,2026-09-24T08:57:41.000Z
U21419,EZS,Geneva,GVA,LSGG,Sardinia Olbia,OLB,LIEO,,,19:20,20:50,17:20,18:50,90,353,1234567,6,2026-09-24T08:57:41.000Z
U21379,EZS,Geneva,GVA,LSGG,Nantes,NTE,LFRS,,,19:20,20:45,17:20,18:45,85,322,123457,5,2026-09-24T08:57:41.000Z
U21347,EZS,Geneva,GVA,LSGG,Paris Orly,ORY,LFPO,,,19:35,20:40,17:35,18:40,65,213,4,1,2026-09-24T08:57:41.000Z
U21339,EZS,Geneva,GVA,LSGG,Lille,LIL,LFQQ,,,19:35,20:55,17:35,18:55,80,286,1,1,2026-09-21T21:01:03.000Z
U21341,EZS,Geneva,GVA,LSGG,Paris Orly,ORY,LFPO,,,19:40,20:45,17:40,18:45,65,213,237,3,2026-09-23T20:59:01.000Z
U21391,EZS,Geneva,GVA,LSGG,Bordeaux,BOD,LFBD,,,19:40,20:55,17:40,18:55,75,299,124567,4,2026-09-24T08:57:41.000Z
U21529,EZS,Geneva,GVA,LSGG,Brussels Intl,BRU,EBBR,,,19:45,21:05,17:45,19:05,80,287,1357,3,2026-09-23T21:02:41.000Z
U21401,EZS,Geneva,GVA,LSGG,Nice,NCE,LFMN,,,20:00,21:05,18:00,19:05,65,162,1234567,5,2026-09-24T08:57:41.000Z
U27644,EJU,Geneva,GVA,LSGG,Lisbon,LIS,LPPT,,,20:10,21:50,18:10,20:50,160,808,14567,5,2026-09-21T21:58:49.000Z
U24224,EJU,Geneva,GVA,LSGG,Naples,NAP,LIRN,,,20:20,22:05,18:20,20:05,105,479,236,3,2026-09-23T21:59:43.000Z
U27642,EJU,Geneva,GVA,LSGG,Lisbon,LIS,LPPT,,,20:30,22:10,18:30,21:10,160,808,3567,4,2026-09-23T22:59:15.000Z
U27526,EJU,Geneva,GVA,LSGG,Faro,FAO,LPFR,,,20:35,22:10,18:35,21:10,155,838,123456,5,2026-09-24T08:57:41.000Z
U27868,EJU,Geneva,GVA,LSGG,Amsterdam,AMS,EHAM,,,20:40,22:20,18:40,20:20,100,368,345,3,2026-09-24T08:57:41.000Z
U24226,EJU,Geneva,GVA,LSGG,Naples,NAP,LIRN,,,20:40,22:25,18:40,20:25,105,479,457,3,2026-09-24T08:57:41.000Z
U27110,EJU,Geneva,GVA,LSGG,Barcelona,BCN,LEBL,,,20:40,22:05,18:40,20:05,85,344,1234567,4,2026-09-23T21:59:38.000Z
U28498,EZY,Geneva,GVA,LSGG,London Gatwick,LGW,EGKK,,,20:55,21:35,18:55,20:35,100,386,1234567,2,2026-09-24T08:57:41.000Z
U26824,EJU,Geneva,GVA,LSGG,Porto,OPO,LPPR,,,20:55,22:15,18:55,21:15,140,707,23567,3,2026-09-23T22:59:15.000Z
U25182,EJU,Geneva,GVA,LSGG,Berlin Brandenburg,BER,EDDB,,,21:05,22:45,19:05,20:45,100,467,1234,4,2026-09-22T22:01:40.000Z
U26880,EJU,Geneva,GVA,LSGG,Porto,OPO,LPPR,,,21:05,22:30,19:05,21:30,145,707,1,1,2026-09-22T00:01:51.000Z
U21182,EZS,Hamburg,HAM,EDDH,Basel,BSL,LFSB,,,08:00,09:25,06:00,07:25,85,374,14567,5,2026-09-24T07:59:37.000Z
U26008,EJU,Hamburg,HAM,EDDH,Marrakech,RAK,GMMX,,,12:50,15:10,10:50,15:10,260,1534,25,2,2026-09-22T16:59:26.000Z
U28636,EZY,Hamburg,HAM,EDDH,London Gatwick,LGW,EGKK,,,13:05,13:55,11:05,12:55,110,401,1234567,6,2026-09-24T08:57:46.000Z
U21578,EZS,Hamburg,HAM,EDDH,Geneva,GVA,LSGG,,,14:00,15:40,12:00,13:40,100,468,47,2,2026-09-24T08:57:41.000Z
U22991,EJU,Hamburg,HAM,EDDH,Rome Fiumicino,FCO,LIRF,,,15:20,17:40,13:20,15:40,140,716,1234567,1,2026-09-24T08:57:46.000Z
U23986,EJU,Hamburg,HAM,EDDH,Milan Malpensa,MXP,LIMC,,,19:15,21:00,17:15,19:00,105,483,156,2,2026-09-18T11:00:20.000Z
U23886,EJU,Hamburg,HAM,EDDH,Milan Malpensa,MXP,LIMC,,,20:30,22:15,18:30,20:15,105,483,1,1,2026-09-21T21:58:49.000Z
U22196,EZY,Hamburg,HAM,EDDH,Manchester,MAN,EGCC,,,21:25,22:05,19:25,21:05,100,438,135,2,2026-09-24T02:14:59.000Z
U21184,EZS,Hamburg,HAM,EDDH,Basel,BSL,LFSB,,,21:40,23:05,19:40,21:05,85,374,123457,4,2026-09-23T20:58:58.000Z
U21186,EZS,Hamburg,HAM,EDDH,Basel,BSL,LFSB,,,21:40,23:05,19:40,21:05,85,374,2,1,2026-09-22T22:01:42.000Z
U23950,EJU,Hamburg,HAM,EDDH,Milan Malpensa,MXP,LIMC,,,22:00,23:45,20:00,21:45,105,483,1234567,4,2026-09-23T09:59:05.000Z
U28220,EZY,Crete Heraklion,HER,LGIR,London Gatwick,LGW,EGKK,,,00:45,02:45,21:45,01:45,240,1447,145,3,2026-09-24T02:59:03.000Z
U23704,EJU,Crete Heraklion,HER,LGIR,Milan Malpensa,MXP,LIMC,,,01:00,02:55,22:00,00:55,175,969,2,1,2026-08-25T02:00:56.000Z
U23686,EJU,Crete Heraklion,HER,LGIR,Milan Malpensa,MXP,LIMC,,,01:15,03:10,22:15,01:10,175,969,7,1,2026-08-30T02:59:37.000Z
U28260,EZY,Crete Heraklion,HER,LGIR,London Gatwick,LGW,EGKK,,,01:40,03:40,22:40,02:40,240,1447,3,1,2026-09-23T03:58:56.000Z
U26660,EZY,Crete Heraklion,HER,LGIR,Birmingham,BHX,EGBB,,,02:00,04:20,23:00,03:20,260,1537,7,1,2026-08-30T04:59:25.000Z
U24612,EJU,Crete Heraklion,HER,LGIR,Paris Charles de Gaulle,CDG,LFPG,,,11:35,14:25,08:35,12:25,230,1290,23457,4,2026-09-24T08:57:46.000Z
U28216,EZY,Crete Heraklion,HER,LGIR,London Gatwick,LGW,EGKK,,,13:55,16:15,10:55,15:15,260,1447,1234567,2,2026-09-24T08:57:46.000Z
U23482,EZY,Crete Heraklion,HER,LGIR,Liverpool,LPL,EGGP,,,14:40,17:10,11:40,16:10,270,1599,34,2,2026-09-24T08:57:46.000Z
U26616,EZY,Crete Heraklion,HER,LGIR,Birmingham,BHX,EGBB,,,14:50,17:10,11:50,16:10,260,1537,3,1,2026-09-23T18:01:20.000Z
U22058,EZY,Crete Heraklion,HER,LGIR,Manchester,MAN,EGCC,,,15:25,17:50,12:25,16:50,265,1582,2345,4,2026-09-24T08:57:46.000Z
U25008,EJU,Crete Heraklion,HER,LGIR,Berlin Brandenburg,BER,EDDB,,,15:40,17:55,12:40,15:55,195,1137,123456,6,2026-09-24T08:57:44.000Z
U24786,EJU,Crete Heraklion,HER,LGIR,Nantes,NTE,LFRS,,,19:25,22:25,16:25,20:25,240,1392,26,2,2026-09-22T21:58:57.000Z
U21884,EJU,Crete Heraklion,HER,LGIR,Bordeaux,BOD,LFBD,,,19:35,22:20,16:35,20:20,225,1311,36,2,2026-09-23T21:59:39.000Z
U21478,EZS,Crete Heraklion,HER,LGIR,Geneva,GVA,LSGG,,,20:35,22:45,17:35,20:45,190,1081,2456,3,2026-09-24T08:57:46.000Z
U24180,EJU,Crete Heraklion,HER,LGIR,Naples,NAP,LIRN,,,20:35,21:40,17:35,19:40,125,612,3,1,2026-08-26T20:59:15.000Z
U21150,EZS,Crete Heraklion,HER,LGIR,Basel,BSL,LFSB,,,20:50,23:00,17:50,21:00,190,1078,2457,3,2026-09-24T08:57:46.000Z
U24174,EJU,Crete Heraklion,HER,LGIR,Naples,NAP,LIRN,,,21:10,22:10,18:10,20:10,120,612,26,2,2026-08-29T22:00:41.000Z
U24350,EJU,Crete Heraklion,HER,LGIR,Lyon,LYS,LFLL,,,21:15,23:25,18:15,21:25,190,1104,47,2,2026-09-21T01:59:25.000Z
U22090,EZY,Crete Heraklion,HER,LGIR,Manchester,MAN,EGCC,,,21:45,00:05,18:45,23:05,260,1582,6,1,2026-09-20T00:58:55.000Z
U22814,EZY,Crete Heraklion,HER,LGIR,Bristol,BRS,EGGD,,,22:25,00:40,19:25,23:40,255,1537,36,2,2026-09-24T00:59:21.000Z
U22392,EZY,Crete Heraklion,HER,LGIR,London Luton,LTN,EGGW,,,22:40,00:50,19:40,23:50,250,1476,136,3,2026-09-24T00:59:25.000Z
U23224,EZY,Crete Heraklion,HER,LGIR,Edinburgh,EDI,EGPH,,,23:25,02:00,20:25,01:00,275,1699,236,3,2026-09-24T02:59:00.000Z
U21888,EJU,Crete Heraklion,HER,LGIR,Bordeaux,BOD,LFBD,,,23:30,02:15,20:30,00:15,225,1311,1,1,2026-08-25T15:59:20.000Z
U24357,EJU,Crete Heraklion,HER,LGIR,Lyon,LYS,LFLL,,,23:30,01:40,20:30,23:40,190,1104,34,2,2026-09-24T00:59:25.000Z
U23680,EJU,Crete Heraklion,HER,LGIR,Milan Malpensa,MXP,LIMC,,,23:35,01:30,20:35,23:30,175,969,234567,5,2026-09-22T11:59:56.000Z
U28218,EZY,Crete Heraklion,HER,LGIR,London Gatwick,LGW,EGKK,,,23:40,01:40,20:40,00:40,240,1447,124567,2,2026-09-23T02:00:47.000Z
U21580,EZS,Hurghada,HRG,HEGN,Geneva,GVA,LSGG,,,12:30,16:25,09:30,14:25,295,1741,246,3,2026-09-22T16:00:01.000Z
U21268,EZS,Hurghada,HRG,HEGN,Basel,BSL,LFSB,,,13:20,17:15,10:20,15:15,295,1737,237,3,2026-09-22T12:58:52.000Z
U27956,EJU,Hurghada,HRG,HEGN,Amsterdam,AMS,EHAM,,,13:45,18:35,10:45,16:35,350,1992,3467,3,2026-09-24T08:57:42.000Z
U25370,EJU,Hurghada,HRG,HEGN,Berlin Brandenburg,BER,EDDB,,,18:40,22:40,15:40,20:40,300,1765,26,2,2026-09-22T23:00:48.000Z
U24766,EJU,Hurghada,HRG,HEGN,Nantes,NTE,LFRS,,,18:45,23:25,15:45,21:25,340,2048,6,1,2026-09-19T23:00:18.000Z
U28744,EZY,Hurghada,HRG,HEGN,London Gatwick,LGW,EGKK,,,18:55,22:45,15:55,21:45,350,2106,3456,4,2026-09-24T08:57:46.000Z
U24658,EJU,Hurghada,HRG,HEGN,Paris Charles de Gaulle,CDG,LFPG,,,19:10,23:40,16:10,21:40,330,1950,2367,2,2026-09-23T22:59:16.000Z
U24246,EJU,Hurghada,HRG,HEGN,Naples,NAP,LIRN,,,19:40,22:35,16:40,20:35,235,1267,6,1,2026-09-19T21:59:55.000Z
U22252,EZY,Hurghada,HRG,HEGN,Manchester,MAN,EGCC,,,20:05,00:05,17:05,23:05,360,2239,4,1,2026-09-24T08:57:46.000Z
U26690,EZY,Hurghada,HRG,HEGN,Birmingham,BHX,EGBB,,,20:15,00:20,17:15,23:20,365,2195,37,2,2026-09-24T00:59:21.000Z
U24472,EJU,Hurghada,HRG,HEGN,Lyon,LYS,LFLL,,,20:15,00:15,17:15,22:15,300,1762,26,2,2026-09-20T00:00:39.000Z
U23078,EZY,Hurghada,HRG,HEGN,Belfast Intl,BFS,EGAA,,,20:20,00:45,17:20,23:45,385,2398,36,2,2026-09-24T01:59:53.000Z
U22618,EZY,Hurghada,HRG,HEGN,London Luton,LTN,EGGW,,,20:25,00:10,17:25,23:10,345,2134,27,2,2026-09-23T00:58:56.000Z
U23894,EJU,Hurghada,HRG,HEGN,Milan Malpensa,MXP,LIMC,,,20:40,00:20,17:40,22:20,280,1629,236,3,2026-09-23T23:59:06.000Z
U21864,EJU,Hurghada,HRG,HEGN,Bordeaux,BOD,LFBD,,,21:00,01:30,18:00,23:30,330,1961,6,1,2026-09-20T01:01:37.000Z
U28748,EZY,Hurghada,HRG,HEGN,London Gatwick,LGW,EGKK,,,21:00,00:45,18:00,23:45,345,2106,2,1,2026-09-23T00:58:56.000Z
U28746,EZY,Hurghada,HRG,HEGN,London Gatwick,LGW,EGKK,,,21:10,00:55,18:10,23:55,345,2106,2357,4,2026-09-24T01:59:59.000Z
U22614,EZY,Hurghada,HRG,HEGN,London Luton,LTN,EGGW,,,21:15,01:05,18:15,00:05,350,2134,346,3,2026-09-24T08:57:46.000Z
U21664,EJU,Hurghada,HRG,HEGN,Nice,NCE,LFMN,,,21:15,00:55,18:15,22:55,280,1622,6,1,2026-09-20T00:00:39.000Z
U28752,EZY,Hurghada,HRG,HEGN,London Gatwick,LGW,EGKK,,,22:00,01:45,19:00,00:45,345,2106,1,1,2026-09-22T01:59:59.000Z
U23498,EZY,Hurghada,HRG,HEGN,Liverpool,LPL,EGGP,,,22:15,02:15,19:15,01:15,360,2256,247,2,2026-09-23T03:00:25.000Z
U22914,EZY,Hurghada,HRG,HEGN,Bristol,BRS,EGGD,,,22:30,02:25,19:30,01:25,355,2196,246,2,2026-09-23T03:00:22.000Z
U23166,EZY,Hurghada,HRG,HEGN,Glasgow,GLA,EGPF,,,22:50,03:05,19:50,02:05,375,2380,15,2,2026-09-22T05:01:44.000Z
U22256,EZY,Hurghada,HRG,HEGN,Manchester,MAN,EGCC,,,23:45,03:45,20:45,02:45,360,2239,12367,2,2026-09-24T05:00:23.000Z
U22308,EZY,Ibiza,IBZ,LEIB,London Luton,LTN,EGGW,,,00:10,01:35,22:10,00:35,145,784,1245,2,2026-09-22T01:59:59.000Z
U23788,EJU,Ibiza,IBZ,LEIB,Milan Malpensa,MXP,LIMC,,,00:20,02:10,22:20,00:10,110,521,4,1,2026-08-27T02:00:56.000Z
U22352,EZY,Ibiza,IBZ,LEIB,London Luton,LTN,EGGW,,,00:30,01:55,22:30,00:55,145,784,7,1,2026-08-30T03:59:22.000Z
U28106,EZY,Ibiza,IBZ,LEIB,London Gatwick,LGW,EGKK,,,00:35,02:00,22:35,01:00,145,740,16,2,2026-09-19T02:58:51.000Z
U21306,EJU,Ibiza,IBZ,LEIB,Geneva,GVA,LSGG,,,08:30,10:20,06:30,08:20,110,489,134567,4,2026-09-24T08:57:41.000Z
U23736,EJU,Ibiza,IBZ,LEIB,Milan Malpensa,MXP,LIMC,,,08:50,10:40,06:50,08:40,110,521,1234567,6,2026-09-24T08:57:49.000Z
U28100,EZY,Ibiza,IBZ,LEIB,London Gatwick,LGW,EGKK,,,09:35,11:05,07:35,10:05,150,740,1234567,4,2026-09-24T08:57:46.000Z
U24204,EJU,Ibiza,IBZ,LEIB,Naples,NAP,LIRN,,,09:45,11:45,07:45,09:45,120,607,123457,6,2026-09-24T08:57:46.000Z
U22028,EZY,Ibiza,IBZ,LEIB,Manchester,MAN,EGCC,,,10:10,11:50,08:10,10:50,160,882,23467,5,2026-09-24T08:57:46.000Z
U25410,EJU,Ibiza,IBZ,LEIB,Milan Linate,LIN,LIML,,,10:15,12:00,08:15,10:00,105,528,24567,5,2026-08-30T12:00:01.000Z
U22742,EZY,Ibiza,IBZ,LEIB,Bristol,BRS,EGGD,,,11:10,12:40,09:10,11:40,150,770,27,2,2026-09-22T13:02:05.000Z
U21854,EJU,Ibiza,IBZ,LEIB,Bordeaux,BOD,LFBD,,,13:00,14:25,11:00,12:25,85,370,267,3,2026-08-30T13:59:44.000Z
U27222,EJU,Ibiza,IBZ,LEIB,Milan Malpensa,MXP,LIMC,,,13:20,15:10,11:20,13:10,110,521,6,1,2026-09-19T14:59:40.000Z
U24770,EJU,Ibiza,IBZ,LEIB,Nantes,NTE,LFRS,,,13:45,15:30,11:45,13:30,105,514,37,2,2026-09-23T14:59:37.000Z
U22728,EZY,Ibiza,IBZ,LEIB,Bristol,BRS,EGGD,,,14:30,16:00,12:30,15:00,150,770,36,2,2026-09-23T17:00:53.000Z
U26844,EJU,Ibiza,IBZ,LEIB,Porto,OPO,LPPR,,,16:00,16:45,14:00,15:45,105,483,123456,5,2026-09-23T17:00:55.000Z
U22306,EZY,Ibiza,IBZ,LEIB,London Luton,LTN,EGGW,,,16:10,17:40,14:10,16:40,150,784,237,3,2026-09-23T17:59:04.000Z
U23740,EJU,Ibiza,IBZ,LEIB,Milan Malpensa,MXP,LIMC,,,16:25,18:15,14:25,16:15,110,521,2357,3,2026-09-23T17:59:04.000Z
U28156,EZY,Ibiza,IBZ,LEIB,London Gatwick,LGW,EGKK,,,17:15,18:45,15:15,17:45,150,740,34,2,2026-09-24T08:57:46.000Z
U23738,EJU,Ibiza,IBZ,LEIB,Milan Malpensa,MXP,LIMC,,,18:40,20:30,16:40,18:30,110,521,1256,4,2026-08-29T19:59:55.000Z
U21018,EJU,Ibiza,IBZ,LEIB,Basel,BSL,LFSB,,,19:15,21:20,17:15,19:20,125,589,1234567,7,2026-09-24T08:57:46.000Z
U27892,EJU,Ibiza,IBZ,LEIB,Amsterdam,AMS,EHAM,,,19:40,22:15,17:40,20:15,155,819,123467,6,2026-09-24T08:57:46.000Z
U24206,EJU,Ibiza,IBZ,LEIB,Naples,NAP,LIRN,,,20:40,22:40,18:40,20:40,120,607,1234567,6,2026-09-24T08:57:46.000Z
U24288,EJU,Ibiza,IBZ,LEIB,Naples,NAP,LIRN,,,20:50,22:45,18:50,20:45,115,607,1356,4,2026-09-19T21:59:55.000Z
U21304,EJU,Ibiza,IBZ,LEIB,Geneva,GVA,LSGG,,,21:05,23:00,19:05,21:00,115,489,1234567,5,2026-09-23T23:01:22.000Z
U21704,EJU,Ibiza,IBZ,LEIB,Nice,NCE,LFMN,,,21:35,23:05,19:35,21:05,90,390,15,2,2026-09-18T22:59:21.000Z
U25718,EZY,Ibiza,IBZ,LEIB,London Southend,SEN,EGMC,,,21:55,23:20,19:55,22:20,145,763,36,2,2026-09-24T02:59:02.000Z
U23004,EZY,Ibiza,IBZ,LEIB,Belfast Intl,BFS,EGAA,,,22:05,00:05,20:05,23:05,180,996,36,2,2026-09-24T01:01:38.000Z
U28104,EZY,Ibiza,IBZ,LEIB,London Gatwick,LGW,EGKK,,,22:30,23:55,20:30,22:55,145,740,1367,4,2026-09-23T23:59:05.000Z
U27896,EJU,Ibiza,IBZ,LEIB,Amsterdam,AMS,EHAM,,,22:55,01:30,20:55,23:30,155,819,1,1,2026-08-25T02:00:51.000Z
U23742,EJU,Ibiza,IBZ,LEIB,Milan Malpensa,MXP,LIMC,,,22:55,00:45,20:55,22:45,110,521,1234567,6,2026-09-24T00:59:25.000Z
U23728,EJU,Ibiza,IBZ,LEIB,Milan Malpensa,MXP,LIMC,,,23:25,01:15,21:25,23:15,110,521,67,2,2026-09-20T01:58:57.000Z
U24380,EJU,Ibiza,IBZ,LEIB,Lyon,LYS,LFLL,,,23:35,01:10,21:35,23:10,95,443,356,3,2026-08-30T00:58:58.000Z
U28102,EZY,Ibiza,IBZ,LEIB,London Gatwick,LGW,EGKK,,,23:40,01:05,21:40,00:05,145,740,125,3,2026-09-23T02:00:47.000Z
U28136,EZY,Ibiza,IBZ,LEIB,London Gatwick,LGW,EGKK,,,23:40,01:10,21:40,00:10,150,740,467,2,2026-09-19T19:59:07.000Z
U28142,EZY,Ibiza,IBZ,LEIB,London Gatwick,LGW,EGKK,,,23:40,01:05,21:40,00:05,145,740,3,1,2026-08-27T02:00:56.000Z
U22364,EZY,Ibiza,IBZ,LEIB,London Luton,LTN,EGGW,,,23:55,01:20,21:55,00:20,145,784,67,2,2026-09-21T01:59:24.000Z
U28696,EZY,Innsbruck,INN,LOWI,London Gatwick,LGW,EGKK,,,11:55,12:55,09:55,11:55,120,508,23467,5,2026-09-24T08:57:47.000Z
U2846,EZY,Inverness,INV,EGPE,London Gatwick,LGW,EGKK,,,07:00,08:50,06:00,07:50,110,407,1234567,2,2026-09-24T08:57:48.000Z
U2622,EZY,Inverness,INV,EGPE,London Luton,LTN,EGGW,,,11:45,13:05,10:45,12:05,80,363,1234567,6,2026-09-24T08:57:47.000Z
U2930,EZY,Inverness,INV,EGPE,Birmingham,BHX,EGBB,,,12:55,14:20,11:55,13:20,85,316,15,2,2026-09-21T16:01:53.000Z
U2848,EZY,Inverness,INV,EGPE,London Gatwick,LGW,EGKK,,,14:55,16:40,13:55,15:40,105,407,1234567,3,2026-09-24T08:57:47.000Z
U2246,EZY,Inverness,INV,EGPE,Bristol,BRS,EGGD,,,16:05,17:30,15:05,16:30,85,373,1234567,7,2026-09-23T18:01:21.000Z
U2850,EZY,Inverness,INV,EGPE,London Gatwick,LGW,EGKK,,,19:30,21:10,18:30,20:10,100,407,123457,5,2026-09-24T08:57:47.000Z
U2624,EZY,Inverness,INV,EGPE,London Luton,LTN,EGGW,,,20:35,21:55,19:35,20:55,80,363,123457,5,2026-09-23T21:59:43.000Z
U2716,EZY,Isle of Man,IOM,EGNS,Manchester,MAN,EGCC,,,09:40,10:25,08:40,09:25,45,94,14567,5,2026-09-24T08:57:47.000Z
U2840,EZY,Isle of Man,IOM,EGNS,London Gatwick,LGW,EGKK,,,10:05,11:25,09:05,10:25,80,239,123456,3,2026-09-24T08:57:47.000Z
U2520,EZY,Isle of Man,IOM,EGNS,Liverpool,LPL,EGGP,,,12:10,12:50,11:10,11:50,40,77,6,1,2026-09-19T13:00:00.000Z
U2234,EZY,Isle of Man,IOM,EGNS,Bristol,BRS,EGGD,,,13:35,14:35,12:35,13:35,60,176,15,2,2026-09-21T15:00:17.000Z
U2516,EZY,Isle of Man,IOM,EGNS,Liverpool,LPL,EGGP,,,15:55,16:35,14:55,15:35,40,77,1457,4,2026-09-24T08:57:47.000Z
U2844,EZY,Isle of Man,IOM,EGNS,London Gatwick,LGW,EGKK,,,18:30,19:45,17:30,18:45,75,239,12357,4,2026-09-23T17:59:03.000Z
U2842,EZY,Isle of Man,IOM,EGNS,London Gatwick,LGW,EGKK,,,18:35,19:50,17:35,18:50,75,239,467,3,2026-09-24T08:57:47.000Z
U2882,EZY,Jersey,JER,EGJJ,London Gatwick,LGW,EGKK,,,07:05,08:10,06:05,07:10,65,140,1234567,1,2026-09-24T08:57:48.000Z
U2928,EZY,Jersey,JER,EGJJ,Birmingham,BHX,EGBB,,,08:20,09:30,07:20,08:30,70,196,26,2,2026-09-22T10:01:15.000Z
U2874,EZY,Jersey,JER,EGJJ,London Gatwick,LGW,EGKK,,,08:50,09:55,07:50,08:55,65,140,1234567,4,2026-09-24T08:57:46.000Z
U286,EZY,Jersey,JER,EGJJ,Belfast Intl,BFS,EGAA,,,12:25,13:50,11:25,12:50,85,359,246,3,2026-09-22T13:50:49.000Z
U2638,EZY,Jersey,JER,EGJJ,London Luton,LTN,EGGW,,,12:45,13:50,11:45,12:50,65,175,4567,3,2026-09-24T08:57:46.000Z
U2876,EZY,Jersey,JER,EGJJ,London Gatwick,LGW,EGKK,,,13:40,14:45,12:40,13:45,65,140,1234567,7,2026-09-24T08:57:46.000Z
U2982,EZY,Jersey,JER,EGJJ,London Southend,SEN,EGMC,,,13:50,14:50,12:50,13:50,60,180,14,2,2026-09-24T08:57:46.000Z
U2536,EZY,Jersey,JER,EGJJ,Liverpool,LPL,EGGP,,,14:20,15:30,13:20,14:30,70,249,2,1,2026-09-22T16:00:03.000Z
U2890,EZY,Jersey,JER,EGJJ,London Gatwick,LGW,EGKK,,,15:00,16:05,14:00,15:05,65,140,3,1,2026-09-23T17:00:57.000Z
U2880,EZY,Jersey,JER,EGJJ,London Gatwick,LGW,EGKK,,,15:25,16:30,14:25,15:30,65,140,2,1,2026-09-22T16:59:25.000Z
U2730,EZY,Jersey,JER,EGJJ,Manchester,MAN,EGCC,,,16:10,17:25,15:10,16:25,75,249,1234567,6,2026-09-24T08:57:46.000Z
U2878,EZY,Jersey,JER,EGJJ,London Gatwick,LGW,EGKK,,,16:15,17:15,15:15,16:15,60,140,14567,5,2026-09-24T08:57:46.000Z
U2440,EZY,Jersey,JER,EGJJ,Glasgow,GLA,EGPF,,,17:35,19:10,16:35,18:10,95,408,12457,4,2026-09-24T08:57:46.000Z
U2640,EZY,Jersey,JER,EGJJ,London Luton,LTN,EGGW,,,18:25,19:30,17:25,18:30,65,175,12357,4,2026-09-23T19:00:10.000Z
U2528,EZY,Jersey,JER,EGJJ,Liverpool,LPL,EGGP,,,19:05,20:10,18:05,19:10,65,249,134567,6,2026-09-24T08:57:46.000Z
U2306,EZY,Jersey,JER,EGJJ,Edinburgh,EDI,EGPH,,,20:15,21:45,19:15,20:45,90,407,15,2,2026-09-21T22:01:18.000Z
U24158,EJU,Mykonos,JMK,LGMK,Naples,NAP,LIRN,,,09:30,10:35,06:30,08:35,125,554,1234567,3,2026-09-12T10:00:49.000Z
U23664,EJU,Mykonos,JMK,LGMK,Milan Malpensa,MXP,LIMC,,,10:30,12:15,07:30,10:15,165,892,1234567,3,2026-09-24T08:57:48.000Z
U21480,EZS,Mykonos,JMK,LGMK,Geneva,GVA,LSGG,,,10:40,12:40,07:40,10:40,180,1006,12456,5,2026-09-22T11:59:49.000Z
U24182,EJU,Mykonos,JMK,LGMK,Naples,NAP,LIRN,,,11:20,12:20,08:20,10:20,120,554,7,1,2026-08-30T13:59:49.000Z
U21488,EZS,Mykonos,JMK,LGMK,Geneva,GVA,LSGG,,,11:40,13:45,08:40,11:45,185,1006,6,1,2026-08-29T14:00:14.000Z
U23668,EJU,Mykonos,JMK,LGMK,Milan Malpensa,MXP,LIMC,,,14:10,15:55,11:10,13:55,165,892,13467,5,2026-08-30T15:58:47.000Z
U28190,EZY,Mykonos,JMK,LGMK,London Gatwick,LGW,EGKK,,,14:35,16:40,11:35,15:40,245,1360,234567,5,2026-09-24T08:57:48.000Z
U23666,EJU,Mykonos,JMK,LGMK,Milan Malpensa,MXP,LIMC,,,16:10,17:55,13:10,15:55,165,892,1234567,4,2026-08-30T17:00:42.000Z
U28192,EZY,Mykonos,JMK,LGMK,London Gatwick,LGW,EGKK,,,20:55,22:55,17:55,21:55,240,1360,1236,4,2026-09-23T22:59:15.000Z
U24170,EJU,Mykonos,JMK,LGMK,Naples,NAP,LIRN,,,21:55,22:50,18:55,20:50,115,554,1367,4,2026-08-30T23:01:11.000Z
U22054,EZY,Mykonos,JMK,LGMK,Manchester,MAN,EGCC,,,22:00,00:10,19:00,23:10,250,1490,36,2,2026-09-24T00:59:24.000Z
U21734,EJU,Mykonos,JMK,LGMK,Nice,NCE,LFMN,,,22:45,00:25,19:45,22:25,160,905,136,3,2026-08-30T00:00:56.000Z
U23698,EJU,Mykonos,JMK,LGMK,Milan Malpensa,MXP,LIMC,,,23:10,00:55,20:10,22:55,165,892,257,3,2026-08-31T01:00:25.000Z
U23662,EJU,Skiathos,JSI,LGSK,Milan Malpensa,MXP,LIMC,,,10:00,11:30,07:00,09:30,150,759,12357,5,2026-08-30T10:59:12.000Z
U24162,EJU,Skiathos,JSI,LGSK,Naples,NAP,LIRN,,,10:15,10:55,07:15,08:55,100,436,1356,3,2026-08-29T15:59:39.000Z
U21156,EZS,Skiathos,JSI,LGSK,Basel,BSL,LFSB,,,10:45,12:30,07:45,10:30,165,859,25,1,2026-08-28T09:58:58.000Z
U22830,EZY,Skiathos,JSI,LGSK,Bristol,BRS,EGGD,,,12:35,14:25,09:35,13:25,230,1317,37,2,2026-09-23T20:01:50.000Z
U22084,EZY,Skiathos,JSI,LGSK,Manchester,MAN,EGCC,,,14:20,16:15,11:20,15:15,235,1354,27,2,2026-09-23T00:58:56.000Z
U28202,EZY,Skiathos,JSI,LGSK,London Gatwick,LGW,EGKK,,,20:15,21:55,17:15,20:55,220,1225,23467,5,2026-09-24T08:57:50.000Z
U23706,EJU,Skiathos,JSI,LGSK,Milan Malpensa,MXP,LIMC,,,22:35,00:05,19:35,22:05,150,759,4,1,2026-08-28T00:00:48.000Z
U23676,EJU,Santorini,JTR,LGSR,Milan Malpensa,MXP,LIMC,,,01:20,03:10,22:20,01:10,170,937,157,3,2026-08-31T03:02:14.000Z
U21474,EZS,Santorini,JTR,LGSR,Geneva,GVA,LSGG,,,11:15,13:25,08:15,11:25,190,1050,26,2,2026-09-22T13:02:05.000Z
U23672,EJU,Santorini,JTR,LGSR,Milan Malpensa,MXP,LIMC,,,11:25,13:15,08:25,11:15,170,937,12456,3,2026-09-22T12:58:54.000Z
U21784,EJU,Santorini,JTR,LGSR,Nice,NCE,LFMN,,,11:25,13:25,08:25,11:25,180,943,37,2,2026-08-30T13:00:24.000Z
U28240,EZY,Santorini,JTR,LGSR,London Gatwick,LGW,EGKK,,,13:35,15:45,10:35,14:45,250,1409,1234567,7,2026-09-24T08:57:48.000Z
U22818,EZY,Santorini,JTR,LGSR,Bristol,BRS,EGGD,,,13:55,16:15,10:55,15:15,260,1500,1,1,2026-09-21T17:00:12.000Z
U22074,EZY,Santorini,JTR,LGSR,Manchester,MAN,EGCC,,,14:20,16:40,11:20,15:40,260,1541,26,2,2026-09-22T16:59:26.000Z
U23674,EJU,Santorini,JTR,LGSR,Milan Malpensa,MXP,LIMC,,,19:25,21:15,16:25,19:15,170,937,1237,4,2026-08-30T21:00:18.000Z
U28242,EZY,Santorini,JTR,LGSR,London Gatwick,LGW,EGKK,,,19:40,21:45,16:40,20:45,245,1409,246,3,2026-09-24T08:57:50.000Z
U24160,EJU,Santorini,JTR,LGSR,Naples,NAP,LIRN,,,21:10,22:10,18:10,20:10,120,589,1234567,7,2026-08-30T22:00:29.000Z
U23678,EJU,Santorini,JTR,LGSR,Milan Malpensa,MXP,LIMC,,,22:40,00:30,19:40,22:30,170,937,6,1,2026-08-30T00:00:55.000Z
U28254,EZY,Santorini,JTR,LGSR,London Gatwick,LGW,EGKK,,,23:20,01:20,20:20,00:20,240,1409,3,1,2026-09-24T01:59:59.000Z
U23316,EZY,Reykjavik Keflavik,KEF,BIKF,Edinburgh,EDI,EGPH,,,08:20,11:40,08:20,10:40,140,748,36,2,2026-09-23T12:59:23.000Z
U24630,EJU,Reykjavik Keflavik,KEF,BIKF,Paris Charles de Gaulle,CDG,LFPG,,,08:40,14:10,08:40,12:10,210,1210,26,2,2026-09-22T13:58:29.000Z
U22260,EZY,Reykjavik Keflavik,KEF,BIKF,Manchester,MAN,EGCC,,,08:55,12:35,08:55,11:35,160,893,247,2,2026-09-24T08:57:47.000Z
U22636,EZY,Reykjavik Keflavik,KEF,BIKF,London Luton,LTN,EGGW,,,09:00,12:55,09:00,11:55,175,1005,37,2,2026-09-23T12:59:26.000Z
U21290,EZS,Reykjavik Keflavik,KEF,BIKF,Basel,BSL,LFSB,,,09:25,15:10,09:25,13:10,225,1390,27,2,2026-09-22T11:00:13.000Z
U23970,EJU,Reykjavik Keflavik,KEF,BIKF,Milan Malpensa,MXP,LIMC,,,10:45,17:00,10:45,15:00,255,1517,347,2,2026-09-24T08:57:47.000Z
U24628,EJU,Reykjavik Keflavik,KEF,BIKF,Paris Charles de Gaulle,CDG,LFPG,,,11:15,16:45,11:15,14:45,210,1210,4,1,2026-09-03T15:59:18.000Z
U23980,EJU,Reykjavik Keflavik,KEF,BIKF,Milan Malpensa,MXP,LIMC,,,18:00,00:15,18:00,22:15,255,1517,25,2,2026-09-23T00:00:11.000Z
U23972,EJU,Reykjavik Keflavik,KEF,BIKF,Milan Malpensa,MXP,LIMC,,,18:40,00:55,18:40,22:55,255,1517,16,2,2026-09-22T00:01:53.000Z
U23976,EJU,Reykjavik Keflavik,KEF,BIKF,Milan Malpensa,MXP,LIMC,,,18:45,01:00,18:45,23:00,255,1517,35,2,2026-09-24T01:59:59.000Z
U24352,EJU,Reykjavik Keflavik,KEF,BIKF,Lyon,LYS,LFLL,,,19:40,01:30,19:40,23:30,230,1432,26,2,2026-08-30T02:59:37.000Z
U21152,EZS,Kos,KGS,LGKO,Basel,BSL,LFSB,,,11:40,13:55,08:40,11:55,195,1081,37,2,2026-09-23T10:58:54.000Z
U22806,EZY,Kos,KGS,LGKO,Bristol,BRS,EGGD,,,13:10,15:30,10:10,14:30,260,1539,157,3,2026-09-21T16:01:53.000Z
U22066,EZY,Kos,KGS,LGKO,Manchester,MAN,EGCC,,,14:05,16:35,11:05,15:35,270,1574,23467,5,2026-09-24T08:57:47.000Z
U28236,EZY,Kos,KGS,LGKO,London Gatwick,LGW,EGKK,,,14:55,17:10,11:55,16:10,255,1446,134,3,2026-09-23T17:59:03.000Z
U24164,EJU,Kos,KGS,LGKO,Naples,NAP,LIRN,,,16:20,17:40,13:20,15:40,140,646,15,2,2026-08-28T16:59:53.000Z
U23688,EJU,Kos,KGS,LGKO,Milan Malpensa,MXP,LIMC,,,17:00,19:00,14:00,17:00,180,981,123467,5,2026-08-30T19:01:44.000Z
U28238,EZY,Kos,KGS,LGKO,London Gatwick,LGW,EGKK,,,19:15,21:30,16:15,20:30,255,1446,27,2,2026-09-20T22:00:44.000Z
U26626,EZY,Kos,KGS,LGKO,Birmingham,BHX,EGBB,,,20:10,22:30,17:10,21:30,260,1533,5,1,2026-09-19T00:00:23.000Z
U22088,EZY,Kos,KGS,LGKO,Manchester,MAN,EGCC,,,21:35,00:05,18:35,23:05,270,1574,15,2,2026-09-19T00:59:29.000Z
U23486,EZY,Kos,KGS,LGKO,Liverpool,LPL,EGGP,,,21:50,00:25,18:50,23:25,275,1592,27,2,2026-09-23T00:58:56.000Z
U23152,EZY,Kos,KGS,LGKO,Glasgow,GLA,EGPF,,,22:50,01:30,19:50,00:30,280,1711,26,2,2026-09-23T03:00:24.000Z
U28194,EZY,Kalamata,KLX,LGKL,London Gatwick,LGW,EGKK,,,12:10,14:05,09:10,13:05,235,1268,246,2,2026-09-24T08:57:47.000Z
U22096,EZY,Kalamata,KLX,LGKL,Manchester,MAN,EGCC,32N,A20N,12:15,14:25,09:15,13:25,250,1406,26,2,2026-09-22T16:00:08.000Z
U24668,EJU,Krakow,KRK,EPKK,Paris Charles de Gaulle,CDG,LFPG,,,09:50,12:10,07:50,10:10,140,673,1234567,4,2026-09-24T08:57:47.000Z
U28822,EZY,Krakow,KRK,EPKK,London Gatwick,LGW,EGKK,,,10:00,11:40,08:00,10:40,160,761,1234567,7,2026-09-24T08:57:47.000Z
U23054,EZY,Krakow,KRK,EPKK,Belfast Intl,BFS,EGAA,,,11:00,12:55,09:00,11:55,175,986,25,2,2026-09-22T13:02:06.000Z
U23490,EZY,Krakow,KRK,EPKK,Liverpool,LPL,EGGP,,,11:30,13:15,09:30,12:15,165,861,15,2,2026-09-21T15:00:21.000Z
U23314,EZY,Krakow,KRK,EPKK,Edinburgh,EDI,EGPH,,,14:30,16:20,12:30,15:20,170,902,1357,4,2026-09-23T17:59:01.000Z
U21502,EZS,Krakow,KRK,EPKK,Geneva,GVA,LSGG,,,14:45,16:50,12:45,14:50,125,593,7,1,2026-09-20T15:59:32.000Z
U21448,EZS,Krakow,KRK,EPKK,Geneva,GVA,LSGG,,,15:40,17:45,13:40,15:45,125,593,4,1,2026-09-24T08:57:41.000Z
U24672,EJU,Krakow,KRK,EPKK,Paris Charles de Gaulle,CDG,LFPG,,,16:05,18:25,14:05,16:25,140,673,7,1,2026-08-30T17:59:32.000Z
U24501,EJU,Krakow,KRK,EPKK,Paris Charles de Gaulle,CDG,LFPG,,,16:25,18:45,14:25,16:45,140,673,2,1,2026-08-25T17:59:25.000Z
U21262,EZS,Krakow,KRK,EPKK,Basel,BSL,LFSB,,,20:10,22:00,18:10,20:00,110,506,1234567,7,2026-09-24T08:57:47.000Z
U22938,EZY,Krakow,KRK,EPKK,Bristol,BRS,EGGD,,,21:00,22:40,19:00,21:40,160,855,123457,6,2026-09-24T08:57:47.000Z
U24670,EJU,Krakow,KRK,EPKK,Paris Charles de Gaulle,CDG,LFPG,,,21:25,23:45,19:25,21:45,140,673,1457,4,2026-09-21T22:59:34.000Z
U22264,EZY,Krakow,KRK,EPKK,Manchester,MAN,EGCC,,,21:40,23:20,19:40,22:20,160,840,15,2,2026-09-22T00:58:59.000Z
U28824,EZY,Krakow,KRK,EPKK,London Gatwick,LGW,EGKK,,,22:15,00:05,20:15,23:05,170,761,157,3,2026-09-22T00:58:59.000Z
U27330,EJU,Leeds Bradford,LBA,EGNM,Majorca Palma,PMI,LEPA,,,13:50,17:25,12:50,15:25,155,878,1357,4,2026-09-23T17:59:05.000Z
U250,EZY,Leeds Bradford,LBA,EGNM,Belfast Intl,BFS,EGAA,,,16:25,17:25,15:25,16:25,60,167,7,1,2026-09-20T20:00:34.000Z
U27016,EJU,Leeds Bradford,LBA,EGNM,Malaga,AGP,LEMG,,,16:30,20:35,15:30,18:35,185,1039,37,2,2026-09-23T19:59:18.000Z
U24638,EJU,Leeds Bradford,LBA,EGNM,Paris Charles de Gaulle,CDG,LFPG,,,17:00,19:30,16:00,17:30,90,331,15,2,2026-09-21T19:00:12.000Z
U248,EZY,Leeds Bradford,LBA,EGNM,Belfast Intl,BFS,EGAA,,,19:20,20:20,18:20,19:20,60,167,145,3,2026-09-24T08:57:48.000Z
U27118,EJU,Leeds Bradford,LBA,EGNM,Barcelona,BCN,LEBL,,,20:25,23:35,19:25,21:35,130,769,36,2,2026-09-24T00:01:27.000Z
U21500,EZS,Cyprus Larnaca,LCA,LCLK,Geneva,GVA,LSGG,,,12:45,16:00,09:45,14:00,255,1418,7,1,2026-08-30T16:01:16.000Z
U27984,EJU,Cyprus Larnaca,LCA,LCLK,Amsterdam,AMS,EHAM,,,12:50,16:35,09:50,14:35,285,1615,6,1,2026-09-19T16:01:38.000Z
U28658,EZY,Cyprus Larnaca,LCA,LCLK,London Gatwick,LGW,EGKK,,,18:45,21:45,15:45,20:45,300,1753,3,1,2026-09-23T21:59:43.000Z
U26610,EZY,Cyprus Larnaca,LCA,LCLK,Birmingham,BHX,EGBB,,,19:35,22:45,16:35,21:45,310,1835,37,2,2026-09-24T00:01:28.000Z
U25368,EJU,Cyprus Larnaca,LCA,LCLK,Berlin Brandenburg,BER,EDDB,,,19:50,22:55,16:50,20:55,245,1357,246,2,2026-09-24T08:57:47.000Z
U21274,EZS,Cyprus Larnaca,LCA,LCLK,Basel,BSL,LFSB,,,19:50,22:50,16:50,20:50,240,1394,6,1,2026-09-19T19:59:06.000Z
U22594,EZY,Cyprus Larnaca,LCA,LCLK,London Luton,LTN,EGGW,,,20:20,23:30,17:20,22:30,310,1775,2346,3,2026-09-24T08:57:47.000Z
U22292,EZY,Cyprus Larnaca,LCA,LCLK,Manchester,MAN,EGCC,,,20:55,00:15,17:55,23:15,320,1873,37,2,2026-09-24T00:59:24.000Z
U22904,EZY,Cyprus Larnaca,LCA,LCLK,Bristol,BRS,EGGD,,,21:05,00:15,18:05,23:15,310,1848,246,3,2026-09-24T08:57:47.000Z
U23452,EZY,Cyprus Larnaca,LCA,LCLK,Liverpool,LPL,EGGP,,,21:20,00:35,18:20,23:35,315,1892,246,3,2026-09-24T08:57:47.000Z
U23170,EZY,Cyprus Larnaca,LCA,LCLK,Glasgow,GLA,EGPF,,,21:40,01:05,18:40,00:05,325,2000,26,1,2026-09-23T02:00:46.000Z
U23068,EZY,Cyprus Larnaca,LCA,LCLK,Belfast Intl,BFS,EGAA,,,21:45,01:20,18:45,00:20,335,2030,147,1,2026-09-24T08:57:47.000Z
U28666,EZY,Cyprus Larnaca,LCA,LCLK,London Gatwick,LGW,EGKK,,,22:15,01:15,19:15,00:15,300,1753,6,1,2026-09-20T02:59:22.000Z
U28664,EZY,Cyprus Larnaca,LCA,LCLK,London Gatwick,LGW,EGKK,,,22:35,01:35,19:35,00:35,300,1753,247,3,2026-09-23T03:00:26.000Z
U28660,EZY,Cyprus Larnaca,LCA,LCLK,London Gatwick,LGW,EGKK,,,22:55,01:55,19:55,00:55,300,1753,1357,4,2026-09-24T02:59:03.000Z
U23774,EJU,La Coruña,LCG,LECO,Milan Malpensa,MXP,LIMC,,,14:20,16:35,12:20,14:35,135,745,26,2,2026-09-22T23:00:54.000Z
U21370,EZS,La Coruña,LCG,LECO,Geneva,GVA,LSGG,,,15:35,17:40,13:35,15:40,125,641,14,2,2026-09-24T08:57:40.000Z
U2318,EZY,Derry - Londonderry,LDY,EGAE,Edinburgh,EDI,EGPH,,,09:15,10:05,08:15,09:05,50,140,15,2,2026-09-21T13:00:35.000Z
U2902,EZY,Derry - Londonderry,LDY,EGAE,Birmingham,BHX,EGBB,,,14:45,15:55,13:45,14:55,70,247,15,2,2026-09-21T17:00:12.000Z
U2542,EZY,Derry - Londonderry,LDY,EGAE,Liverpool,LPL,EGGP,,,18:40,19:45,17:40,18:45,65,183,1457,4,2026-09-24T08:57:44.000Z
U28004,EZY,Almeria,LEI,LEAM,London Gatwick,LGW,EGKK,,,10:20,12:10,08:20,11:10,170,864,23467,5,2026-09-24T08:57:40.000Z
U22358,EZY,Almeria,LEI,LEAM,London Luton,LTN,EGGW,,,10:35,12:15,08:35,11:15,160,906,37,2,2026-09-23T12:59:26.000Z
U25722,EZY,Almeria,LEI,LEAM,London Southend,SEN,EGMC,,,11:00,12:35,09:00,11:35,155,894,26,2,2026-09-22T12:58:53.000Z
U23384,EZY,Almeria,LEI,LEAM,Liverpool,LPL,EGGP,,,17:25,19:20,15:25,18:20,175,990,26,2,2026-09-22T20:01:42.000Z
U22746,EZY,Almeria,LEI,LEAM,Bristol,BRS,EGGD,,,21:10,22:50,19:10,21:50,160,873,26,2,2026-09-19T23:00:14.000Z
U28181,EZY,London Gatwick,LGW,EGKK,Athens,ATH,LGAV,,,05:15,10:55,04:15,07:55,220,1292,13567,5,2026-09-23T10:01:41.000Z
U28183,EZY,London Gatwick,LGW,EGKK,Athens,ATH,LGAV,,,05:15,10:55,04:15,07:55,220,1292,123457,6,2026-09-24T08:57:41.000Z
U28099,EZY,London Gatwick,LGW,EGKK,Ibiza,IBZ,LEIB,,,05:35,09:00,04:35,07:00,145,740,1234567,3,2026-09-24T08:57:47.000Z
U28387,EZY,London Gatwick,LGW,EGKK,"Figari, Corsica",FSC,LFKF,,,05:35,08:55,04:35,06:55,140,694,247,3,2026-09-24T07:59:37.000Z
U28081,EZY,London Gatwick,LGW,EGKK,Majorca Palma,PMI,LEPA,,,05:35,09:10,04:35,07:10,155,707,567,3,2026-09-20T08:59:54.000Z
U28067,EZY,London Gatwick,LGW,EGKK,Malaga,AGP,LEMG,,,05:45,09:40,04:45,07:40,175,888,1234567,3,2026-09-24T08:57:49.000Z
U28821,EZY,London Gatwick,LGW,EGKK,Krakow,KRK,EPKK,,,05:45,09:15,04:45,07:15,150,761,1234567,6,2026-09-24T08:57:48.000Z
U28735,EZY,London Gatwick,LGW,EGKK,Budapest,BUD,LHBP,,,05:45,09:15,04:45,07:15,150,791,47,2,2026-09-24T08:57:44.000Z
U28203,EZY,London Gatwick,LGW,EGKK,Zante Zakynthos,ZTH,LGZA,,,05:45,11:10,04:45,08:10,205,1202,134567,6,2026-09-24T08:57:50.000Z
U28193,EZY,London Gatwick,LGW,EGKK,Kalamata,KLX,LGKL,,,05:45,11:25,04:45,08:25,220,1268,246,2,2026-09-24T08:57:47.000Z
U28107,EZY,London Gatwick,LGW,EGKK,Alicante,ALC,LEAL,,,05:45,09:20,04:45,07:20,155,773,124567,5,2026-09-24T08:57:41.000Z
U28207,EZY,London Gatwick,LGW,EGKK,Corfu,CFU,LGKR,,,05:50,11:00,04:50,08:00,190,1089,234567,4,2026-09-24T08:57:45.000Z
U28595,EZY,London Gatwick,LGW,EGKK,Split,SPU,LDSP,,,05:55,09:25,04:55,07:25,150,809,1234567,5,2026-09-23T09:00:43.000Z
U28321,EZY,London Gatwick,LGW,EGKK,Sicily Palermo,PMO,LICJ,,,05:55,09:50,04:55,07:50,175,960,1234567,5,2026-09-24T08:57:46.000Z
U28243,EZY,London Gatwick,LGW,EGKK,Thessaloniki,SKG,LGTS,,,05:55,11:10,04:55,08:10,195,1152,1234567,7,2026-09-24T08:57:48.000Z
U28003,EZY,London Gatwick,LGW,EGKK,Almeria,LEI,LEAM,,,05:55,09:45,04:55,07:45,170,864,23467,5,2026-09-24T08:57:41.000Z
U28791,EZY,London Gatwick,LGW,EGKK,Gibraltar,GIB,LXGB,,,05:55,09:55,04:55,07:55,180,927,12567,5,2026-09-22T09:01:02.000Z
U28019,EZY,London Gatwick,LGW,EGKK,Madrid,MAD,LEMD,,,06:00,09:30,05:00,07:30,150,655,1234567,3,2026-09-24T08:57:44.000Z
U28811,EZY,London Gatwick,LGW,EGKK,Tivat,TIV,LYTV,,,06:00,09:55,05:00,07:55,175,934,1234567,6,2026-09-24T08:57:50.000Z
U28333,EZY,London Gatwick,LGW,EGKK,Brindisi,BDS,LIBR,,,06:00,10:00,05:00,08:00,180,981,2346,4,2026-09-22T10:01:16.000Z
U28195,EZY,London Gatwick,LGW,EGKK,Kefalonia,EFL,LGKF,,,06:00,11:30,05:00,08:30,210,1173,1256,3,2026-09-22T10:01:17.000Z
U28672,EZY,London Gatwick,LGW,EGKK,Amsterdam,AMS,EHAM,,,06:00,08:20,05:00,06:20,80,197,1234567,4,2026-09-24T07:59:34.000Z
U28417,EZY,London Gatwick,LGW,EGKK,Nice,NCE,LFMN,,,06:05,09:10,05:05,07:10,125,540,1234567,6,2026-09-24T08:57:49.000Z
U28009,EZY,London Gatwick,LGW,EGKK,Valencia,VLC,LEVC,,,06:10,09:40,05:10,07:40,150,700,123457,3,2026-09-24T08:57:50.000Z
U28397,EZY,London Gatwick,LGW,EGKK,Biarritz,BIQ,LFBZ,,,06:10,09:00,05:10,07:00,110,464,1467,4,2026-09-19T09:01:29.000Z
U2823,EZY,London Gatwick,LGW,EGKK,Belfast Intl,BFS,EGAA,,,06:10,07:40,05:10,06:40,90,303,1234567,5,2026-09-24T07:59:32.000Z
U2829,EZY,London Gatwick,LGW,EGKK,Edinburgh,EDI,EGPH,,,06:10,07:40,05:10,06:40,90,310,1467,3,2026-09-24T07:59:36.000Z
U28121,EZY,London Gatwick,LGW,EGKK,Lanzarote,ACE,GCRR,,,06:15,10:25,05:15,09:25,250,1464,123457,4,2026-09-24T08:57:48.000Z
U28637,EZY,London Gatwick,LGW,EGKK,Munich,MUC,EDDM,,,06:15,09:10,05:15,07:10,115,493,12346,4,2026-09-24T08:57:48.000Z
U28041,EZY,London Gatwick,LGW,EGKK,Fuerteventura,FUE,GCFV,,,06:20,10:35,05:20,09:35,255,1496,123456,6,2026-09-24T08:57:46.000Z
U28247,EZY,London Gatwick,LGW,EGKK,Preveza,PVK,LGPZ,,,06:20,11:40,05:20,08:40,200,1146,2467,4,2026-09-24T08:57:44.000Z
U28113,EZY,London Gatwick,LGW,EGKK,Alicante,ALC,LEAL,,,06:20,09:55,05:20,07:55,155,773,267,3,2026-09-22T09:00:59.000Z
U28705,EZY,London Gatwick,LGW,EGKK,Marrakech,RAK,GMMX,,,06:25,09:05,05:25,09:05,220,1224,1234567,7,2026-09-24T08:57:49.000Z
U28323,EZY,London Gatwick,LGW,EGKK,Rome Fiumicino,FCO,LIRF,,,06:25,10:05,05:25,08:05,160,759,1234567,3,2026-09-24T08:57:48.000Z
U28761,EZY,London Gatwick,LGW,EGKK,Malta,MLA,LMML,,,06:25,10:40,05:25,08:40,195,1115,1234567,4,2026-09-24T08:57:49.000Z
U28005,EZY,London Gatwick,LGW,EGKK,Seville,SVQ,LEZL,,,06:25,10:10,05:25,08:10,165,859,1234567,4,2026-09-24T08:57:48.000Z
U28461,EZY,London Gatwick,LGW,EGKK,"Bastia, Corsica",BIA,LFKB,,,06:25,09:45,05:25,07:45,140,650,246,3,2026-09-22T09:01:01.000Z
U28027,EZY,London Gatwick,LGW,EGKK,Menorca Mahon,MAH,LEMH,,,06:30,09:50,05:30,07:50,140,702,123457,3,2026-09-24T08:57:49.000Z
U28533,EZY,London Gatwick,LGW,EGKK,Faro,FAO,LPFR,,,06:30,09:25,05:30,08:25,175,911,23567,4,2026-09-23T09:59:02.000Z
U28485,EZY,London Gatwick,LGW,EGKK,Geneva,GVA,LSGG,,,06:30,09:10,05:30,07:10,100,386,1457,4,2026-09-24T08:57:41.000Z
U28389,EZY,London Gatwick,LGW,EGKK,Montpellier,MPL,LFMT,,,06:35,09:30,05:35,07:30,115,485,1234567,6,2026-09-24T08:57:49.000Z
U28083,EZY,London Gatwick,LGW,EGKK,Majorca Palma,PMI,LEPA,,,06:35,10:00,05:35,08:00,145,707,234567,5,2026-09-24T08:57:49.000Z
U28293,EZY,London Gatwick,LGW,EGKK,Venice Marco Polo,VCE,LIPZ,,,06:40,09:45,05:40,07:45,125,603,1234567,3,2026-09-24T08:57:50.000Z
U28629,EZY,London Gatwick,LGW,EGKK,Berlin Brandenburg,BER,EDDB,,,06:40,09:35,05:40,07:35,115,513,1234567,4,2026-09-24T08:57:44.000Z
U28703,EZY,London Gatwick,LGW,EGKK,Agadir,AGA,GMAD,,,06:45,09:35,05:45,09:35,230,1317,234567,6,2026-09-24T08:57:41.000Z
U28335,EZY,London Gatwick,LGW,EGKK,Verona,VRN,LIPX,,,06:45,09:45,05:45,07:45,120,560,1234567,5,2026-09-24T08:57:50.000Z
U28211,EZY,London Gatwick,LGW,EGKK,Corfu,CFU,LGKR,,,06:50,12:00,05:50,09:00,190,1089,12356,5,2026-09-23T11:01:17.000Z
U28239,EZY,London Gatwick,LGW,EGKK,Santorini,JTR,LGSR,,,06:50,12:45,05:50,09:45,235,1409,1234567,7,2026-09-24T08:57:50.000Z
U28285,EZY,London Gatwick,LGW,EGKK,Sicily Catania,CTA,LICC,,,06:55,11:05,05:55,09:05,190,1046,1234567,5,2026-09-24T08:57:44.000Z
U28845,EZY,London Gatwick,LGW,EGKK,Enfidha - Hammamet,NBE,DTNH,,,06:55,10:00,05:55,09:00,185,1014,1234567,7,2026-09-24T08:57:46.000Z
U28301,EZY,London Gatwick,LGW,EGKK,Milan Malpensa,MXP,LIMC,,,06:55,09:55,05:55,07:55,120,485,1357,2,2026-09-23T09:00:42.000Z
U28145,EZY,London Gatwick,LGW,EGKK,Majorca Palma,PMI,LEPA,,,06:55,10:20,05:55,08:20,145,707,27,2,2026-09-22T10:01:22.000Z
U28519,EZY,London Gatwick,LGW,EGKK,Madeira Funchal,FNC,LPMA,,,07:00,10:55,06:00,09:55,235,1326,123456,3,2026-09-24T08:57:48.000Z
U28471,EZY,London Gatwick,LGW,EGKK,Zurich,ZRH,LSZH,,,07:00,09:50,06:00,07:50,110,407,1234567,4,2026-09-24T08:57:51.000Z
U28467,EZY,London Gatwick,LGW,EGKK,Brest Brittany,BES,LFRB,,,07:00,09:20,06:00,07:20,80,231,37,2,2026-09-23T10:01:42.000Z
U28355,EZY,London Gatwick,LGW,EGKK,Naples,NAP,LIRN,,,07:00,10:50,06:00,08:50,170,860,3567,4,2026-09-23T10:58:55.000Z
U28343,EZY,London Gatwick,LGW,EGKK,Sardinia Olbia,OLB,LIEO,,,07:00,10:30,06:00,08:30,150,735,12367,4,2026-09-22T10:01:21.000Z
U28601,EZY,London Gatwick,LGW,EGKK,Dubrovnik,DBV,LDDU,,,07:05,10:50,06:05,08:50,165,912,1234567,6,2026-09-24T08:57:45.000Z
U28841,EZY,London Gatwick,LGW,EGKK,Ljubljana,LJU,LJLJ,,,07:05,10:20,06:05,08:20,135,650,1234567,6,2026-09-24T08:57:48.000Z
U28593,EZY,London Gatwick,LGW,EGKK,Zadar,ZAD,LDZD,,,07:05,10:30,06:05,08:30,145,756,26,2,2026-08-29T10:00:30.000Z
U28131,EZY,London Gatwick,LGW,EGKK,Majorca Palma,PMI,LEPA,,,07:05,10:30,06:05,08:30,145,707,5,1,2026-08-28T10:59:27.000Z
U2873,EZY,London Gatwick,LGW,EGKK,Jersey,JER,EGJJ,,,07:10,08:15,06:10,07:15,65,140,1234567,4,2026-09-24T08:57:48.000Z
U28339,EZY,London Gatwick,LGW,EGKK,Naples,NAP,LIRN,,,07:10,11:00,06:10,09:00,170,860,123467,4,2026-09-24T08:57:49.000Z
U28033,EZY,London Gatwick,LGW,EGKK,Tenerife South,TFS,GCTS,,,07:15,11:50,06:15,10:50,275,1573,1234567,5,2026-09-24T08:57:50.000Z
U28215,EZY,London Gatwick,LGW,EGKK,Crete Heraklion,HER,LGIR,,,07:15,13:10,06:15,10:10,235,1447,1234567,2,2026-09-24T08:57:47.000Z
U28233,EZY,London Gatwick,LGW,EGKK,Rhodes,RHO,LGRP,,,07:15,13:20,06:15,10:20,245,1497,2456,4,2026-09-24T08:57:50.000Z
U28589,EZY,London Gatwick,LGW,EGKK,Dalaman,DLM,LTBS,,,07:15,13:25,06:15,10:25,250,1508,6,1,2026-09-19T12:02:05.000Z
U28047,EZY,London Gatwick,LGW,EGKK,Murcia Intl,RMU,LEMI,32N,A20N,07:15,10:55,06:15,08:55,160,802,237,3,2026-09-23T09:59:05.000Z
U2897,EZY,London Gatwick,LGW,EGKK,Newquay,NQY,EGHQ,,,07:15,08:30,06:15,07:30,75,187,26,2,2026-08-29T10:00:29.000Z
U28069,EZY,London Gatwick,LGW,EGKK,Malaga,AGP,LEMG,,,07:20,11:20,06:20,09:20,180,888,25,2,2026-09-18T11:00:20.000Z
U28555,EZY,London Gatwick,LGW,EGKK,Antalya,AYT,LTAI,,,07:20,13:40,06:20,10:40,260,1570,124567,4,2026-09-24T08:57:41.000Z
U28719,EZY,London Gatwick,LGW,EGKK,Copenhagen,CPH,EKCH,,,07:25,10:25,06:25,08:25,120,531,146,2,2026-09-24T08:57:45.000Z
U28563,EZY,London Gatwick,LGW,EGKK,Dalaman,DLM,LTBS,,,07:30,13:40,06:30,10:40,250,1508,1234567,6,2026-09-24T08:57:45.000Z
U28651,EZY,London Gatwick,LGW,EGKK,Cyprus Paphos,PFO,LCPH,,,07:30,14:05,06:30,11:05,275,1720,124567,3,2026-09-24T08:57:48.000Z
U28551,EZY,London Gatwick,LGW,EGKK,Bodrum,BJV,LTFE,,,07:30,13:35,06:30,10:35,245,1447,12345,3,2026-09-24T08:57:44.000Z
U28055,EZY,London Gatwick,LGW,EGKK,Barcelona,BCN,LEBL,,,07:30,10:40,06:30,08:40,130,599,1234567,5,2026-09-24T08:57:42.000Z
U28479,EZS,London Gatwick,LGW,EGKK,Basel,BSL,LFSB,,,07:30,10:10,06:30,08:10,100,369,7,1,2026-09-20T08:00:22.000Z
U28227,EZY,London Gatwick,LGW,EGKK,Rhodes,RHO,LGRP,,,07:35,13:40,06:35,10:40,245,1497,134567,5,2026-09-24T08:57:50.000Z
U28731,EZY,London Gatwick,LGW,EGKK,Budapest,BUD,LHBP,,,07:40,11:10,06:40,09:10,150,791,135,3,2026-09-21T11:01:04.000Z
U28031,EZY,London Gatwick,LGW,EGKK,Menorca Mahon,MAH,LEMH,,,07:45,11:05,06:45,09:05,140,702,356,3,2026-09-23T10:58:55.000Z
U28197,EZY,London Gatwick,LGW,EGKK,Kefalonia,EFL,LGKF,,,07:45,13:15,06:45,10:15,210,1173,2347,2,2026-09-24T08:57:44.000Z
U28727,EZY,London Gatwick,LGW,EGKK,Nice,NCE,LFMN,,,07:45,10:50,06:45,08:50,125,540,57,2,2026-09-20T09:58:42.000Z
U28189,EZY,London Gatwick,LGW,EGKK,Mykonos,JMK,LGMK,,,07:55,13:45,06:55,10:45,230,1360,234567,5,2026-09-24T08:57:48.000Z
U28625,EJU,London Gatwick,LGW,EGKK,Berlin Brandenburg,BER,EDDB,,,07:55,10:50,06:55,08:50,115,513,1346,4,2026-09-24T08:57:44.000Z
U28223,EZY,London Gatwick,LGW,EGKK,Crete Chania,CHQ,LGSA,,,08:00,13:55,07:00,10:55,235,1405,123456,3,2026-09-24T08:57:44.000Z
U28439,EZY,London Gatwick,LGW,EGKK,Marseille Provence,MRS,LFML,,,08:00,11:00,07:00,09:00,120,512,1234567,6,2026-09-24T08:57:48.000Z
U28648,EJU,London Gatwick,LGW,EGKK,Amsterdam,AMS,EHAM,,,08:00,10:20,07:00,08:20,80,197,36,2,2026-09-23T10:01:39.000Z
U28674,EJU,London Gatwick,LGW,EGKK,Amsterdam,AMS,EHAM,,,08:00,10:20,07:00,08:20,80,197,1457,1,2026-09-24T08:57:42.000Z
U28403,EJU,London Gatwick,LGW,EGKK,Paris Charles de Gaulle,CDG,LFPG,,,08:00,10:20,07:00,08:20,80,166,1234567,2,2026-09-24T08:57:48.000Z
U28161,EZY,London Gatwick,LGW,EGKK,Lyon,LYS,LFLL,,,08:00,10:40,07:00,08:40,100,387,6,1,2026-09-05T09:59:02.000Z
U28359,EZY,London Gatwick,LGW,EGKK,Rome Fiumicino,FCO,LIRF,,,08:00,11:35,07:00,09:35,155,759,57,2,2026-08-30T12:00:01.000Z
U28275,EZY,London Gatwick,LGW,EGKK,Bari,BRI,LIBD,,,08:05,12:05,07:05,10:05,180,922,6,1,2026-09-19T12:02:03.000Z
U28695,EZY,London Gatwick,LGW,EGKK,Innsbruck,INN,LOWI,,,08:05,11:10,07:05,09:10,125,508,23467,5,2026-09-24T08:57:47.000Z
U2839,EZY,London Gatwick,LGW,EGKK,Isle of Man,IOM,EGNS,,,08:10,09:35,07:10,08:35,85,239,12345,3,2026-09-24T08:57:47.000Z
U28623,EJU,London Gatwick,LGW,EGKK,Berlin Brandenburg,BER,EDDB,,,08:10,11:05,07:10,09:05,115,513,12567,5,2026-09-22T11:00:07.000Z
U28431,EZY,London Gatwick,LGW,EGKK,Lyon,LYS,LFLL,,,08:10,10:50,07:10,08:50,100,387,1,1,2026-09-21T12:00:52.000Z
U28451,EZY,London Gatwick,LGW,EGKK,La Rochelle,LRH,LFBH,,,08:15,10:55,07:15,08:55,100,301,1234567,7,2026-09-23T09:59:04.000Z
U28531,EZY,London Gatwick,LGW,EGKK,Faro,FAO,LPFR,,,08:15,11:10,07:15,10:10,175,911,134567,4,2026-09-24T08:57:47.000Z
U2861,EZY,London Gatwick,LGW,EGKK,Glasgow,GLA,EGPF,,,08:15,09:45,07:15,08:45,90,321,1234567,6,2026-09-24T08:57:46.000Z
U28429,EJU,London Gatwick,LGW,EGKK,Lyon,LYS,LFLL,,,08:15,10:55,07:15,08:55,100,387,234567,2,2026-09-23T10:58:55.000Z
U28597,EZY,London Gatwick,LGW,EGKK,Split,SPU,LDSP,,,08:15,11:50,07:15,09:50,155,809,12345,4,2026-09-24T08:57:48.000Z
U28381,EJU,London Gatwick,LGW,EGKK,Bordeaux,BOD,LFBD,,,08:20,11:00,07:20,09:00,100,380,123456,3,2026-09-24T08:57:44.000Z
U2808,EZY,London Gatwick,LGW,EGKK,Edinburgh,EDI,EGPH,,,08:20,09:50,07:20,08:50,90,310,123456,4,2026-09-24T08:57:46.000Z
U28487,EZS,London Gatwick,LGW,EGKK,Geneva,GVA,LSGG,,,08:20,11:00,07:20,09:00,100,386,1234567,2,2026-09-24T08:57:41.000Z
U2820,EZY,London Gatwick,LGW,EGKK,Belfast Intl,BFS,EGAA,,,08:25,09:55,07:25,08:55,90,303,1234567,3,2026-09-24T08:57:44.000Z
U28477,EZS,London Gatwick,LGW,EGKK,Basel,BSL,LFSB,,,08:25,11:05,07:25,09:05,100,369,1345,4,2026-09-24T08:57:48.000Z
U28209,EZY,London Gatwick,LGW,EGKK,Corfu,CFU,LGKR,,,08:30,13:40,07:30,10:40,190,1089,1467,4,2026-09-24T08:57:45.000Z
U28419,EZY,London Gatwick,LGW,EGKK,Nice,NCE,LFMN,,,08:30,11:35,07:30,09:35,125,540,1234567,5,2026-09-24T08:57:48.000Z
U28781,EZY,London Gatwick,LGW,EGKK,Prague,PRG,LKPR,,,08:35,11:30,07:35,09:30,115,553,124567,6,2026-09-22T11:00:16.000Z
U28609,EZY,London Gatwick,LGW,EGKK,Dubrovnik,DBV,LDDU,,,08:45,12:30,07:45,10:30,165,912,267,3,2026-09-19T14:59:33.000Z
U28279,EJU,London Gatwick,LGW,EGKK,Milan Malpensa,MXP,LIMC,,,08:45,11:45,07:45,09:45,120,485,7,1,2026-09-20T10:58:57.000Z
U28445,EZY,London Gatwick,LGW,EGKK,Nantes,NTE,LFRS,,,08:45,11:10,07:45,09:10,85,246,1234567,5,2026-09-24T08:57:48.000Z
U28079,EJU,London Gatwick,LGW,EGKK,Malaga,AGP,LEMG,,,08:45,12:40,07:45,10:40,175,888,123457,3,2026-09-24T08:57:48.000Z
U28325,EZY,London Gatwick,LGW,EGKK,Rome Fiumicino,FCO,LIRF,,,08:50,12:30,07:50,10:30,160,759,1234567,4,2026-09-24T08:57:48.000Z
U28025,EZY,London Gatwick,LGW,EGKK,Menorca Mahon,MAH,LEMH,,,09:00,12:20,08:00,10:20,140,702,356,3,2026-09-19T11:58:49.000Z
U28281,EZY,London Gatwick,LGW,EGKK,Bari,BRI,LIBD,,,09:00,12:50,08:00,10:50,170,922,1234567,7,2026-09-24T08:57:42.000Z
U28225,EZY,London Gatwick,LGW,EGKK,Crete Chania,CHQ,LGSA,,,09:05,15:10,08:05,12:10,245,1405,12346,5,2026-09-24T08:57:44.000Z
U28095,EJU,London Gatwick,LGW,EGKK,Majorca Palma,PMI,LEPA,,,09:05,12:35,08:05,10:35,150,707,123467,4,2026-09-24T08:57:48.000Z
U28315,EZY,London Gatwick,LGW,EGKK,Pisa (Tuscany),PSA,LIRP,,,09:10,12:25,08:10,10:25,135,620,234567,6,2026-09-24T08:57:48.000Z
U28057,EJU,London Gatwick,LGW,EGKK,Barcelona,BCN,LEBL,,,09:15,12:25,08:15,10:25,130,599,1234567,3,2026-09-24T08:57:42.000Z
U28303,EJU,London Gatwick,LGW,EGKK,Milan Malpensa,MXP,LIMC,,,09:15,12:15,08:15,10:15,120,485,1234567,4,2026-09-24T08:57:48.000Z
U28021,EJU,London Gatwick,LGW,EGKK,Majorca Palma,PMI,LEPA,,,09:15,12:40,08:15,10:40,145,707,35,2,2026-09-18T12:58:57.000Z
U2869,EZY,London Gatwick,LGW,EGKK,Glasgow,GLA,EGPF,,,09:25,10:55,08:25,09:55,90,321,123456,4,2026-09-24T08:57:46.000Z
U28287,EZY,London Gatwick,LGW,EGKK,Sicily Catania,CTA,LICC,,,09:30,13:40,08:30,11:40,190,1046,1234567,7,2026-09-21T13:00:33.000Z
U28289,EZY,London Gatwick,LGW,EGKK,Milan Linate,LIN,LIML,,,09:30,12:30,08:30,10:30,120,509,1234567,4,2026-09-24T08:57:48.000Z
U28995,EZY,London Gatwick,LGW,EGKK,Sal - Cape Verde,SID,GVAC,,,09:35,13:45,08:35,14:45,370,2336,135,3,2026-09-23T16:00:44.000Z
U28357,EJU,London Gatwick,LGW,EGKK,Naples,NAP,LIRN,,,09:35,13:30,08:35,11:30,175,860,23456,4,2026-09-23T12:59:26.000Z
U28527,EJU,London Gatwick,LGW,EGKK,Porto,OPO,LPPR,,,09:35,12:00,08:35,11:00,145,690,1234567,6,2026-09-24T08:57:46.000Z
U28513,EJU,London Gatwick,LGW,EGKK,Lisbon,LIS,LPPT,,,09:40,12:30,08:40,11:30,170,833,1234567,6,2026-09-24T08:57:48.000Z
U28635,EZY,London Gatwick,LGW,EGKK,Hamburg,HAM,EDDH,,,09:50,12:30,08:50,10:30,100,401,1234567,5,2026-09-24T08:57:47.000Z
U28529,EJU,London Gatwick,LGW,EGKK,Faro,FAO,LPFR,,,10:00,12:55,09:00,11:55,175,911,123467,4,2026-09-24T08:57:47.000Z
U28743,EZY,London Gatwick,LGW,EGKK,Hurghada,HRG,HEGN,,,10:30,18:00,09:30,15:00,330,2106,123456,6,2026-09-24T08:57:47.000Z
U28741,EZY,London Gatwick,LGW,EGKK,Sharm El Sheikh,SSH,HESH,,,10:50,18:15,09:50,15:15,325,2088,123467,5,2026-09-24T08:57:48.000Z
U28489,EZS,London Gatwick,LGW,EGKK,Geneva,GVA,LSGG,,,10:55,13:40,09:55,11:40,105,386,67,2,2026-09-20T13:01:37.000Z
U28425,EZY,London Gatwick,LGW,EGKK,Nice,NCE,LFMN,,,11:10,14:15,10:10,12:15,125,540,124567,6,2026-09-24T08:57:48.000Z
U28657,EZY,London Gatwick,LGW,EGKK,Cyprus Larnaca,LCA,LCLK,,,11:20,18:00,10:20,15:00,280,1753,37,2,2026-09-23T17:00:57.000Z
U28607,EZY,London Gatwick,LGW,EGKK,Split,SPU,LDSP,,,11:20,14:50,10:20,12:50,150,809,67,2,2026-09-19T13:59:16.000Z
U28459,EJU,London Gatwick,LGW,EGKK,Paris Charles de Gaulle,CDG,LFPG,,,11:35,13:55,10:35,11:55,80,166,14,2,2026-09-24T08:57:48.000Z
U28391,EZY,London Gatwick,LGW,EGKK,Montpellier,MPL,LFMT,,,11:40,14:35,10:40,12:35,115,485,13567,5,2026-09-20T13:58:48.000Z
U28137,EZY,London Gatwick,LGW,EGKK,Malaga,AGP,LEMG,,,11:45,15:40,10:45,13:40,175,888,1456,4,2026-09-24T08:57:48.000Z
U2875,EZY,London Gatwick,LGW,EGKK,Jersey,JER,EGJJ,,,11:50,12:55,10:50,11:55,65,140,1234567,7,2026-09-24T08:57:48.000Z
U28085,EZY,London Gatwick,LGW,EGKK,Majorca Palma,PMI,LEPA,,,11:50,15:15,10:50,13:15,145,707,12345,3,2026-09-24T08:57:48.000Z
U28465,EZY,London Gatwick,LGW,EGKK,Zurich,ZRH,LSZH,,,12:00,14:45,11:00,12:45,105,407,1,1,2026-08-24T13:59:00.000Z
U28383,EZY,London Gatwick,LGW,EGKK,Bordeaux,BOD,LFBD,,,12:00,14:40,11:00,12:40,100,380,14567,5,2026-09-21T15:00:17.000Z
U28453,EZY,London Gatwick,LGW,EGKK,Bordeaux,BOD,LFBD,,,12:00,14:40,11:00,12:40,100,380,7,1,2026-08-30T15:01:53.000Z
U28123,EZY,London Gatwick,LGW,EGKK,Lanzarote,ACE,GCRR,,,12:10,16:30,11:10,15:30,260,1464,12346,5,2026-09-24T08:57:48.000Z
U2801,EZY,London Gatwick,LGW,EGKK,Belfast City (George Best),BHD,EGAC,,,12:10,13:40,11:10,12:40,90,293,1234567,2,2026-09-24T08:57:46.000Z
U28653,EZY,London Gatwick,LGW,EGKK,Cyprus Paphos,PFO,LCPH,,,12:10,18:40,11:10,15:40,270,1720,12367,4,2026-09-23T17:00:58.000Z
U28199,EZY,London Gatwick,LGW,EGKK,Kefalonia,EFL,LGKF,,,12:10,17:40,11:10,14:40,210,1173,3467,3,2026-09-24T08:57:44.000Z
U28377,EZY,London Gatwick,LGW,EGKK,Rimini,RMI,LIPR,,,12:10,15:25,11:10,13:25,135,671,36,2,2026-09-23T14:59:32.000Z
U28171,EZY,London Gatwick,LGW,EGKK,Berlin Brandenburg,BER,EDDB,,,12:10,15:10,11:10,13:10,120,513,3,1,2026-08-26T14:59:36.000Z
U28535,EZY,London Gatwick,LGW,EGKK,Faro,FAO,LPFR,,,12:10,15:05,11:10,14:05,175,911,123457,5,2026-09-24T08:57:47.000Z
U28313,EJU,London Gatwick,LGW,EGKK,Milan Malpensa,MXP,LIMC,,,12:10,15:05,11:10,13:05,115,485,14,2,2026-09-24T08:57:48.000Z
U28159,EZY,London Gatwick,LGW,EGKK,Ljubljana,LJU,LJLJ,,,12:15,15:30,11:15,13:30,135,650,6,1,2026-08-29T14:59:50.000Z
U28237,EZY,London Gatwick,LGW,EGKK,Kos,KGS,LGKO,,,12:20,18:25,11:20,15:25,245,1446,7,1,2026-09-20T17:00:20.000Z
U28111,EZY,London Gatwick,LGW,EGKK,Alicante,ALC,LEAL,,,12:20,15:55,11:20,13:55,155,773,1234567,6,2026-09-24T08:57:41.000Z
U28813,EZY,London Gatwick,LGW,EGKK,Tivat,TIV,LYTV,,,12:25,16:20,11:25,14:20,175,934,6,1,2026-09-19T15:59:16.000Z
U2847,EZY,London Gatwick,LGW,EGKK,Inverness,INV,EGPE,,,12:25,14:10,11:25,13:10,105,407,1234567,2,2026-09-24T08:57:48.000Z
U28029,EZY,London Gatwick,LGW,EGKK,Menorca Mahon,MAH,LEMH,,,12:35,16:05,11:35,14:05,150,702,1234567,4,2026-09-24T08:57:48.000Z
U28469,EZY,London Gatwick,LGW,EGKK,Strasbourg,SXB,LFST,,,12:35,15:10,11:35,13:10,95,340,47,2,2026-09-24T08:57:48.000Z
U28065,EZY,London Gatwick,LGW,EGKK,Reus,REU,LERS,,,12:35,15:45,11:35,13:45,130,603,135,3,2026-09-21T15:00:23.000Z
U28395,EZY,London Gatwick,LGW,EGKK,Rennes,RNS,LFRN,,,12:35,14:50,11:35,12:50,75,194,1234567,7,2026-09-23T13:59:04.000Z
U28059,EZY,London Gatwick,LGW,EGKK,Barcelona,BCN,LEBL,,,12:35,15:45,11:35,13:45,130,599,234567,5,2026-09-24T08:57:42.000Z
U2863,EZY,London Gatwick,LGW,EGKK,Glasgow,GLA,EGPF,,,12:35,14:10,11:35,13:10,95,321,1237,4,2026-09-23T14:59:32.000Z
U28641,EZY,London Gatwick,LGW,EGKK,Munich,MUC,EDDM,,,12:40,15:35,11:40,13:35,115,493,14567,4,2026-09-24T08:57:48.000Z
U2805,EZY,London Gatwick,LGW,EGKK,Edinburgh,EDI,EGPH,,,12:40,14:10,11:40,13:10,90,310,47,2,2026-09-24T08:57:46.000Z
U2813,EZY,London Gatwick,LGW,EGKK,Edinburgh,EDI,EGPH,,,12:45,14:15,11:45,13:15,90,310,123567,6,2026-09-23T14:59:32.000Z
U28745,EZY,London Gatwick,LGW,EGKK,Hurghada,HRG,HEGN,,,12:50,20:15,11:50,17:15,325,2106,2357,4,2026-09-23T19:00:08.000Z
U28561,EZY,London Gatwick,LGW,EGKK,Antalya,AYT,LTAI,,,12:50,19:10,11:50,16:10,260,1570,2,1,2026-09-22T18:02:37.000Z
U28605,EZY,London Gatwick,LGW,EGKK,Pula,PUY,LDPL,,,12:50,16:10,11:50,14:10,140,678,23467,5,2026-09-23T16:00:50.000Z
U28678,EZY,London Gatwick,LGW,EGKK,Amsterdam,AMS,EHAM,,,12:50,15:10,11:50,13:10,80,197,124,3,2026-09-24T08:57:42.000Z
U28144,EJU,London Gatwick,LGW,EGKK,Milan Malpensa,MXP,LIMC,,,12:50,15:50,11:50,13:50,120,485,2,1,2026-09-22T15:02:25.000Z
U28337,EZY,London Gatwick,LGW,EGKK,Verona,VRN,LIPX,,,12:55,16:00,11:55,14:00,125,560,67,2,2026-09-20T15:59:40.000Z
U28133,EZY,London Gatwick,LGW,EGKK,Gran Canaria,LPA,GCLP,,,13:00,17:30,12:00,16:30,270,1554,6,1,2026-09-19T17:59:07.000Z
U28105,EZY,London Gatwick,LGW,EGKK,Ibiza,IBZ,LEIB,,,13:00,16:30,12:00,14:30,150,740,2347,4,2026-09-24T08:57:47.000Z
U28721,EZY,London Gatwick,LGW,EGKK,Copenhagen,CPH,EKCH,,,13:00,15:55,12:00,13:55,115,531,2357,4,2026-09-23T14:59:31.000Z
U2879,EZY,London Gatwick,LGW,EGKK,Jersey,JER,EGJJ,,,13:00,14:05,12:00,13:05,65,140,23,2,2026-09-23T14:59:33.000Z
U28241,EZY,London Gatwick,LGW,EGKK,Santorini,JTR,LGSR,,,13:00,19:00,12:00,16:00,240,1409,2346,4,2026-09-24T08:57:48.000Z
U28205,EZY,London Gatwick,LGW,EGKK,Zante Zakynthos,ZTH,LGZA,,,13:00,18:30,12:00,15:30,210,1202,1236,4,2026-09-23T17:00:59.000Z
U28345,EZY,London Gatwick,LGW,EGKK,Sardinia Olbia,OLB,LIEO,,,13:00,16:35,12:00,14:35,155,735,4567,3,2026-09-20T15:59:39.000Z
U28039,EZY,London Gatwick,LGW,EGKK,Tenerife South,TFS,GCTS,,,13:05,17:40,12:05,16:40,275,1573,37,2,2026-09-23T19:00:12.000Z
U28613,EZY,London Gatwick,LGW,EGKK,Pula,PUY,LDPL,,,13:10,16:30,12:10,14:30,140,678,5,1,2026-08-28T15:59:13.000Z
U28639,EZY,London Gatwick,LGW,EGKK,Munich,MUC,EDDM,,,13:15,16:10,12:15,14:10,115,493,123457,5,2026-09-24T08:57:49.000Z
U28437,EZY,London Gatwick,LGW,EGKK,Lyon,LYS,LFLL,,,13:15,15:55,12:15,13:55,100,387,57,2,2026-09-20T14:58:43.000Z
U2857,EZY,London Gatwick,LGW,EGKK,Aberdeen,ABZ,EGPD,,,13:20,15:00,12:20,14:00,100,370,1234567,1,2026-09-24T08:57:41.000Z
U28115,EZY,London Gatwick,LGW,EGKK,Alicante,ALC,LEAL,,,13:20,16:55,12:20,14:55,155,773,347,3,2026-09-24T08:57:41.000Z
U28305,EZY,London Gatwick,LGW,EGKK,Milan Malpensa,MXP,LIMC,,,13:20,16:20,12:20,14:20,120,485,124567,5,2026-09-24T08:57:48.000Z
U28249,EZY,London Gatwick,LGW,EGKK,Preveza,PVK,LGPZ,,,13:25,18:50,12:25,15:50,205,1146,367,3,2026-09-23T17:00:52.000Z
U28491,EZY,London Gatwick,LGW,EGKK,Geneva,GVA,LSGG,,,13:25,16:05,12:25,14:05,100,386,1247,3,2026-09-24T08:57:41.000Z
U28423,EZY,London Gatwick,LGW,EGKK,Nice,NCE,LFMN,,,13:30,16:35,12:30,14:35,125,540,234567,4,2026-09-24T08:57:48.000Z
U28573,EZY,London Gatwick,LGW,EGKK,Bodrum,BJV,LTFE,,,13:40,19:45,12:40,16:45,245,1447,157,3,2026-09-20T19:02:13.000Z
U28354,EJU,London Gatwick,LGW,EGKK,Milan Malpensa,MXP,LIMC,,,13:45,16:45,12:45,14:45,120,485,6,1,2026-09-19T17:00:14.000Z
U28035,EZY,London Gatwick,LGW,EGKK,Tenerife South,TFS,GCTS,,,13:45,18:20,12:45,17:20,275,1573,12456,5,2026-09-24T08:57:48.000Z
U28571,EZY,London Gatwick,LGW,EGKK,Izmir,ADB,LTBJ,,,13:50,19:45,12:50,16:45,235,1386,26,2,2026-09-22T18:02:41.000Z
U28569,EZY,London Gatwick,LGW,EGKK,Dalaman,DLM,LTBS,,,13:50,20:00,12:50,17:00,250,1508,1347,3,2026-09-24T08:57:45.000Z
U28649,EZY,London Gatwick,LGW,EGKK,Dusseldorf,DUS,EDDL,,,13:50,16:15,12:50,14:15,85,261,123457,6,2026-09-24T08:57:46.000Z
U28229,EZY,London Gatwick,LGW,EGKK,Rhodes,RHO,LGRP,,,13:55,20:00,12:55,17:00,245,1497,12345,5,2026-09-24T08:57:48.000Z
U2827,EZY,London Gatwick,LGW,EGKK,Belfast Intl,BFS,EGAA,,,13:55,15:30,12:55,14:30,95,303,125,2,2026-09-22T16:00:01.000Z
U28739,EZY,London Gatwick,LGW,EGKK,Sharm El Sheikh,SSH,HESH,,,14:00,21:25,13:00,18:25,325,2088,2356,3,2026-09-23T19:59:20.000Z
U28201,EZY,London Gatwick,LGW,EGKK,Skiathos,JSI,LGSK,,,14:00,19:35,13:00,16:35,215,1225,23467,5,2026-09-24T08:57:48.000Z
U28553,EZY,London Gatwick,LGW,EGKK,Bodrum,BJV,LTFE,,,14:00,20:05,13:00,17:05,245,1447,2346,3,2026-09-24T08:57:44.000Z
U28097,EJU,London Gatwick,LGW,EGKK,Majorca Palma,PMI,LEPA,,,14:10,17:35,13:10,15:35,145,707,1234567,4,2026-09-24T08:57:48.000Z
U28053,EZY,London Gatwick,LGW,EGKK,Tenerife South,TFS,GCTS,,,14:10,18:45,13:10,17:45,275,1573,137,3,2026-09-23T19:00:12.000Z
U28135,EZY,London Gatwick,LGW,EGKK,Ibiza,IBZ,LEIB,,,14:15,17:45,13:15,15:45,150,740,467,3,2026-09-19T17:00:12.000Z
U28717,EZY,London Gatwick,LGW,EGKK,Agadir,AGA,GMAD,,,14:20,17:15,13:20,17:15,235,1317,1,1,2026-09-21T19:00:05.000Z
U28185,EZY,London Gatwick,LGW,EGKK,Athens,ATH,LGAV,,,14:20,20:05,13:20,17:05,225,1292,23457,5,2026-09-24T08:57:42.000Z
U28317,EZY,London Gatwick,LGW,EGKK,Pisa (Tuscany),PSA,LIRP,,,14:20,17:35,13:20,15:35,135,620,157,2,2026-09-21T15:00:23.000Z
U28191,EZY,London Gatwick,LGW,EGKK,Mykonos,JMK,LGMK,,,14:20,20:10,13:20,17:10,230,1360,1236,3,2026-09-23T19:00:10.000Z
U2887,EZY,London Gatwick,LGW,EGKK,Glasgow,GLA,EGPF,,,14:30,16:05,13:30,15:05,95,321,134567,6,2026-09-24T08:57:46.000Z
U28277,EZY,London Gatwick,LGW,EGKK,Sicily Palermo,PMO,LICJ,,,14:35,18:35,13:35,16:35,180,960,26,2,2026-08-29T19:59:53.000Z
U2877,EZY,London Gatwick,LGW,EGKK,Jersey,JER,EGJJ,,,14:40,15:45,13:40,14:45,65,140,14567,5,2026-09-24T08:57:48.000Z
U28521,EZY,London Gatwick,LGW,EGKK,Madeira Funchal,FNC,LPMA,,,14:45,18:40,13:45,17:40,235,1326,123567,6,2026-09-23T19:00:10.000Z
U28503,EZS,London Gatwick,LGW,EGKK,Geneva,GVA,LSGG,,,14:45,17:25,13:45,15:25,100,386,6,1,2026-09-19T17:00:09.000Z
U28071,EZY,London Gatwick,LGW,EGKK,Malaga,AGP,LEMG,,,14:50,18:45,13:50,16:45,175,888,1347,4,2026-09-23T17:59:04.000Z
U28129,EZY,London Gatwick,LGW,EGKK,Gran Canaria,LPA,GCLP,,,15:00,19:30,14:00,18:30,270,1554,1234567,6,2026-09-24T08:57:48.000Z
U28707,EZY,London Gatwick,LGW,EGKK,Marrakech,RAK,GMMX,,,15:00,17:45,14:00,17:45,225,1224,1234567,6,2026-09-24T08:57:48.000Z
U28235,EZY,London Gatwick,LGW,EGKK,Kos,KGS,LGKO,,,15:10,21:15,14:10,18:15,245,1446,1234,4,2026-09-24T08:57:48.000Z
U2825,EZY,London Gatwick,LGW,EGKK,Belfast Intl,BFS,EGAA,,,15:10,16:45,14:10,15:45,95,303,7,1,2026-09-20T17:00:16.000Z
U2765,EZY,London Gatwick,LGW,EGKK,Belfast City (George Best),BHD,EGAC,,,15:15,16:40,14:15,15:40,85,293,7,1,2026-08-30T17:00:38.000Z
U28659,EZY,London Gatwick,LGW,EGKK,Cyprus Larnaca,LCA,LCLK,,,15:20,22:00,14:20,19:00,280,1753,1357,3,2026-09-23T20:58:59.000Z
U28847,EZY,London Gatwick,LGW,EGKK,Enfidha - Hammamet,NBE,DTNH,,,15:20,18:25,14:20,17:25,185,1014,1,1,2026-08-24T18:59:59.000Z
U28853,EZY,London Gatwick,LGW,EGKK,Enfidha - Hammamet,NBE,DTNH,,,15:20,18:25,14:20,17:25,185,1014,23467,5,2026-09-24T08:57:46.000Z
U28565,EZY,London Gatwick,LGW,EGKK,Dalaman,DLM,LTBS,,,15:20,21:30,14:20,18:30,250,1508,1246,3,2026-09-24T08:57:45.000Z
U28251,EZY,London Gatwick,LGW,EGKK,Preveza,PVK,LGPZ,,,15:20,20:50,14:20,17:50,210,1146,157,3,2026-09-21T19:00:05.000Z
U28655,EZY,London Gatwick,LGW,EGKK,Cyprus Paphos,PFO,LCPH,,,15:20,21:55,14:20,18:55,275,1720,134567,4,2026-09-24T08:57:48.000Z
U28537,EZY,London Gatwick,LGW,EGKK,Faro,FAO,LPFR,,,15:20,18:15,14:20,17:15,175,911,124567,6,2026-09-24T08:57:47.000Z
U28663,EZY,London Gatwick,LGW,EGKK,Cyprus Larnaca,LCA,LCLK,,,15:25,22:05,14:25,19:05,280,1753,246,3,2026-09-24T08:57:48.000Z
U28231,EZY,London Gatwick,LGW,EGKK,Rhodes,RHO,LGRP,,,15:35,21:40,14:35,18:40,245,1497,12356,5,2026-09-23T20:59:01.000Z
U28763,EZY,London Gatwick,LGW,EGKK,Malta,MLA,LMML,,,15:35,19:50,14:35,17:50,195,1115,12356,4,2026-09-22T19:01:16.000Z
U28765,EZY,London Gatwick,LGW,EGKK,Malta,MLA,LMML,,,15:35,19:50,14:35,17:50,195,1115,34,2,2026-09-24T08:57:48.000Z
U28557,EZY,London Gatwick,LGW,EGKK,Antalya,AYT,LTAI,,,15:35,21:55,14:35,18:55,260,1570,23456,3,2026-09-24T08:57:41.000Z
U28375,EZY,London Gatwick,LGW,EGKK,Milan Linate,LIN,LIML,,,15:40,18:40,14:40,16:40,120,509,12345,3,2026-09-24T08:57:48.000Z
U28147,EJU,London Gatwick,LGW,EGKK,Milan Malpensa,MXP,LIMC,,,15:40,18:40,14:40,16:40,120,485,135,3,2026-09-23T17:59:04.000Z
U28125,EZY,London Gatwick,LGW,EGKK,Lanzarote,ACE,GCRR,,,15:45,20:05,14:45,19:05,260,1464,1234567,7,2026-09-24T08:57:48.000Z
U28327,EZY,London Gatwick,LGW,EGKK,Rome Fiumicino,FCO,LIRF,,,15:45,19:20,14:45,17:20,155,759,3457,3,2026-09-24T08:57:48.000Z
U28149,EJU,London Gatwick,LGW,EGKK,Milan Malpensa,MXP,LIMC,,,15:45,18:45,14:45,16:45,120,485,346,3,2026-09-24T08:57:48.000Z
U28187,EZY,London Gatwick,LGW,EGKK,Athens,ATH,LGAV,,,15:50,21:35,14:50,18:35,225,1292,16,2,2026-09-21T19:59:34.000Z
U28567,EZY,London Gatwick,LGW,EGKK,Dalaman,DLM,LTBS,,,15:55,22:05,14:55,19:05,250,1508,2357,4,2026-09-23T21:02:42.000Z
U2812,EZY,London Gatwick,LGW,EGKK,Edinburgh,EDI,EGPH,,,15:55,17:25,14:55,16:25,90,310,23457,4,2026-09-24T08:57:46.000Z
U28255,EZY,London Gatwick,LGW,EGKK,Rhodes,RHO,LGRP,,,16:00,22:00,15:00,19:00,240,1497,7,1,2026-09-20T20:58:41.000Z
U2810,EZY,London Gatwick,LGW,EGKK,Edinburgh,EDI,EGPH,,,16:05,17:35,15:05,16:35,90,310,157,3,2026-09-21T18:00:31.000Z
U28087,EZY,London Gatwick,LGW,EGKK,Majorca Palma,PMI,LEPA,,,16:05,19:30,15:05,17:30,145,707,13,2,2026-09-21T19:00:12.000Z
U28221,EZY,London Gatwick,LGW,EGKK,Crete Chania,CHQ,LGSA,,,16:10,22:15,15:10,19:15,245,1405,57,2,2026-09-20T21:01:47.000Z
U28073,EZY,London Gatwick,LGW,EGKK,Malaga,AGP,LEMG,,,16:15,20:10,15:15,18:10,175,888,134567,6,2026-09-24T08:57:48.000Z
U28045,EZY,London Gatwick,LGW,EGKK,Murcia Intl,RMU,LEMI,,,16:15,19:50,15:15,17:50,155,802,1567,4,2026-09-21T19:59:41.000Z
U28363,EZY,London Gatwick,LGW,EGKK,Naples,NAP,LIRN,,,16:15,19:55,15:15,17:55,160,860,57,2,2026-08-30T20:00:00.000Z
U28043,EZY,London Gatwick,LGW,EGKK,Fuerteventura,FUE,GCFV,,,16:20,20:35,15:20,19:35,255,1496,2467,4,2026-09-24T08:57:48.000Z
U28793,EZY,London Gatwick,LGW,EGKK,Gibraltar,GIB,LXGB,,,16:20,20:20,15:20,18:20,180,927,1345,3,2026-09-24T08:57:46.000Z
U28505,EZS,London Gatwick,LGW,EGKK,Geneva,GVA,LSGG,,,16:20,19:00,15:20,17:00,100,386,123457,6,2026-09-24T08:57:41.000Z
U28037,EZY,London Gatwick,LGW,EGKK,Tenerife South,TFS,GCTS,,,16:20,20:50,15:20,19:50,270,1573,2456,4,2026-09-24T08:57:48.000Z
U28539,EZY,London Gatwick,LGW,EGKK,Faro,FAO,LPFR,,,16:25,19:20,15:25,18:20,175,911,123456,4,2026-09-23T19:59:16.000Z
U28405,EJU,London Gatwick,LGW,EGKK,Paris Charles de Gaulle,CDG,LFPG,,,16:30,18:50,15:30,16:50,80,166,1234567,4,2026-09-24T08:57:48.000Z
U28421,EZY,London Gatwick,LGW,EGKK,Nice,NCE,LFMN,,,16:30,19:35,15:30,17:35,125,540,136,3,2026-09-23T19:00:11.000Z
U28351,EZY,London Gatwick,LGW,EGKK,Naples,NAP,LIRN,,,16:35,20:20,15:35,18:20,165,860,124,3,2026-09-24T08:57:48.000Z
U28217,EZY,London Gatwick,LGW,EGKK,Crete Heraklion,HER,LGIR,,,16:40,22:40,15:40,19:40,240,1447,124567,4,2026-09-24T08:57:48.000Z
U28603,EZY,London Gatwick,LGW,EGKK,Dubrovnik,DBV,LDDU,,,16:40,20:20,15:40,18:20,160,912,1234567,6,2026-09-24T08:57:45.000Z
U2843,EZY,London Gatwick,LGW,EGKK,Isle of Man,IOM,EGNS,,,16:40,18:00,15:40,17:00,80,239,12357,4,2026-09-23T16:00:48.000Z
U28511,EJU,London Gatwick,LGW,EGKK,Lisbon,LIS,LPPT,,,16:40,19:30,15:40,18:30,170,833,3,1,2026-09-23T19:59:18.000Z
U28599,EZY,London Gatwick,LGW,EGKK,Split,SPU,LDSP,32N,A20N,16:40,20:15,15:40,18:15,155,809,1234567,5,2026-09-24T08:57:48.000Z
U28213,EZY,London Gatwick,LGW,EGKK,Corfu,CFU,LGKR,,,16:45,22:00,15:45,19:00,195,1089,123457,5,2026-09-24T08:57:45.000Z
U2841,EZY,London Gatwick,LGW,EGKK,Isle of Man,IOM,EGNS,,,16:45,18:05,15:45,17:05,80,239,467,3,2026-09-24T08:57:47.000Z
U28061,EZY,London Gatwick,LGW,EGKK,Barcelona,BCN,LEBL,,,16:45,19:55,15:45,17:55,130,599,1234567,4,2026-09-24T08:57:42.000Z
U28309,EJU,London Gatwick,LGW,EGKK,Milan Malpensa,MXP,LIMC,,,16:45,19:40,15:45,17:40,115,485,12567,5,2026-09-22T19:01:17.000Z
U28007,EZY,London Gatwick,LGW,EGKK,Seville,SVQ,LEZL,,,16:55,20:45,15:55,18:45,170,859,12345,5,2026-09-24T08:57:48.000Z
U28347,EZY,London Gatwick,LGW,EGKK,Sardinia Olbia,OLB,LIEO,,,16:55,20:25,15:55,18:25,150,735,12345,3,2026-09-24T08:57:48.000Z
U28051,EZY,London Gatwick,LGW,EGKK,Seville,SVQ,LEZL,,,17:00,20:45,16:00,18:45,165,859,1567,3,2026-09-21T19:59:43.000Z
U28013,EZY,London Gatwick,LGW,EGKK,Valencia,VLC,LEVC,,,17:00,20:25,16:00,18:25,145,700,134567,4,2026-09-24T08:57:48.000Z
U28682,EZY,London Gatwick,LGW,EGKK,Amsterdam,AMS,EHAM,,,17:00,19:20,16:00,17:20,80,197,257,3,2026-09-22T19:01:12.000Z
U28709,EZY,London Gatwick,LGW,EGKK,Marrakech,RAK,GMMX,,,17:00,19:45,16:00,19:45,225,1224,23467,5,2026-09-24T08:57:48.000Z
U2849,EZY,London Gatwick,LGW,EGKK,Inverness,INV,EGPE,,,17:10,18:55,16:10,17:55,105,407,123457,4,2026-09-24T08:57:48.000Z
U28441,EZY,London Gatwick,LGW,EGKK,Marseille Provence,MRS,LFML,,,17:10,20:05,16:10,18:05,115,512,14567,5,2026-09-24T08:57:48.000Z
U28680,EZY,London Gatwick,LGW,EGKK,Amsterdam,AMS,EHAM,,,17:10,19:25,16:10,17:25,75,197,145,3,2026-09-24T08:57:42.000Z
U28329,EZY,London Gatwick,LGW,EGKK,Rome Fiumicino,FCO,LIRF,,,17:10,20:50,16:10,18:50,160,759,123567,6,2026-09-22T20:01:41.000Z
U28049,EZY,London Gatwick,LGW,EGKK,Murcia Intl,RMU,LEMI,,,17:15,20:45,16:15,18:45,150,802,2346,4,2026-09-24T08:57:48.000Z
U28688,EZY,London Gatwick,LGW,EGKK,Amsterdam,AMS,EHAM,,,17:15,19:35,16:15,17:35,80,197,17,2,2026-09-21T19:00:04.000Z
U28011,EZY,London Gatwick,LGW,EGKK,Valencia,VLC,LEVC,,,17:20,20:45,16:20,18:45,145,700,12567,5,2026-09-22T19:58:22.000Z
U28517,EZY,London Gatwick,LGW,EGKK,Lisbon,LIS,LPPT,,,17:20,20:10,16:20,19:10,170,833,124567,2,2026-09-24T08:57:48.000Z
U28139,EZY,London Gatwick,LGW,EGKK,Alicante,ALC,LEAL,,,17:25,21:00,16:25,19:00,155,773,7,1,2026-09-20T21:01:46.000Z
U28473,EZY,London Gatwick,LGW,EGKK,Zurich,ZRH,LSZH,32N,A20N,17:30,20:15,16:30,18:15,105,407,1234567,4,2026-09-24T08:57:48.000Z
U2756,EZY,London Gatwick,LGW,EGKK,Belfast City (George Best),BHD,EGAC,,,17:30,19:10,16:30,18:10,100,293,4,1,2026-08-27T20:00:51.000Z
U28319,EZY,London Gatwick,LGW,EGKK,Pisa (Tuscany),PSA,LIRP,,,17:35,20:50,16:35,18:50,135,620,1234567,6,2026-09-24T08:57:48.000Z
U28089,EZY,London Gatwick,LGW,EGKK,Majorca Palma,PMI,LEPA,,,17:35,20:55,16:35,18:55,140,707,12467,5,2026-09-24T08:57:48.000Z
U28017,EZY,London Gatwick,LGW,EGKK,Madrid,MAD,LEMD,,,17:40,21:10,16:40,19:10,150,655,1234567,5,2026-09-24T08:57:48.000Z
U28495,EZY,London Gatwick,LGW,EGKK,Geneva,GVA,LSGG,,,17:40,20:20,16:40,18:20,100,386,1234567,3,2026-09-24T08:57:41.000Z
U28219,EZY,London Gatwick,LGW,EGKK,Crete Heraklion,HER,LGIR,,,17:45,23:45,16:45,20:45,240,1447,347,3,2026-09-23T21:59:42.000Z
U28295,EZY,London Gatwick,LGW,EGKK,Venice Marco Polo,VCE,LIPZ,,,17:50,21:00,16:50,19:00,130,603,2346,3,2026-09-24T08:57:48.000Z
U28063,EZY,London Gatwick,LGW,EGKK,Barcelona,BCN,LEBL,,,17:50,21:05,16:50,19:05,135,599,157,3,2026-09-21T21:00:57.000Z
U28823,EZY,London Gatwick,LGW,EGKK,Krakow,KRK,EPKK,,,18:00,21:30,17:00,19:30,150,761,157,3,2026-09-21T21:01:02.000Z
U28297,EZY,London Gatwick,LGW,EGKK,Venice Marco Polo,VCE,LIPZ,,,18:00,21:10,17:00,19:10,130,603,1257,2,2026-09-22T20:59:14.000Z
U28109,EZY,London Gatwick,LGW,EGKK,Alicante,ALC,LEAL,,,18:00,21:35,17:00,19:35,155,773,1234567,7,2026-09-24T08:57:48.000Z
U28117,EZY,London Gatwick,LGW,EGKK,Alicante,ALC,LEAL,,,18:00,21:35,17:00,19:35,155,773,12356,3,2026-09-23T21:02:40.000Z
U28684,EZY,London Gatwick,LGW,EGKK,Amsterdam,AMS,EHAM,,,18:00,20:20,17:00,18:20,80,197,1234567,3,2026-09-24T08:57:42.000Z
U28483,EZY,London Gatwick,LGW,EGKK,Basel,BSL,LFSB,,,18:00,20:40,17:00,18:40,100,369,1234567,5,2026-09-24T08:57:48.000Z
U28407,EZY,London Gatwick,LGW,EGKK,Paris Charles de Gaulle,CDG,LFPG,,,18:00,20:20,17:00,18:20,80,166,1234567,5,2026-09-24T08:57:48.000Z
U28783,EZY,London Gatwick,LGW,EGKK,Prague,PRG,LKPR,,,18:10,21:10,17:10,19:10,120,553,13457,3,2026-09-24T08:57:48.000Z
U28103,EZY,London Gatwick,LGW,EGKK,Ibiza,IBZ,LEIB,,,18:10,21:40,17:10,19:40,150,740,13567,5,2026-09-23T20:58:58.000Z
U28393,EZY,London Gatwick,LGW,EGKK,Toulouse,TLS,LFBO,,,18:10,21:00,17:10,19:00,110,456,1356,4,2026-09-23T20:59:03.000Z
U2803,EZY,London Gatwick,LGW,EGKK,Belfast City (George Best),BHD,EGAC,,,18:10,19:40,17:10,18:40,90,293,1234567,7,2026-09-24T08:57:46.000Z
U28575,EZY,London Gatwick,LGW,EGKK,Bodrum,BJV,LTFE,,,18:10,00:10,17:10,21:10,240,1447,7,1,2026-09-20T23:01:41.000Z
U28399,EZY,London Gatwick,LGW,EGKK,Biarritz,BIQ,LFBZ,,,18:10,21:00,17:10,19:00,110,464,2356,4,2026-09-22T21:01:41.000Z
U2871,EZY,London Gatwick,LGW,EGKK,Glasgow,GLA,EGPF,,,18:20,19:50,17:20,18:50,90,321,1457,4,2026-09-24T08:57:46.000Z
U28341,EJU,London Gatwick,LGW,EGKK,Naples,NAP,LIRN,,,18:20,22:00,17:20,20:00,160,860,1234567,4,2026-09-24T08:57:48.000Z
U28559,EZY,London Gatwick,LGW,EGKK,Antalya,AYT,LTAI,,,18:25,00:45,17:25,21:45,260,1570,13567,5,2026-09-23T23:01:22.000Z
U2851,EZY,London Gatwick,LGW,EGKK,Inverness,INV,EGPE,,,18:30,20:10,17:30,19:10,100,407,1234567,2,2026-09-24T08:57:48.000Z
U28261,EZY,London Gatwick,LGW,EGKK,Crete Heraklion,HER,LGIR,,,18:40,00:40,17:40,21:40,240,1447,2,1,2026-09-22T23:00:52.000Z
U28411,EZY,London Gatwick,LGW,EGKK,Paris Charles de Gaulle,CDG,LFPG,,,18:40,21:00,17:40,19:00,80,166,1457,4,2026-09-24T08:57:48.000Z
U28385,EZY,London Gatwick,LGW,EGKK,Bordeaux,BOD,LFBD,,,18:45,21:25,17:45,19:25,100,380,1234567,6,2026-09-24T08:57:48.000Z
U28543,EJU,London Gatwick,LGW,EGKK,Faro,FAO,LPFR,,,18:45,21:40,17:45,20:40,175,911,34567,5,2026-09-24T08:57:48.000Z
U2831,EZY,London Gatwick,LGW,EGKK,Belfast Intl,BFS,EGAA,,,18:55,20:25,17:55,19:25,90,303,123457,5,2026-09-24T08:57:44.000Z
U28447,EZY,London Gatwick,LGW,EGKK,Nantes,NTE,LFRS,,,18:55,21:25,17:55,19:25,90,246,14567,1,2026-09-24T08:57:48.000Z
U2893,EZY,London Gatwick,LGW,EGKK,Belfast City (George Best),BHD,EGAC,,,19:00,20:30,18:00,19:30,90,293,1234567,2,2026-09-24T08:57:48.000Z
U2859,EZY,London Gatwick,LGW,EGKK,Aberdeen,ABZ,EGPD,,,19:05,20:40,18:05,19:40,95,370,1234567,3,2026-09-24T08:57:48.000Z
U28427,EZY,London Gatwick,LGW,EGKK,Nice,NCE,LFMN,,,19:05,22:10,18:05,20:10,125,540,1234567,4,2026-09-24T08:57:48.000Z
U2833,EZY,London Gatwick,LGW,EGKK,Belfast Intl,BFS,EGAA,,,19:10,20:40,18:10,19:40,90,303,345,3,2026-09-24T08:57:48.000Z
U2883,EZY,London Gatwick,LGW,EGKK,Jersey,JER,EGJJ,,,19:15,20:20,18:15,19:20,65,140,1234567,4,2026-09-24T08:57:48.000Z
U2815,EZY,London Gatwick,LGW,EGKK,Edinburgh,EDI,EGPH,,,19:15,20:45,18:15,19:45,90,310,123457,4,2026-09-24T08:57:48.000Z
U2865,EZY,London Gatwick,LGW,EGKK,Glasgow,GLA,EGPF,,,19:20,20:50,18:20,19:50,90,321,23457,3,2026-09-24T08:57:48.000Z
U28119,EZY,London Gatwick,LGW,EGKK,Alicante,ALC,LEAL,,,19:25,23:00,18:25,21:00,155,773,13456,4,2026-09-24T08:57:48.000Z
U28101,EZY,London Gatwick,LGW,EGKK,Ibiza,IBZ,LEIB,,,19:30,23:00,18:30,21:00,150,740,125,3,2026-09-22T23:00:52.000Z
U28409,EZY,London Gatwick,LGW,EGKK,Paris Charles de Gaulle,CDG,LFPG,,,19:35,21:55,18:35,19:55,80,166,1567,4,2026-09-21T21:58:50.000Z
U28157,EZY,London Gatwick,LGW,EGKK,Milan Malpensa,MXP,LIMC,,,19:35,22:30,18:35,20:30,115,485,7,1,2026-09-20T22:00:44.000Z
U28686,EJU,London Gatwick,LGW,EGKK,Amsterdam,AMS,EHAM,,,19:45,22:05,18:45,20:05,80,197,357,3,2026-09-23T21:59:39.000Z
U28627,EJU,London Gatwick,LGW,EGKK,Berlin Brandenburg,BER,EDDB,,,19:50,22:45,18:50,20:45,115,513,123457,3,2026-09-24T08:57:48.000Z
U28075,EJU,London Gatwick,LGW,EGKK,Malaga,AGP,LEMG,,,19:55,23:50,18:55,21:50,175,888,2367,4,2026-09-23T22:59:16.000Z
U28753,EZY,London Gatwick,LGW,EGKK,Burgas,BOJ,LBBG,,,19:55,01:15,18:55,22:15,200,1239,36,2,2026-08-30T00:00:52.000Z
U28434,EJU,London Gatwick,LGW,EGKK,Lyon,LYS,LFLL,,,19:55,22:35,18:55,20:35,100,387,123457,3,2026-09-23T21:59:43.000Z
U28515,EJU,London Gatwick,LGW,EGKK,Lisbon,LIS,LPPT,,,20:00,22:50,19:00,21:50,170,833,1234567,7,2026-09-23T22:59:15.000Z
U28077,EJU,London Gatwick,LGW,EGKK,Malaga,AGP,LEMG,,,20:15,00:10,19:15,22:10,175,888,124567,4,2026-09-23T00:00:10.000Z
U28497,EZS,London Gatwick,LGW,EGKK,Geneva,GVA,LSGG,,,20:15,22:55,19:15,20:55,100,386,123457,1,2026-09-23T21:59:38.000Z
U28311,EJU,London Gatwick,LGW,EGKK,Milan Malpensa,MXP,LIMC,,,20:15,23:10,19:15,21:10,115,485,12357,4,2026-09-23T23:59:06.000Z
U28577,EJU,London Gatwick,LGW,EGKK,Porto,OPO,LPPR,,,20:25,22:55,19:25,21:55,150,690,37,2,2026-09-23T22:59:15.000Z
U28523,EJU,London Gatwick,LGW,EGKK,Porto,OPO,LPPR,,,20:50,23:20,19:50,22:20,150,690,124567,5,2026-09-23T01:01:19.000Z
U2822,EZY,London Gatwick,LGW,EGKK,Belfast Intl,BFS,EGAA,,,20:55,22:25,19:55,21:25,90,303,237,2,2026-09-20T23:01:41.000Z
U2818,EZY,London Gatwick,LGW,EGKK,Edinburgh,EDI,EGPH,,,21:00,22:30,20:00,21:30,90,310,2,1,2026-08-25T23:00:38.000Z
U28091,EJU,London Gatwick,LGW,EGKK,Majorca Palma,PMI,LEPA,,,21:35,00:50,20:35,22:50,135,707,1234567,6,2026-09-24T00:59:26.000Z
U2836,EZY,London Gatwick,LGW,EGKK,Glasgow,GLA,EGPF,,,21:45,23:10,20:45,22:10,85,321,1,1,2026-09-22T00:01:52.000Z
U28307,EJU,London Gatwick,LGW,EGKK,Milan Malpensa,MXP,LIMC,,,21:45,00:40,20:45,22:40,115,485,45,2,2026-09-19T02:58:51.000Z
U28299,EJU,London Gatwick,LGW,EGKK,Milan Malpensa,MXP,LIMC,,,22:00,01:00,21:00,23:00,120,485,47,2,2026-09-18T00:59:05.000Z
U28265,EZY,London Gatwick,LGW,EGKK,Zante Zakynthos,ZTH,LGZA,,,23:55,05:00,22:55,02:00,185,1202,5,1,2026-08-29T03:58:47.000Z
U21612,EJU,Lille,LIL,LFQQ,Nice,NCE,LFMN,,,08:10,09:55,06:10,07:55,105,447,123457,4,2026-09-24T08:57:49.000Z
U21824,EJU,Lille,LIL,LFQQ,Bordeaux,BOD,LFBD,,,13:35,15:00,11:35,13:00,85,377,1457,4,2026-09-21T17:00:12.000Z
U27376,EJU,Lille,LIL,LFQQ,Majorca Palma,PMI,LEPA,,,14:55,17:05,12:55,15:05,130,662,37,2,2026-09-23T17:00:58.000Z
U21344,EZS,Lille,LIL,LFQQ,Geneva,GVA,LSGG,,,17:05,18:20,15:05,16:20,75,286,15,2,2026-08-28T19:02:12.000Z
U27666,EJU,Lille,LIL,LFQQ,Geneva,GVA,LSGG,,,19:15,20:30,17:15,18:30,75,286,5,1,2026-09-18T20:00:21.000Z
U26010,EJU,Lille,LIL,LFQQ,Marrakech,RAK,GMMX,,,19:20,20:55,17:20,20:55,215,1242,37,2,2026-09-23T21:59:43.000Z
U21092,EZS,Lille,LIL,LFQQ,Basel,BSL,LFSB,,,21:05,22:15,19:05,20:15,70,249,5,1,2026-08-28T21:00:10.000Z
U21340,EZS,Lille,LIL,LFQQ,Geneva,GVA,LSGG,,,21:25,22:40,19:25,20:40,75,286,1,1,2026-09-21T23:02:25.000Z
U25524,EJU,Lille,LIL,LFQQ,Alicante,ALC,LEAL,,,21:30,23:55,19:30,21:55,145,754,246,3,2026-09-22T23:00:47.000Z
U21614,EJU,Lille,LIL,LFQQ,Nice,NCE,LFMN,,,21:45,23:30,19:45,21:30,105,447,1367,4,2026-09-21T22:59:34.000Z
U21616,EJU,Lille,LIL,LFQQ,Nice,NCE,LFMN,,,22:25,00:10,20:25,22:10,105,447,23457,4,2026-09-23T21:59:43.000Z
U25405,EJU,Milan Linate,LIN,LIML,Amsterdam,AMS,EHAM,,,06:55,08:50,04:55,06:50,115,449,1234567,3,2026-09-24T07:59:34.000Z
U25409,EJU,Milan Linate,LIN,LIML,Ibiza,IBZ,LEIB,,,06:55,09:00,04:55,07:00,125,528,24567,2,2026-08-30T09:00:37.000Z
U25433,EJU,Milan Linate,LIN,LIML,Brussels Intl,BRU,EBBR,,,07:00,08:35,05:00,06:35,95,379,1234567,2,2026-09-24T07:59:33.000Z
U25403,EJU,Milan Linate,LIN,LIML,Frankfurt International,FRA,EDDF,,,07:00,08:20,05:00,06:20,80,277,1234567,1,2026-09-24T07:59:37.000Z
U25413,EJU,Milan Linate,LIN,LIML,"Figari, Corsica",FSC,LFKF,,,07:00,08:15,05:00,06:15,75,237,3,1,2026-08-26T07:59:33.000Z
U25437,EJU,Milan Linate,LIN,LIML,Luxembourg,LUX,ELLX,,,07:00,08:20,05:00,06:20,80,280,13457,1,2026-09-24T07:59:39.000Z
U25439,EJU,Milan Linate,LIN,LIML,Split,SPU,LDSP,,,07:00,08:45,05:00,06:45,105,322,123457,2,2026-08-30T07:59:44.000Z
U25441,EJU,Milan Linate,LIN,LIML,"Figari, Corsica",FSC,LFKF,,,07:20,08:35,05:20,06:35,75,237,6,1,2026-08-29T09:00:44.000Z
U25467,EJU,Milan Linate,LIN,LIML,Brindisi,BDS,LIBR,,,08:00,09:40,06:00,07:40,100,476,14,1,2026-08-27T09:01:24.000Z
U25426,EJU,Milan Linate,LIN,LIML,Berlin Brandenburg,BER,EDDB,,,08:00,09:40,06:00,07:40,100,447,1234567,3,2026-09-24T08:57:44.000Z
U25429,EJU,Milan Linate,LIN,LIML,Tenerife South,TFS,GCTS,,,08:00,11:35,06:00,10:35,275,1611,26,2,2026-09-22T11:59:57.000Z
U24890,EJU,Milan Linate,LIN,LIML,Paris Orly,ORY,LFPO,,,08:35,10:00,06:35,08:00,85,345,123456,4,2026-09-19T20:59:34.000Z
U27806,EJU,Milan Linate,LIN,LIML,Amsterdam,AMS,EHAM,,,11:00,12:55,09:00,10:55,115,449,1234567,4,2026-09-24T08:57:42.000Z
U25420,EJU,Milan Linate,LIN,LIML,Manchester,MAN,EGCC,,,11:00,12:15,09:00,11:15,135,654,1234567,2,2026-09-24T08:57:48.000Z
U25453,EJU,Milan Linate,LIN,LIML,Porto,OPO,LPPR,,,11:20,13:00,09:20,12:00,160,822,123457,2,2026-09-24T08:57:46.000Z
U25449,EJU,Milan Linate,LIN,LIML,Lisbon,LIS,LPPT,,,11:35,13:30,09:35,12:30,175,910,123457,2,2026-09-24T08:57:48.000Z
U25421,EJU,Milan Linate,LIN,LIML,Edinburgh,EDI,EGPH,,,12:00,13:40,10:00,12:40,160,791,1234567,3,2026-09-24T08:57:46.000Z
U24942,EJU,Milan Linate,LIN,LIML,Paris Orly,ORY,LFPO,,,13:10,14:40,11:10,12:40,90,345,1234567,4,2026-09-24T08:57:48.000Z
U28290,EZY,Milan Linate,LIN,LIML,London Gatwick,LGW,EGKK,,,13:20,14:20,11:20,13:20,120,509,1234567,2,2026-09-24T08:57:48.000Z
U25445,EJU,Milan Linate,LIN,LIML,Vienna,VIE,LOWW,,,13:25,14:50,11:25,12:50,85,340,1234567,2,2026-09-24T08:57:48.000Z
U25072,EJU,Milan Linate,LIN,LIML,Berlin Brandenburg,BER,EDDB,,,16:35,18:15,14:35,16:15,100,447,1234567,4,2026-09-24T08:57:44.000Z
U25415,EJU,Milan Linate,LIN,LIML,Barcelona,BCN,LEBL,,,16:55,18:35,14:55,16:35,100,401,123457,1,2026-09-24T08:57:42.000Z
U27162,EJU,Milan Linate,LIN,LIML,Barcelona,BCN,LEBL,,,16:55,18:30,14:55,16:30,95,401,6,1,2026-09-19T18:59:40.000Z
U25417,EJU,Milan Linate,LIN,LIML,Majorca Palma,PMI,LEPA,,,16:55,18:45,14:55,16:45,110,457,1234567,2,2026-08-30T17:59:32.000Z
U25423,EJU,Milan Linate,LIN,LIML,Berlin Brandenburg,BER,EDDB,,,17:10,18:50,15:10,16:50,100,447,6,1,2026-09-19T18:01:29.000Z
U25443,EJU,Milan Linate,LIN,LIML,Copenhagen,CPH,EKCH,,,17:55,20:00,15:55,18:00,125,624,1234567,3,2026-09-24T08:57:45.000Z
U25427,EJU,Milan Linate,LIN,LIML,Frankfurt International,FRA,EDDF,,,18:00,19:20,16:00,17:20,80,277,1234567,3,2026-09-24T08:57:46.000Z
U25407,EJU,Milan Linate,LIN,LIML,Amsterdam,AMS,EHAM,,,18:35,20:30,16:35,18:30,115,449,123456,2,2026-09-24T08:57:42.000Z
U25465,EJU,Milan Linate,LIN,LIML,Brindisi,BDS,LIBR,,,18:40,20:15,16:40,18:15,95,476,26,2,2026-08-29T19:59:51.000Z
U25459,EJU,Milan Linate,LIN,LIML,Paris Charles de Gaulle,CDG,LFPG,,,18:40,20:20,16:40,18:20,100,348,6,1,2026-09-19T19:59:08.000Z
U25431,EJU,Milan Linate,LIN,LIML,Amsterdam,AMS,EHAM,,,18:50,20:40,16:50,18:40,110,449,7,1,2026-09-20T20:00:34.000Z
U25411,EJU,Milan Linate,LIN,LIML,Brussels Intl,BRU,EBBR,,,19:00,20:35,17:00,18:35,95,379,7,1,2026-09-20T20:00:36.000Z
U25435,EJU,Milan Linate,LIN,LIML,Brussels Intl,BRU,EBBR,,,19:00,20:35,17:00,18:35,95,379,123456,1,2026-09-24T08:57:44.000Z
U28376,EZY,Milan Linate,LIN,LIML,London Gatwick,LGW,EGKK,,,19:15,20:15,17:15,19:15,120,509,12345,1,2026-09-24T08:57:48.000Z
U24564,EJU,Milan Linate,LIN,LIML,Paris Charles de Gaulle,CDG,LFPG,,,19:30,21:05,17:30,19:05,95,348,123457,2,2026-09-24T08:57:48.000Z
U25076,EJU,Milan Linate,LIN,LIML,Berlin Brandenburg,BER,EDDB,,,20:50,22:30,18:50,20:30,100,447,34,1,2026-09-24T08:57:48.000Z
U26680,EZY,Milan Linate,LIN,LIML,Birmingham,BHX,EGBB,,,20:50,22:05,18:50,21:05,135,604,15,1,2026-09-21T22:59:27.000Z
U24560,EJU,Milan Linate,LIN,LIML,Paris Charles de Gaulle,CDG,LFPG,,,20:50,22:25,18:50,20:25,95,348,2,1,2026-09-22T21:58:58.000Z
U24944,EJU,Milan Linate,LIN,LIML,Paris Orly,ORY,LFPO,,,20:55,22:25,18:55,20:25,90,345,1234567,4,2026-09-24T08:57:48.000Z
U27639,EJU,Lisbon,LIS,LPPT,Zurich,ZRH,LSZH,,,06:00,09:45,05:00,07:45,165,930,123457,5,2026-09-24T08:57:50.000Z
U27671,EJU,Lisbon,LIS,LPPT,Menorca Mahon,MAH,LEMH,,,06:00,09:00,05:00,07:00,120,623,234567,5,2026-09-23T19:59:19.000Z
U27695,EJU,Lisbon,LIS,LPPT,Sal - Cape Verde,SID,GVAC,,,06:00,08:20,05:00,09:20,260,1509,23456,4,2026-09-24T08:57:41.000Z
U27663,EJU,Lisbon,LIS,LPPT,Luxembourg,LUX,ELLX,,,06:00,09:40,05:00,07:40,160,924,123457,4,2026-09-24T08:57:48.000Z
U27599,EJU,Lisbon,LIS,LPPT,Lyon,LYS,LFLL,,,06:00,09:15,05:00,07:15,135,756,1357,3,2026-09-21T08:59:49.000Z
U27661,EJU,Lisbon,LIS,LPPT,Bristol,BRS,EGGD,,,06:10,08:40,05:10,07:40,150,803,1,1,2026-09-21T08:59:43.000Z
U27583,EJU,Lisbon,LIS,LPPT,Boa Vista,BVC,GVBA,,,06:10,08:30,05:10,09:30,260,1540,25,2,2026-09-22T11:00:06.000Z
U27681,EJU,Lisbon,LIS,LPPT,Prague,PRG,LKPR,,,06:10,10:40,05:10,08:40,210,1203,1357,2,2026-09-23T09:59:06.000Z
U27641,EJU,Lisbon,LIS,LPPT,Geneva,GVA,LSGG,,,06:10,09:35,05:10,07:35,145,808,3567,3,2026-09-23T20:01:48.000Z
U27701,EJU,Lisbon,LIS,LPPT,Birmingham,BHX,EGBB,,,06:40,09:25,05:40,08:25,165,876,246,2,2026-09-24T08:57:44.000Z
U27649,EJU,Lisbon,LIS,LPPT,Geneva,GVA,LSGG,,,06:40,10:05,05:40,08:05,145,808,4,1,2026-09-24T08:57:41.000Z
U28512,EJU,Lisbon,LIS,LPPT,London Gatwick,LGW,EGKK,,,06:40,09:20,05:40,08:20,160,833,1234567,5,2026-09-24T08:57:48.000Z
U27651,EJU,Lisbon,LIS,LPPT,Madrid,MAD,LEMD,,,07:00,09:15,06:00,07:15,75,277,1234567,2,2026-09-24T08:57:44.000Z
U27703,EJU,Lisbon,LIS,LPPT,Manchester,MAN,EGCC,,,07:05,09:55,06:05,08:55,170,919,246,3,2026-09-24T08:57:49.000Z
U27621,EJU,Lisbon,LIS,LPPT,Madeira Funchal,FNC,LPMA,,,07:10,09:00,06:10,08:00,110,521,1234567,2,2026-09-24T08:57:48.000Z
U21462,EZS,Lisbon,LIS,LPPT,Geneva,GVA,LSGG,,,08:25,11:50,07:25,09:50,145,808,123467,5,2026-09-23T11:01:15.000Z
U21272,EZS,Lisbon,LIS,LPPT,Basel,BSL,LFSB,,,08:35,12:15,07:35,10:15,160,898,14,2,2026-09-24T08:57:48.000Z
U23874,EJU,Lisbon,LIS,LPPT,Milan Malpensa,MXP,LIMC,,,09:15,12:50,08:15,10:50,155,892,1356,4,2026-09-23T12:01:50.000Z
U27669,EJU,Lisbon,LIS,LPPT,Milan Malpensa,MXP,LIMC,,,09:15,12:50,08:15,10:50,155,892,167,3,2026-09-20T11:58:44.000Z
U22210,EZY,Lisbon,LIS,LPPT,Manchester,MAN,EGCC,,,09:40,12:30,08:40,11:30,170,919,13457,5,2026-09-24T08:57:48.000Z
U23322,EZY,Lisbon,LIS,LPPT,Edinburgh,EDI,EGPH,,,09:50,13:10,08:50,12:10,200,1056,2457,4,2026-09-24T08:57:46.000Z
U23434,EZY,Lisbon,LIS,LPPT,Liverpool,LPL,EGGP,,,09:55,12:40,08:55,11:40,165,911,246,3,2026-09-22T13:58:27.000Z
U24426,EJU,Lisbon,LIS,LPPT,Lyon,LYS,LFLL,,,10:00,13:15,09:00,11:15,135,756,123456,4,2026-09-24T08:57:48.000Z
U22460,EZY,Lisbon,LIS,LPPT,London Luton,LTN,EGGW,,,10:30,13:15,09:30,12:15,165,867,1234567,3,2026-09-24T08:57:48.000Z
U27623,EJU,Lisbon,LIS,LPPT,Madeira Funchal,FNC,LPMA,,,10:55,12:45,09:55,11:45,110,521,1234567,5,2026-09-24T08:57:48.000Z
U27605,EJU,Lisbon,LIS,LPPT,Bordeaux,BOD,LFBD,,,11:55,14:45,10:55,12:45,110,523,1234567,6,2026-09-24T08:57:48.000Z
U24764,EJU,Lisbon,LIS,LPPT,Nantes,NTE,LFRS,,,12:10,15:05,11:10,13:05,115,601,45,2,2026-09-24T08:57:48.000Z
U27685,EJU,Lisbon,LIS,LPPT,Marrakech,RAK,GMMX,,,12:30,13:05,11:30,13:05,95,434,12456,5,2026-09-24T08:57:48.000Z
U28510,EJU,Lisbon,LIS,LPPT,London Gatwick,LGW,EGKK,,,13:00,15:40,12:00,14:40,160,833,3,1,2026-09-23T16:00:48.000Z
U23120,EZY,Lisbon,LIS,LPPT,Glasgow,GLA,EGPF,,,13:10,16:15,12:10,15:15,185,1043,37,2,2026-09-23T17:00:55.000Z
U27625,EJU,Lisbon,LIS,LPPT,Madeira Funchal,FNC,LPMA,320,A320,13:20,15:10,12:20,14:10,110,521,1234567,6,2026-09-24T08:57:48.000Z
U27581,EJU,Lisbon,LIS,LPPT,Sao Vicente,VXE,GVSV,,,13:30,15:55,12:30,16:55,265,1560,14,2,2026-09-24T08:57:44.000Z
U27597,EJU,Lisbon,LIS,LPPT,Porto Santo,PXO,LPPS,,,13:50,15:35,12:50,14:35,105,490,23467,5,2026-08-30T15:58:51.000Z
U23872,EJU,Lisbon,LIS,LPPT,Milan Malpensa,MXP,LIMC,,,13:50,17:25,12:50,15:25,155,892,234,2,2026-09-24T08:57:48.000Z
U27677,EJU,Lisbon,LIS,LPPT,Tirana,TIA,LATI,,,13:55,18:30,12:55,16:30,215,1328,26,2,2026-08-29T19:00:35.000Z
U21878,EJU,Lisbon,LIS,LPPT,Bordeaux,BOD,LFBD,,,14:10,17:00,13:10,15:00,110,523,47,2,2026-09-24T08:57:44.000Z
U27585,EJU,Lisbon,LIS,LPPT,Praia,RAI,GVNP,,,14:10,16:40,13:10,17:40,270,1620,37,2,2026-09-23T19:00:12.000Z
U25450,EJU,Lisbon,LIS,LPPT,Milan Linate,LIN,LIML,,,14:15,18:00,13:15,16:00,165,910,123457,3,2026-09-24T08:57:48.000Z
U21466,EZS,Lisbon,LIS,LPPT,Geneva,GVA,LSGG,,,14:35,18:00,13:35,16:00,145,808,2,1,2026-09-22T18:02:38.000Z
U27679,EJU,Lisbon,LIS,LPPT,Basel,BSL,LFSB,,,15:40,19:15,14:40,17:15,155,898,2,1,2026-09-22T16:59:25.000Z
U22462,EZY,Lisbon,LIS,LPPT,London Luton,LTN,EGGW,,,15:45,18:30,14:45,17:30,165,867,1234567,2,2026-09-24T08:57:48.000Z
U27647,EJU,Lisbon,LIS,LPPT,Basel,BSL,LFSB,,,15:55,19:35,14:55,17:35,160,898,6,1,2026-09-19T17:00:13.000Z
U27645,EJU,Lisbon,LIS,LPPT,Basel,BSL,LFSB,,,16:10,19:50,15:10,17:50,160,898,234567,6,2026-09-24T08:57:48.000Z
U27687,EJU,Lisbon,LIS,LPPT,Sicily Palermo,PMO,LICJ,,,16:30,20:30,15:30,18:30,180,1043,25,2,2026-09-22T20:01:39.000Z
U27643,EJU,Lisbon,LIS,LPPT,Geneva,GVA,LSGG,,,16:45,20:10,15:45,18:10,145,808,14567,4,2026-09-24T08:57:41.000Z
U22868,EZY,Lisbon,LIS,LPPT,Bristol,BRS,EGGD,,,16:50,19:25,15:50,18:25,155,803,23457,3,2026-09-24T08:57:44.000Z
U27611,EJU,Lisbon,LIS,LPPT,Nice,NCE,LFMN,320,A320,16:55,20:20,15:55,18:20,145,793,1234567,6,2026-09-24T08:57:48.000Z
U27673,EJU,Lisbon,LIS,LPPT,Milan Malpensa,MXP,LIMC,,,17:00,20:40,16:00,18:40,160,892,123457,3,2026-09-24T08:57:48.000Z
U28514,EJU,Lisbon,LIS,LPPT,London Gatwick,LGW,EGKK,,,17:10,19:50,16:10,18:50,160,833,1234567,7,2026-09-24T08:57:48.000Z
U27603,EJU,Lisbon,LIS,LPPT,Lyon,LYS,LFLL,,,17:35,20:55,16:35,18:55,140,756,7,1,2026-09-20T20:00:40.000Z
U27675,EJU,Lisbon,LIS,LPPT,Majorca Palma,PMI,LEPA,,,17:35,20:30,16:35,18:30,115,554,1234567,6,2026-09-23T19:59:19.000Z
U27627,EJU,Lisbon,LIS,LPPT,Madeira Funchal,FNC,LPMA,,,17:55,19:45,16:55,18:45,110,521,1234567,5,2026-09-24T08:57:48.000Z
U27659,EJU,Lisbon,LIS,LPPT,Bristol,BRS,EGGD,,,18:00,20:35,17:00,19:35,155,803,167,3,2026-09-21T21:00:58.000Z
U27609,EJU,Lisbon,LIS,LPPT,Nantes,NTE,LFRS,,,18:00,20:55,17:00,18:55,115,601,123567,5,2026-09-23T14:59:37.000Z
U27619,EJU,Lisbon,LIS,LPPT,Nantes,NTE,LFRS,,,18:20,21:15,17:20,19:15,115,601,7,1,2026-09-20T20:58:40.000Z
U27655,EJU,Lisbon,LIS,LPPT,Barcelona,BCN,LEBL,,,18:55,21:45,17:55,19:45,110,537,125,3,2026-09-22T21:01:39.000Z
U22464,EZY,Lisbon,LIS,LPPT,London Luton,LTN,EGGW,,,18:55,21:35,17:55,20:35,160,867,24567,4,2026-09-24T08:57:48.000Z
U27653,EJU,Lisbon,LIS,LPPT,Madrid,MAD,LEMD,,,19:00,21:20,18:00,19:20,80,277,15,2,2026-09-21T21:00:58.000Z
U27689,EJU,Lisbon,LIS,LPPT,Madrid,MAD,LEMD,,,19:00,21:20,18:00,19:20,80,277,1234567,7,2026-09-24T08:57:48.000Z
U21464,EZS,Lisbon,LIS,LPPT,Geneva,GVA,LSGG,,,19:25,22:50,18:25,20:50,145,808,1235,4,2026-09-21T22:01:17.000Z
U27657,EJU,Lisbon,LIS,LPPT,Barcelona,BCN,LEBL,,,19:40,22:30,18:40,20:30,110,537,457,3,2026-09-24T08:57:48.000Z
U22870,EZY,Lisbon,LIS,LPPT,Bristol,BRS,EGGD,,,19:45,22:20,18:45,21:20,155,803,257,3,2026-09-18T22:59:16.000Z
U25620,EZY,Lisbon,LIS,LPPT,Newcastle,NCL,EGNT,,,19:45,22:45,18:45,21:45,180,1021,15,2,2026-08-28T23:00:32.000Z
U27214,EJU,Lisbon,LIS,LPPT,Barcelona,BCN,LEBL,,,20:20,23:10,19:20,21:10,110,537,123567,4,2026-09-23T23:01:22.000Z
U28518,EZY,Lisbon,LIS,LPPT,London Gatwick,LGW,EGKK,,,20:45,23:30,19:45,22:30,165,833,124567,1,2026-09-23T00:00:10.000Z
U22466,EZY,Lisbon,LIS,LPPT,London Luton,LTN,EGGW,,,21:35,00:10,20:35,23:10,155,867,13,2,2026-09-24T00:59:25.000Z
U23218,EZY,Ljubljana,LJU,LJLJ,Edinburgh,EDI,EGPH,,,10:50,12:45,08:50,11:45,175,886,36,2,2026-09-23T12:59:23.000Z
U28842,EZY,Ljubljana,LJU,LJLJ,London Gatwick,LGW,EGKK,,,11:00,12:20,09:00,11:20,140,650,1234567,5,2026-09-24T08:57:48.000Z
U28160,EZY,Ljubljana,LJU,LJLJ,London Gatwick,LGW,EGKK,,,16:05,17:30,14:05,16:30,145,650,6,1,2026-08-29T18:00:55.000Z
U22174,EZY,Ljubljana,LJU,LJLJ,Manchester,MAN,EGCC,,,20:20,21:55,18:20,20:55,155,774,15,2,2026-09-21T22:59:34.000Z
U23600,EJU,Sicily Lampedusa,LMP,LICD,Milan Malpensa,MXP,LIMC,,,16:45,18:50,14:45,16:50,125,634,1234567,7,2026-09-23T17:59:04.000Z
U24132,EJU,Sicily Lampedusa,LMP,LICD,Naples,NAP,LIRN,,,16:50,18:20,14:50,16:20,90,333,247,3,2026-08-30T17:59:32.000Z
U23638,EJU,Sicily Lampedusa,LMP,LICD,Milan Malpensa,MXP,LIMC,,,20:50,23:00,18:50,21:00,130,634,2456,4,2026-09-24T08:57:40.000Z
U24388,EJU,Gran Canaria,LPA,GCLP,Lyon,LYS,LFLL,,,10:20,15:10,09:20,13:10,230,1444,6,1,2026-09-19T14:59:41.000Z
U24396,EJU,Gran Canaria,LPA,GCLP,Lyon,LYS,LFLL,,,10:20,15:10,09:20,13:10,230,1444,6,1,2026-08-29T14:59:50.000Z
U24790,EJU,Gran Canaria,LPA,GCLP,Nantes,NTE,LFRS,,,10:45,15:25,09:45,13:25,220,1323,27,2,2026-09-20T14:58:42.000Z
U21382,EZS,Gran Canaria,LPA,GCLP,Geneva,GVA,LSGG,,,11:05,16:05,10:05,14:05,240,1496,36,2,2026-09-23T16:00:44.000Z
U21062,EZS,Gran Canaria,LPA,GCLP,Basel,BSL,LFSB,,,11:15,16:25,10:15,14:25,250,1593,37,2,2026-09-23T12:01:45.000Z
U23784,EJU,Gran Canaria,LPA,GCLP,Milan Malpensa,MXP,LIMC,,,11:30,16:45,10:30,14:45,255,1561,237,2,2026-09-23T16:00:49.000Z
U25726,EZY,Gran Canaria,LPA,GCLP,London Southend,SEN,EGMC,,,12:15,16:35,11:15,15:35,260,1594,357,3,2026-09-23T17:00:57.000Z
U22018,EZY,Gran Canaria,LPA,GCLP,Manchester,MAN,EGCC,,,13:10,17:30,12:10,16:30,260,1633,246,3,2026-09-24T08:57:46.000Z
U25112,EJU,Gran Canaria,LPA,GCLP,Berlin Brandenburg,BER,EDDB,,,15:35,21:35,14:35,19:35,300,1952,1356,4,2026-09-23T21:02:41.000Z
U22362,EZY,Gran Canaria,LPA,GCLP,London Luton,LTN,EGGW,,,16:10,20:20,15:10,19:20,250,1588,34,2,2026-09-24T08:57:46.000Z
U24512,EJU,Gran Canaria,LPA,GCLP,Paris Charles de Gaulle,CDG,LFPG,,,17:50,23:05,16:50,21:05,255,1512,26,2,2026-09-22T23:00:54.000Z
U28134,EZY,Gran Canaria,LPA,GCLP,London Gatwick,LGW,EGKK,,,18:20,22:30,17:20,21:30,250,1554,6,1,2026-09-19T23:00:17.000Z
U23026,EZY,Gran Canaria,LPA,GCLP,Belfast Intl,BFS,EGAA,,,18:50,23:15,17:50,22:15,265,1654,4,1,2026-09-24T08:57:46.000Z
U28132,EZY,Gran Canaria,LPA,GCLP,London Gatwick,LGW,EGKK,,,19:10,23:25,18:10,22:25,255,1554,46,2,2026-09-24T08:57:46.000Z
U23354,EZY,Gran Canaria,LPA,GCLP,Liverpool,LPL,EGGP,,,19:10,23:30,18:10,22:30,260,1623,15,2,2026-09-22T00:01:52.000Z
U26676,EZY,Gran Canaria,LPA,GCLP,Birmingham,BHX,EGBB,,,20:10,00:35,19:10,23:35,265,1593,15,2,2026-09-22T03:02:13.000Z
U28130,EZY,Gran Canaria,LPA,GCLP,London Gatwick,LGW,EGKK,,,20:15,00:25,19:15,23:25,250,1554,12357,4,2026-09-24T00:59:25.000Z
U22310,EZY,Gran Canaria,LPA,GCLP,London Luton,LTN,EGGW,,,20:35,00:45,19:35,23:45,250,1588,1236,3,2026-09-24T01:59:59.000Z
U22736,EZY,Gran Canaria,LPA,GCLP,Bristol,BRS,EGGD,,,21:20,01:20,20:20,00:20,240,1520,136,3,2026-09-24T01:59:54.000Z
U23415,EZY,Liverpool,LPL,EGGP,Marrakech,RAK,GMMX,,,05:55,08:45,04:55,08:45,230,1324,37,2,2026-09-23T09:59:05.000Z
U23367,EZY,Liverpool,LPL,EGGP,Malaga,AGP,LEMG,,,06:00,10:00,05:00,08:00,180,1003,1234567,4,2026-09-24T08:57:49.000Z
U23421,EZY,Liverpool,LPL,EGGP,Faro,FAO,LPFR,,,06:00,08:50,05:00,07:50,170,1003,1234567,6,2026-09-24T08:57:47.000Z
U23359,EZY,Liverpool,LPL,EGGP,Majorca Palma,PMI,LEPA,,,06:00,09:35,05:00,07:35,155,859,1234567,2,2026-09-24T08:57:49.000Z
U23439,EZY,Liverpool,LPL,EGGP,Malta,MLA,LMML,,,06:05,10:30,05:05,08:30,205,1278,26,2,2026-09-22T10:01:20.000Z
U23407,EZY,Liverpool,LPL,EGGP,Bodrum,BJV,LTFE,,,06:10,12:30,05:10,09:30,260,1590,37,2,2026-09-23T11:01:16.000Z
U23433,EZY,Liverpool,LPL,EGGP,Lisbon,LIS,LPPT,,,06:30,09:20,05:30,08:20,170,911,246,3,2026-09-22T10:01:20.000Z
U23357,EZY,Liverpool,LPL,EGGP,Alicante,ALC,LEAL,,,07:00,10:45,06:00,08:45,165,909,1234567,6,2026-09-24T08:57:41.000Z
U2507,EZY,Liverpool,LPL,EGGP,Belfast Intl,BFS,EGAA,,,07:00,07:50,06:00,06:50,50,143,237,3,2026-09-23T08:01:00.000Z
U23405,EZY,Liverpool,LPL,EGGP,Dalaman,DLM,LTBS,,,07:00,13:30,06:00,10:30,270,1651,12456,4,2026-09-24T08:57:45.000Z
U23441,EZY,Liverpool,LPL,EGGP,Amsterdam,AMS,EHAM,,,07:05,09:30,06:05,07:30,85,283,14567,4,2026-09-24T07:59:34.000Z
U23365,EZY,Liverpool,LPL,EGGP,Tenerife South,TFS,GCTS,,,07:05,11:40,06:05,10:40,275,1635,1234567,6,2026-09-24T08:57:50.000Z
U23371,EZY,Liverpool,LPL,EGGP,Barcelona,BCN,LEBL,,,07:10,10:30,06:10,08:30,140,750,1357,4,2026-09-23T10:01:41.000Z
U23385,EZY,Liverpool,LPL,EGGP,Fuerteventura,FUE,GCFV,,,07:15,11:35,06:15,10:35,260,1571,36,2,2026-09-23T12:01:45.000Z
U23489,EZY,Liverpool,LPL,EGGP,Krakow,KRK,EPKK,,,07:25,11:00,06:25,09:00,155,861,15,2,2026-09-21T12:00:52.000Z
U23481,EZY,Liverpool,LPL,EGGP,Crete Heraklion,HER,LGIR,,,07:40,13:55,06:40,10:55,255,1599,24,2,2026-09-24T08:57:47.000Z
U2501,EZY,Liverpool,LPL,EGGP,Belfast Intl,BFS,EGAA,,,08:00,08:50,07:00,07:50,50,143,27,2,2026-09-22T09:01:00.000Z
U278,EZY,Liverpool,LPL,EGGP,Belfast Intl,BFS,EGAA,,,08:20,09:10,07:20,08:10,50,143,1456,3,2026-09-24T08:57:44.000Z
U23391,EZY,Liverpool,LPL,EGGP,Seville,SVQ,LEZL,,,08:55,12:50,07:55,10:50,175,964,47,2,2026-09-24T08:57:48.000Z
U23493,EZY,Liverpool,LPL,EGGP,Prague,PRG,LKPR,,,09:45,12:40,08:45,10:40,115,664,15,2,2026-09-21T12:00:53.000Z
U2531,EZY,Liverpool,LPL,EGGP,Belfast City (George Best),BHD,EGAC,,,10:30,11:20,09:30,10:20,50,132,13456,5,2026-09-24T08:57:46.000Z
U2503,EZY,Liverpool,LPL,EGGP,Belfast Intl,BFS,EGAA,,,10:50,11:40,09:50,10:40,50,143,17,2,2026-09-21T12:00:44.000Z
U2519,EZY,Liverpool,LPL,EGGP,Isle of Man,IOM,EGNS,,,10:55,11:40,09:55,10:40,45,77,6,1,2026-09-19T11:58:49.000Z
U280,EZY,Liverpool,LPL,EGGP,Belfast Intl,BFS,EGAA,,,11:45,12:35,10:45,11:35,50,143,456,3,2026-09-24T08:57:44.000Z
U2535,EZY,Liverpool,LPL,EGGP,Jersey,JER,EGJJ,,,12:40,13:50,11:40,12:50,70,249,2,1,2026-09-22T15:02:24.000Z
U23361,EZY,Liverpool,LPL,EGGP,Majorca Palma,PMI,LEPA,,,12:50,16:25,11:50,14:25,155,859,124567,6,2026-09-24T08:57:48.000Z
U23383,EZY,Liverpool,LPL,EGGP,Almeria,LEI,LEAM,,,12:55,16:50,11:55,14:50,175,990,26,2,2026-09-22T15:59:59.000Z
U23373,EZY,Liverpool,LPL,EGGP,Malaga,AGP,LEMG,,,13:30,17:30,12:30,15:30,180,1003,3,1,2026-08-26T16:58:48.000Z
U23497,EZY,Liverpool,LPL,EGGP,Hurghada,HRG,HEGN,,,13:35,21:15,12:35,18:15,340,2256,247,2,2026-09-24T08:57:47.000Z
U23473,EZY,Liverpool,LPL,EGGP,Nice,NCE,LFMN,,,13:35,16:55,12:35,14:55,140,704,6,1,2026-09-19T15:59:15.000Z
U23451,EZY,Liverpool,LPL,EGGP,Cyprus Larnaca,LCA,LCLK,,,13:45,20:40,12:45,17:40,295,1892,246,2,2026-09-24T08:57:48.000Z
U23401,EZY,Liverpool,LPL,EGGP,Antalya,AYT,LTAI,,,13:50,20:25,12:50,17:25,275,1709,2356,4,2026-09-23T19:00:05.000Z
U23353,EZY,Liverpool,LPL,EGGP,Gran Canaria,LPA,GCLP,,,13:55,18:20,12:55,17:20,265,1623,15,2,2026-09-21T19:00:09.000Z
U23455,EZY,Liverpool,LPL,EGGP,Sharm El Sheikh,SSH,HESH,,,14:25,21:50,13:25,18:50,325,2236,135,3,2026-09-23T20:59:01.000Z
U23485,EZY,Liverpool,LPL,EGGP,Kos,KGS,LGKO,,,14:45,21:00,13:45,18:00,255,1592,27,2,2026-09-22T20:01:40.000Z
U2515,EZY,Liverpool,LPL,EGGP,Isle of Man,IOM,EGNS,,,14:45,15:25,13:45,14:25,40,77,1457,4,2026-09-24T08:57:47.000Z
U2509,EZY,Liverpool,LPL,EGGP,Belfast Intl,BFS,EGAA,,,14:50,15:40,13:50,14:40,50,143,1347,4,2026-09-23T16:00:44.000Z
U25547,EJU,Liverpool,LPL,EGGP,Alicante,ALC,LEAL,,,15:00,18:45,14:00,16:45,165,909,1,1,2026-09-21T18:00:28.000Z
U27280,EJU,Liverpool,LPL,EGGP,Majorca Palma,PMI,LEPA,,,15:10,18:45,14:10,16:45,155,859,34,2,2026-09-23T17:59:05.000Z
U282,EZY,Liverpool,LPL,EGGP,Belfast Intl,BFS,EGAA,,,15:10,16:00,14:10,15:00,50,143,234567,5,2026-09-24T08:57:44.000Z
U2533,EZY,Liverpool,LPL,EGGP,Belfast City (George Best),BHD,EGAC,,,15:25,16:15,14:25,15:15,50,132,7,1,2026-09-20T17:00:20.000Z
U23487,EZY,Liverpool,LPL,EGGP,Naples,NAP,LIRN,,,16:20,20:15,15:20,18:15,175,1019,15,2,2026-09-21T19:59:41.000Z
U23363,EZY,Liverpool,LPL,EGGP,Lanzarote,ACE,GCRR,,,16:35,20:55,15:35,19:55,260,1539,36,2,2026-09-23T20:58:59.000Z
U23483,EZY,Liverpool,LPL,EGGP,Corfu,CFU,LGKR,,,16:35,22:00,15:35,19:00,205,1242,37,2,2026-09-23T21:02:42.000Z
U23431,EZY,Liverpool,LPL,EGGP,Split,SPU,LDSP,,,16:40,20:25,15:40,18:25,165,958,15,2,2026-09-21T19:59:42.000Z
U2541,EZY,Liverpool,LPL,EGGP,Derry - Londonderry,LDY,EGAE,,,17:05,18:10,16:05,17:10,65,183,1457,4,2026-09-24T08:57:45.000Z
U2527,EZY,Liverpool,LPL,EGGP,Jersey,JER,EGJJ,,,17:25,18:35,16:25,17:35,70,249,134567,6,2026-09-24T08:57:48.000Z
U2511,EZY,Liverpool,LPL,EGGP,Belfast Intl,BFS,EGAA,,,17:50,18:40,16:50,17:40,50,143,123457,6,2026-09-23T19:00:05.000Z
U23369,EZY,Liverpool,LPL,EGGP,Malaga,AGP,LEMG,,,17:55,21:50,16:55,19:50,175,1003,23467,4,2026-09-24T08:57:48.000Z
U23377,EZY,Liverpool,LPL,EGGP,Alicante,ALC,LEAL,,,18:15,22:00,17:15,20:00,165,909,23467,5,2026-09-24T08:57:48.000Z
U23471,EZY,Liverpool,LPL,EGGP,Nice,NCE,LFMN,,,18:15,21:35,17:15,19:35,140,704,123457,6,2026-09-24T08:57:48.000Z
U23491,EZY,Liverpool,LPL,EGGP,Enfidha - Hammamet,NBE,DTNH,,,18:20,21:40,17:20,20:40,200,1177,246,3,2026-09-24T08:57:48.000Z
U23475,EZY,Liverpool,LPL,EGGP,Paris Charles de Gaulle,CDG,LFPG,,,18:55,21:25,17:55,19:25,90,330,13457,4,2026-09-24T08:57:48.000Z
U23425,EZY,Liverpool,LPL,EGGP,Faro,FAO,LPFR,,,19:35,22:30,18:35,21:30,175,1003,1234567,7,2026-09-24T08:57:48.000Z
U27250,EJU,Liverpool,LPL,EGGP,Majorca Palma,PMI,LEPA,,,21:10,00:45,20:10,22:45,155,859,2,1,2026-09-23T00:00:11.000Z
U284,EZY,Liverpool,LPL,EGGP,Belfast Intl,BFS,EGAA,,,22:20,23:10,21:20,22:10,50,143,3,1,2026-08-26T23:59:34.000Z
U24302,EJU,La Rochelle,LRH,LFBH,Lyon,LYS,LFLL,,,08:45,09:50,06:45,07:50,65,264,135,3,2026-09-21T12:00:52.000Z
U22102,EZY,La Rochelle,LRH,LFBH,Manchester,MAN,EGCC,,,09:35,10:05,07:35,09:05,90,433,36,2,2026-08-29T11:01:28.000Z
U28452,EZY,La Rochelle,LRH,LFBH,London Gatwick,LGW,EGKK,,,11:25,11:50,09:25,10:50,85,301,1234567,6,2026-09-23T12:01:50.000Z
U22772,EZY,La Rochelle,LRH,LFBH,Bristol,BRS,EGGD,,,16:40,17:00,14:40,16:00,80,318,36,2,2026-08-29T19:59:51.000Z
U21346,EZS,La Rochelle,LRH,LFBH,Geneva,GVA,LSGG,,,17:10,18:25,15:10,16:25,75,303,26,2,2026-09-22T18:02:38.000Z
U22335,EZY,London Luton,LTN,EGGW,Malaga,AGP,LEMG,,,05:55,09:50,04:55,07:50,175,929,1234567,6,2026-09-24T08:57:49.000Z
U22511,EZY,London Luton,LTN,EGGW,Amsterdam,AMS,EHAM,,,06:00,08:15,05:00,06:15,75,191,1234567,2,2026-09-24T07:59:34.000Z
U22329,EZY,London Luton,LTN,EGGW,Majorca Palma,PMI,LEPA,,,06:00,09:25,05:00,07:25,145,751,123467,1,2026-09-24T08:57:49.000Z
U22313,EZY,London Luton,LTN,EGGW,Alicante,ALC,LEAL,,,06:05,09:45,05:05,07:45,160,816,1234567,3,2026-09-24T08:57:41.000Z
U22319,EZY,London Luton,LTN,EGGW,Menorca Mahon,MAH,LEMH,,,06:05,09:30,05:05,07:30,145,746,12567,4,2026-09-20T08:59:53.000Z
U22353,EZY,London Luton,LTN,EGGW,Reus,REU,LERS,,,06:05,09:10,05:05,07:10,125,647,26,2,2026-09-22T09:01:06.000Z
U22357,EZY,London Luton,LTN,EGGW,Almeria,LEI,LEAM,,,06:05,10:00,05:05,08:00,175,906,37,2,2026-09-23T10:01:39.000Z
U22433,EZY,London Luton,LTN,EGGW,Paris Charles de Gaulle,CDG,LFPG,,,06:05,08:30,05:05,06:30,85,205,1234567,3,2026-09-24T07:59:40.000Z
U22493,EZY,London Luton,LTN,EGGW,Naples,NAP,LIRN,,,06:05,09:55,05:05,07:55,170,893,124567,5,2026-09-24T08:57:49.000Z
U22635,EZY,London Luton,LTN,EGGW,Reykjavik Keflavik,KEF,BIKF,,,06:15,08:20,05:15,08:20,185,1005,37,2,2026-09-23T09:59:04.000Z
U22489,EZY,London Luton,LTN,EGGW,Pisa (Tuscany),PSA,LIRP,,,06:15,09:35,05:15,07:35,140,655,1457,4,2026-09-24T08:57:49.000Z
U22621,EZY,London Luton,LTN,EGGW,Agadir,AGA,GMAD,,,06:20,09:10,05:20,09:10,230,1355,2357,3,2026-09-23T11:01:15.000Z
U22571,EZY,London Luton,LTN,EGGW,Pula,PUY,LDPL,,,06:20,09:30,05:20,07:30,130,705,26,2,2026-09-22T09:01:05.000Z
U22457,EZY,London Luton,LTN,EGGW,Porto,OPO,LPPR,,,06:20,08:45,05:20,07:45,145,723,13567,5,2026-09-23T09:59:02.000Z
U22573,EZY,London Luton,LTN,EGGW,Split,SPU,LDSP,,,06:20,09:55,05:20,07:55,155,836,1234567,4,2026-09-24T08:57:50.000Z
U22431,EZY,London Luton,LTN,EGGW,Lyon,LYS,LFLL,,,06:25,09:10,05:25,07:10,105,427,123457,6,2026-09-23T09:00:42.000Z
U22451,EZY,London Luton,LTN,EGGW,Faro,FAO,LPFR,,,06:40,09:35,05:40,08:35,175,949,1234567,3,2026-09-24T08:57:47.000Z
U22637,EZY,London Luton,LTN,EGGW,Tivat,TIV,LYTV,,,06:55,10:50,05:55,08:50,175,960,14567,5,2026-09-24T08:57:50.000Z
U22557,EZY,London Luton,LTN,EGGW,Dalaman,DLM,LTBS,,,07:00,13:15,06:00,10:15,255,1532,47,2,2026-09-24T08:57:45.000Z
U22349,EZY,London Luton,LTN,EGGW,Murcia Intl,RMU,LEMI,,,07:00,10:40,06:00,08:40,160,845,26,1,2026-09-22T10:01:22.000Z
U22323,EZY,London Luton,LTN,EGGW,Barcelona,BCN,LEBL,,,07:00,10:15,06:00,08:15,135,643,1234567,2,2026-09-24T08:57:42.000Z
U22459,EZY,London Luton,LTN,EGGW,Lisbon,LIS,LPPT,,,07:00,09:55,06:00,08:55,175,867,1234567,3,2026-09-24T08:57:49.000Z
U22425,EZY,London Luton,LTN,EGGW,Nice,NCE,LFMN,,,07:00,10:10,06:00,08:10,130,580,123456,3,2026-09-24T08:57:49.000Z
U22303,EZY,London Luton,LTN,EGGW,Tenerife South,TFS,GCTS,,,07:00,11:35,06:00,10:35,275,1605,123457,4,2026-09-24T08:57:48.000Z
U2615,EZY,London Luton,LTN,EGGW,Aberdeen,ABZ,EGPD,,,07:05,08:35,06:05,07:35,90,326,13457,4,2026-09-24T08:57:41.000Z
U2629,EZY,London Luton,LTN,EGGW,Belfast Intl,BFS,EGAA,,,07:05,08:25,06:05,07:25,80,268,24567,3,2026-09-24T08:57:44.000Z
U22561,EZY,London Luton,LTN,EGGW,Izmir,ADB,LTBJ,,,07:10,13:10,06:10,10:10,240,1410,36,2,2026-09-23T12:01:48.000Z
U22591,EZY,London Luton,LTN,EGGW,Cyprus Paphos,PFO,LCPH,,,07:10,13:45,06:10,10:45,275,1743,12346,4,2026-09-24T08:57:48.000Z
U22553,EZY,London Luton,LTN,EGGW,Bodrum,BJV,LTFE,,,07:10,13:15,06:10,10:15,245,1471,256,3,2026-09-22T11:59:49.000Z
U22361,EZY,London Luton,LTN,EGGW,Gran Canaria,LPA,GCLP,,,07:15,11:45,06:15,10:45,270,1588,3,1,2026-08-26T12:59:03.000Z
U22311,EZY,London Luton,LTN,EGGW,Fuerteventura,FUE,GCFV,,,07:15,11:40,06:15,10:40,265,1531,257,2,2026-09-22T11:59:52.000Z
U22423,EZY,London Luton,LTN,EGGW,Bordeaux,BOD,LFBD,,,07:15,09:55,06:15,07:55,100,423,1234567,7,2026-09-24T08:57:44.000Z
U22485,EZY,London Luton,LTN,EGGW,Milan Malpensa,MXP,LIMC,,,07:15,10:25,06:15,08:25,130,519,1347,3,2026-09-24T08:57:49.000Z
U22623,EZY,London Luton,LTN,EGGW,Marrakech,RAK,GMMX,,,07:15,10:00,06:15,10:00,225,1263,1357,4,2026-09-23T12:01:50.000Z
U22341,EZY,London Luton,LTN,EGGW,Tenerife South,TFS,GCTS,32N,A20N,07:15,11:50,06:15,10:50,275,1605,246,3,2026-09-24T08:57:48.000Z
U22639,EZY,London Luton,LTN,EGGW,Enfidha - Hammamet,NBE,DTNH,,,07:30,10:45,06:30,09:45,195,1055,23456,5,2026-09-24T08:57:46.000Z
U22395,EZY,London Luton,LTN,EGGW,Corfu,CFU,LGKR,,,07:30,12:55,06:30,09:55,205,1118,1234567,6,2026-09-24T08:57:45.000Z
U22533,EZY,London Luton,LTN,EGGW,Geneva,GVA,LSGG,,,07:30,10:15,06:30,08:15,105,423,1567,3,2026-09-21T09:59:46.000Z
U22471,EZY,London Luton,LTN,EGGW,Madeira Funchal,FNC,LPMA,,,07:35,11:35,06:35,10:35,240,1356,135,3,2026-09-23T12:01:50.000Z
U2609,EZY,London Luton,LTN,EGGW,Glasgow,GLA,EGPF,,,07:40,09:00,06:40,08:00,80,280,13467,5,2026-09-24T08:57:46.000Z
U2302,EZY,London Luton,LTN,EGGW,Edinburgh,EDI,EGPH,,,07:55,09:15,06:55,08:15,80,267,12345,3,2026-09-24T08:57:46.000Z
U22491,EZY,London Luton,LTN,EGGW,Sicily Catania,CTA,LICC,,,08:00,12:15,07:00,10:15,195,1083,1357,3,2026-09-23T11:01:16.000Z
U22647,EZY,London Luton,LTN,EGGW,Cairo Sphinx,SPX,HESX,,,08:20,15:25,07:20,12:25,305,1901,347,3,2026-09-24T08:57:46.000Z
U23081,EZY,London Luton,LTN,EGGW,Malaga,AGP,LEMG,,,08:45,12:40,07:45,10:40,175,929,123,2,2026-09-23T12:01:50.000Z
U2402,EZY,London Luton,LTN,EGGW,Glasgow,GLA,EGPF,,,08:50,10:10,07:50,09:10,80,280,123456,1,2026-09-23T11:01:18.000Z
U21546,EZS,London Luton,LTN,EGGW,Geneva,GVA,LSGG,,,09:05,11:50,08:05,09:50,105,423,3,1,2026-08-26T10:59:33.000Z
U27252,EJU,London Luton,LTN,EGGW,Majorca Palma,PMI,LEPA,,,09:20,12:50,08:20,10:50,150,751,1234567,6,2026-09-23T11:58:40.000Z
U22515,EZY,London Luton,LTN,EGGW,Amsterdam,AMS,EHAM,,,09:30,11:45,08:30,09:45,75,191,124567,4,2026-09-24T08:57:42.000Z
U2621,EZY,London Luton,LTN,EGGW,Inverness,INV,EGPE,,,09:40,11:10,08:40,10:10,90,363,1234567,6,2026-09-24T07:59:38.000Z
U22435,EZY,London Luton,LTN,EGGW,Paris Charles de Gaulle,CDG,LFPG,,,09:50,12:15,08:50,10:15,85,205,156,3,2026-09-21T12:00:53.000Z
U2625,EZY,London Luton,LTN,EGGW,Belfast City (George Best),BHD,EGAC,,,09:55,11:15,08:55,10:15,80,257,247,3,2026-09-24T08:57:46.000Z
U22373,EZY,London Luton,LTN,EGGW,Prague,PRG,LKPR,,,10:40,13:40,09:40,11:40,120,562,1457,4,2026-09-24T08:57:48.000Z
U22363,EZY,London Luton,LTN,EGGW,Ibiza,IBZ,LEIB,,,10:45,14:25,09:45,12:25,160,784,6,1,2026-09-19T13:59:13.000Z
U22427,EZY,London Luton,LTN,EGGW,Nice,NCE,LFMN,,,10:50,14:00,09:50,12:00,130,580,7,1,2026-09-20T13:58:49.000Z
U2631,EZY,London Luton,LTN,EGGW,Belfast Intl,BFS,EGAA,,,11:00,12:20,10:00,11:20,80,268,467,3,2026-09-24T08:57:44.000Z
U2637,EZY,London Luton,LTN,EGGW,Jersey,JER,EGJJ,,,11:10,12:15,10:10,11:15,65,175,4567,3,2026-09-24T08:57:48.000Z
U22565,EZY,London Luton,LTN,EGGW,Antalya,AYT,LTAI,,,11:40,18:05,10:40,15:05,265,1592,4,1,2026-09-24T08:57:41.000Z
U218,EZY,London Luton,LTN,EGGW,Belfast Intl,BFS,EGAA,,,11:45,13:05,10:45,12:05,80,268,157,3,2026-09-21T13:59:24.000Z
U22613,EZY,London Luton,LTN,EGGW,Hurghada,HRG,HEGN,,,12:00,19:30,11:00,16:30,330,2134,123467,5,2026-09-24T08:57:47.000Z
U22305,EZY,London Luton,LTN,EGGW,Ibiza,IBZ,LEIB,,,12:00,15:35,11:00,13:35,155,784,237,3,2026-09-23T14:59:33.000Z
U22453,EZY,London Luton,LTN,EGGW,Faro,FAO,LPFR,,,12:05,15:00,11:05,14:00,175,949,1234567,5,2026-09-24T08:57:47.000Z
U22461,EZY,London Luton,LTN,EGGW,Lisbon,LIS,LPPT,,,12:15,15:10,11:15,14:10,175,867,1234567,3,2026-09-24T08:57:48.000Z
U22331,EZY,London Luton,LTN,EGGW,Majorca Palma,PMI,LEPA,,,12:20,15:50,11:20,13:50,150,751,1234567,5,2026-09-24T08:57:48.000Z
U22649,EZY,London Luton,LTN,EGGW,Tbilisi,TBS,UGTB,,,12:35,20:35,11:35,16:35,300,1926,26,2,2026-09-22T18:02:44.000Z
U22345,EZY,London Luton,LTN,EGGW,Alicante,ALC,LEAL,,,12:40,16:20,11:40,14:20,160,816,1,1,2026-08-24T18:01:30.000Z
U2611,EZY,London Luton,LTN,EGGW,Glasgow,GLA,EGPF,,,12:40,14:00,11:40,13:00,80,280,457,3,2026-09-24T08:57:46.000Z
U22321,EZY,London Luton,LTN,EGGW,Menorca Mahon,MAH,LEMH,319,A319,12:45,16:15,11:45,14:15,150,746,23456,5,2026-09-23T16:00:49.000Z
U22325,EZY,London Luton,LTN,EGGW,Barcelona,BCN,LEBL,,,12:50,16:05,11:50,14:05,135,643,1234567,7,2026-09-24T08:57:42.000Z
U22517,EZY,London Luton,LTN,EGGW,Amsterdam,AMS,EHAM,,,12:55,15:05,11:55,13:05,70,191,1234567,6,2026-09-23T14:59:28.000Z
U2627,EZY,London Luton,LTN,EGGW,Belfast Intl,BFS,EGAA,,,13:15,14:35,12:15,13:35,80,268,123,2,2026-09-23T14:59:29.000Z
U2601,EZY,London Luton,LTN,EGGW,Edinburgh,EDI,EGPH,,,13:25,14:45,12:25,13:45,80,267,1234567,7,2026-09-24T08:57:46.000Z
U22537,EZY,London Luton,LTN,EGGW,Geneva,GVA,LSGG,,,13:30,16:15,12:30,14:15,105,423,1234567,6,2026-09-24T08:57:41.000Z
U22611,EZY,London Luton,LTN,EGGW,Sharm El Sheikh,SSH,HESH,,,13:40,21:10,12:40,18:10,330,2115,12346,5,2026-09-24T08:57:48.000Z
U22365,EZY,London Luton,LTN,EGGW,Madrid,MAD,LEMD,,,13:40,17:10,12:40,15:10,150,696,1234567,6,2026-09-24T08:57:44.000Z
U2645,EZY,London Luton,LTN,EGGW,Belfast City (George Best),BHD,EGAC,,,13:40,14:55,12:40,13:55,75,257,123457,6,2026-09-24T08:57:46.000Z
U22381,EZY,London Luton,LTN,EGGW,Rhodes,RHO,LGRP,,,13:45,20:00,12:45,17:00,255,1522,13457,5,2026-09-24T08:57:48.000Z
U22301,EZY,London Luton,LTN,EGGW,Lanzarote,ACE,GCRR,,,13:50,18:05,12:50,17:05,255,1498,2457,4,2026-09-24T08:57:48.000Z
U22369,EZY,London Luton,LTN,EGGW,Barcelona,BCN,LEBL,,,13:50,17:05,12:50,15:05,135,643,5,1,2026-09-18T18:00:55.000Z
U22401,EZY,London Luton,LTN,EGGW,Rhodes,RHO,LGRP,,,13:50,20:05,12:50,17:05,255,1522,26,2,2026-09-22T19:01:17.000Z
U22337,EZY,London Luton,LTN,EGGW,Malaga,AGP,LEMG,,,13:55,17:55,12:55,15:55,180,929,4567,4,2026-09-20T18:00:29.000Z
U2633,EZY,London Luton,LTN,EGGW,Belfast Intl,BFS,EGAA,,,13:55,15:15,12:55,14:15,80,268,234,3,2026-09-24T08:57:44.000Z
U22437,EZY,London Luton,LTN,EGGW,Paris Charles de Gaulle,CDG,LFPG,32N,A20N,13:55,16:20,12:55,14:20,85,205,123457,5,2026-09-23T12:59:27.000Z
U22387,EZY,London Luton,LTN,EGGW,Crete Chania,CHQ,LGSA,,,14:25,20:30,13:25,17:30,245,1435,135,2,2026-09-23T11:01:16.000Z
U22659,EZY,London Luton,LTN,EGGW,Basel,BSL,LFSB,,,14:25,17:00,13:25,15:00,95,399,47,2,2026-08-30T15:01:57.000Z
U22593,EZY,London Luton,LTN,EGGW,Cyprus Larnaca,LCA,LCLK,,,14:35,21:20,13:35,18:20,285,1775,2346,4,2026-09-24T08:57:48.000Z
U22385,EZY,London Luton,LTN,EGGW,Zante Zakynthos,ZTH,LGZA,,,14:45,20:20,13:45,17:20,215,1232,136,3,2026-09-23T19:00:12.000Z
U22355,EZY,London Luton,LTN,EGGW,Majorca Palma,PMI,LEPA,,,14:50,18:20,13:50,16:20,150,751,5,1,2026-09-18T18:01:03.000Z
U22543,EZY,London Luton,LTN,EGGW,Munich,MUC,EDDM,,,14:55,17:50,13:55,15:50,115,513,3457,4,2026-09-24T08:57:48.000Z
U22481,EZY,London Luton,LTN,EGGW,Sardinia Olbia,OLB,LIEO,,,14:55,18:30,13:55,16:30,155,774,26,2,2026-09-22T19:01:17.000Z
U22309,EZY,London Luton,LTN,EGGW,Gran Canaria,LPA,GCLP,,,15:25,19:55,14:25,18:55,270,1588,12346,4,2026-09-24T08:57:48.000Z
U22551,EZY,London Luton,LTN,EGGW,Antalya,AYT,LTAI,,,15:25,21:50,14:25,18:50,265,1592,1356,4,2026-09-23T20:01:48.000Z
U22463,EZY,London Luton,LTN,EGGW,Lisbon,LIS,LPPT,,,15:25,18:20,14:25,17:20,175,867,24567,3,2026-09-24T08:57:48.000Z
U22567,EZY,London Luton,LTN,EGGW,Pisa (Tuscany),PSA,LIRP,,,15:30,18:50,14:30,16:50,140,655,6,1,2026-09-19T18:59:46.000Z
U22391,EZY,London Luton,LTN,EGGW,Crete Heraklion,HER,LGIR,,,15:50,21:55,14:50,18:55,245,1476,136,3,2026-09-23T19:59:17.000Z
U22393,EZY,London Luton,LTN,EGGW,Corfu,CFU,LGKR,,,15:50,21:15,14:50,18:15,205,1118,4,1,2026-08-27T20:00:50.000Z
U22519,EZY,London Luton,LTN,EGGW,Amsterdam,AMS,EHAM,,,16:00,18:10,15:00,16:10,70,191,123457,6,2026-09-22T21:01:40.000Z
U22559,EZY,London Luton,LTN,EGGW,Bodrum,BJV,LTFE,,,16:10,22:15,15:10,19:15,245,1471,1,1,2026-09-21T21:00:58.000Z
U22555,EZY,London Luton,LTN,EGGW,Dalaman,DLM,LTBS,,,16:50,23:05,15:50,20:05,255,1532,12356,5,2026-09-23T21:59:40.000Z
U2639,EZY,London Luton,LTN,EGGW,Jersey,JER,EGJJ,,,16:50,17:55,15:50,16:55,65,175,12357,4,2026-09-23T17:00:57.000Z
U22641,EZY,London Luton,LTN,EGGW,Enfidha - Hammamet,NBE,DTNH,,,17:00,20:15,16:00,19:15,195,1055,17,2,2026-09-21T21:01:00.000Z
U22343,EZY,London Luton,LTN,EGGW,Majorca Palma,PMI,LEPA,,,17:00,20:25,16:00,18:25,145,751,67,2,2026-09-20T20:58:41.000Z
U22495,EZY,London Luton,LTN,EGGW,Sicily Palermo,PMO,LICJ,,,17:10,21:10,16:10,19:10,180,998,246,2,2026-09-24T08:57:48.000Z
U22403,EZY,London Luton,LTN,EGGW,Crete Chania,CHQ,LGSA,,,17:25,23:20,16:25,20:20,235,1435,7,1,2026-09-20T22:00:39.000Z
U22455,EZY,London Luton,LTN,EGGW,Faro,FAO,LPFR,,,17:25,20:20,16:25,19:20,175,949,1234567,4,2026-09-24T08:57:47.000Z
U22575,EZY,London Luton,LTN,EGGW,Split,SPU,LDSP,,,17:25,21:00,16:25,19:00,155,836,1234567,6,2026-09-24T08:57:48.000Z
U22333,EZY,London Luton,LTN,EGGW,Majorca Palma,PMI,LEPA,,,17:40,21:05,16:40,19:05,145,751,12345,5,2026-09-24T08:57:48.000Z
U2404,EZY,London Luton,LTN,EGGW,Glasgow,GLA,EGPF,,,17:45,19:00,16:45,18:00,75,280,126,3,2026-09-22T20:01:39.000Z
U22627,EZY,London Luton,LTN,EGGW,Djerba–Zarzis,DJE,DTTJ,,,18:00,21:25,17:00,20:25,205,1184,26,2,2026-09-22T22:01:41.000Z
U22531,EZY,London Luton,LTN,EGGW,Zurich,ZRH,LSZH,,,18:05,20:50,17:05,18:50,105,436,1457,3,2026-09-24T08:57:48.000Z
U22327,EZY,London Luton,LTN,EGGW,Barcelona,BCN,LEBL,,,18:05,21:20,17:05,19:20,135,643,17,2,2026-09-21T21:00:57.000Z
U22465,EZY,London Luton,LTN,EGGW,Lisbon,LIS,LPPT,,,18:10,21:00,17:10,20:00,170,867,13,2,2026-09-23T21:59:43.000Z
U22429,EZY,London Luton,LTN,EGGW,Nice,NCE,LFMN,,,18:10,21:15,17:10,19:15,125,580,23467,4,2026-09-23T20:59:00.000Z
U22603,EZY,London Luton,LTN,EGGW,Berlin Brandenburg,BER,EDDB,,,18:20,21:05,17:20,19:05,105,511,14567,3,2026-09-24T08:57:48.000Z
U2623,EZY,London Luton,LTN,EGGW,Inverness,INV,EGPE,,,18:35,20:05,17:35,19:05,90,363,123457,6,2026-09-24T08:57:48.000Z
U22375,EZY,London Luton,LTN,EGGW,Bordeaux,BOD,LFBD,,,18:50,21:40,17:50,19:40,110,423,15,2,2026-09-21T21:00:58.000Z
U22521,EZY,London Luton,LTN,EGGW,Amsterdam,AMS,EHAM,,,18:55,21:05,17:55,19:05,70,191,12457,4,2026-09-24T08:57:48.000Z
U22439,EZY,London Luton,LTN,EGGW,Paris Charles de Gaulle,CDG,LFPG,,,19:00,21:20,18:00,19:20,80,205,123457,5,2026-09-24T08:57:48.000Z
U2635,EZY,London Luton,LTN,EGGW,Belfast Intl,BFS,EGAA,,,19:10,20:25,18:10,19:25,75,268,457,3,2026-09-24T08:57:48.000Z
U2613,EZY,London Luton,LTN,EGGW,Glasgow,GLA,EGPF,,,19:15,20:30,18:15,19:30,75,280,123457,6,2026-09-24T08:57:48.000Z
U22339,EZY,London Luton,LTN,EGGW,Malaga,AGP,LEMG,,,19:20,23:10,18:20,21:10,170,929,13567,2,2026-09-23T22:59:16.000Z
U2605,EZY,London Luton,LTN,EGGW,Edinburgh,EDI,EGPH,,,19:25,20:40,18:25,19:40,75,267,123457,5,2026-09-24T08:57:48.000Z
U2603,EZY,London Luton,LTN,EGGW,Edinburgh,EDI,EGPH,,,19:30,20:45,18:30,19:45,75,267,4567,3,2026-09-20T22:00:40.000Z
U22347,EZY,London Luton,LTN,EGGW,Malaga,AGP,LEMG,,,19:45,23:35,18:45,21:35,170,929,24,2,2026-09-22T23:00:53.000Z
U22307,EZY,London Luton,LTN,EGGW,Ibiza,IBZ,LEIB,,,19:45,23:20,18:45,21:20,155,784,1457,2,2026-09-24T08:57:48.000Z
U27832,EJU,London Luton,LTN,EGGW,Amsterdam,AMS,EHAM,,,19:50,22:00,18:50,20:00,70,191,34,2,2026-09-23T21:59:39.000Z
U22315,EZY,London Luton,LTN,EGGW,Alicante,ALC,LEAL,,,20:00,23:40,19:00,21:40,160,816,1367,4,2026-09-23T23:01:22.000Z
U22351,EZY,London Luton,LTN,EGGW,Ibiza,IBZ,LEIB,,,20:20,23:55,19:20,21:55,155,784,6,1,2026-08-30T00:58:55.000Z
U22317,EZY,London Luton,LTN,EGGW,Alicante,ALC,LEAL,,,20:25,00:05,19:25,22:05,160,816,2456,3,2026-09-24T08:57:48.000Z
U23832,EJU,London Luton,LTN,EGGW,Milan Malpensa,MXP,LIMC,,,20:40,23:35,19:40,21:35,115,519,5,1,2026-09-18T22:59:20.000Z
U2304,EZY,London Luton,LTN,EGGW,Edinburgh,EDI,EGPH,,,21:10,22:30,20:10,21:30,80,267,14,2,2026-09-17T23:00:13.000Z
U222,EZY,London Luton,LTN,EGGW,Belfast Intl,BFS,EGAA,,,22:05,23:20,21:05,22:20,75,268,1357,4,2026-09-24T00:01:27.000Z
U25438,EJU,Luxembourg,LUX,ELLX,Milan Linate,LIN,LIML,,,09:20,10:35,07:20,08:35,75,280,13457,1,2026-09-24T08:57:48.000Z
U27664,EJU,Luxembourg,LUX,ELLX,Lisbon,LIS,LPPT,,,10:25,12:20,08:25,11:20,175,924,123457,5,2026-09-24T08:57:48.000Z
U26848,EJU,Luxembourg,LUX,ELLX,Porto,OPO,LPPR,,,20:20,21:55,18:20,20:55,155,802,35,2,2026-09-23T21:59:41.000Z
U26850,EJU,Luxembourg,LUX,ELLX,Porto,OPO,LPPR,,,21:35,23:10,19:35,22:10,155,802,124567,5,2026-09-21T18:00:31.000Z
U23990,EJU,Luxor,LXR,HELX,Milan Malpensa,MXP,LIMC,,,14:25,18:05,11:25,16:05,280,1662,1,1,2026-09-21T18:00:34.000Z
U24674,EJU,Luxor,LXR,HELX,Paris Charles de Gaulle,CDG,LFPG,,,18:25,23:00,15:25,21:00,335,1984,6,1,2026-09-19T23:00:18.000Z
U24477,EJU,Lyon,LYS,LFLL,Marrakech,RAK,GMMX,,,06:00,07:05,04:00,07:05,185,1045,1234567,3,2026-09-24T08:57:49.000Z
U24483,EJU,Lyon,LYS,LFLL,Agadir,AGA,GMAD,,,06:05,07:25,04:05,07:25,200,1148,2457,3,2026-09-24T08:57:41.000Z
U24343,EJU,Lyon,LYS,LFLL,Essaouira,ESU,GMMI,,,06:20,07:30,04:20,07:30,190,1101,236,3,2026-09-23T09:00:40.000Z
U24449,EJU,Lyon,LYS,LFLL,Corfu,CFU,LGKR,,,06:20,09:35,04:20,06:35,135,749,36,2,2026-09-23T08:01:02.000Z
U24361,EJU,Lyon,LYS,LFLL,Berlin Brandenburg,BER,EDDB,,,06:30,08:25,04:30,06:25,115,517,15,2,2026-09-21T08:00:53.000Z
U24387,EJU,Lyon,LYS,LFLL,Gran Canaria,LPA,GCLP,,,06:35,09:40,04:35,08:40,245,1444,6,1,2026-09-19T10:00:40.000Z
U24395,EJU,Lyon,LYS,LFLL,Gran Canaria,LPA,GCLP,,,06:35,09:40,04:35,08:40,245,1444,6,1,2026-08-29T10:00:26.000Z
U24481,EJU,Lyon,LYS,LFLL,Rabat Sale Airport,RBA,GMME,,,06:35,07:15,04:35,07:15,160,886,2467,4,2026-09-24T08:57:49.000Z
U24333,EJU,Lyon,LYS,LFLL,"Ajaccio, Corsica",AJA,LFKJ,,,07:00,08:10,05:00,06:10,70,279,1357,3,2026-09-21T19:00:04.000Z
U24461,EJU,Lyon,LYS,LFLL,Dubrovnik,DBV,LDDU,,,07:00,08:50,05:00,06:50,110,598,267,3,2026-09-19T07:59:12.000Z
U24301,EJU,Lyon,LYS,LFLL,La Rochelle,LRH,LFBH,,,07:00,08:15,05:00,06:15,75,264,135,3,2026-09-21T11:01:08.000Z
U28430,EJU,Lyon,LYS,LFLL,London Gatwick,LGW,EGKK,,,07:00,07:40,05:00,06:40,100,387,234567,2,2026-09-23T09:00:42.000Z
U24485,EJU,Lyon,LYS,LFLL,Madeira Funchal,FNC,LPMA,,,07:05,09:50,05:05,08:50,225,1276,246,3,2026-09-22T10:01:20.000Z
U24327,EJU,Lyon,LYS,LFLL,Nantes,NTE,LFRS,,,07:05,08:25,05:05,06:25,80,290,47,1,2026-09-24T07:59:41.000Z
U24303,EJU,Lyon,LYS,LFLL,Toulouse,TLS,LFBO,,,07:15,08:20,05:15,06:20,65,203,1345,4,2026-09-24T07:59:42.000Z
U24407,EJU,Lyon,LYS,LFLL,Sicily Catania,CTA,LICC,,,07:20,09:25,05:20,07:25,125,667,246,3,2026-09-22T09:01:01.000Z
U24415,EJU,Lyon,LYS,LFLL,Rome Fiumicino,FCO,LIRF,,,07:25,09:00,05:25,07:00,95,389,13457,5,2026-09-23T09:00:42.000Z
U24309,EJU,Lyon,LYS,LFLL,Bordeaux,BOD,LFBD,,,07:25,08:35,05:25,06:35,70,251,135,3,2026-09-23T08:01:02.000Z
U24445,EJU,Lyon,LYS,LFLL,Pristina,PRN,BKPR,,,07:35,09:45,05:35,07:45,130,711,2,1,2026-08-25T09:00:39.000Z
U24425,EJU,Lyon,LYS,LFLL,Lisbon,LIS,LPPT,,,07:45,09:20,05:45,08:20,155,756,123456,6,2026-09-24T08:57:48.000Z
U21816,EJU,Lyon,LYS,LFLL,Bordeaux,BOD,LFBD,,,08:45,09:55,06:45,07:55,70,251,124567,5,2026-09-24T07:59:32.000Z
U24712,EJU,Lyon,LYS,LFLL,Nantes,NTE,LFRS,,,08:45,10:05,06:45,08:05,80,290,157,3,2026-09-21T09:59:48.000Z
U24716,EJU,Lyon,LYS,LFLL,Nantes,NTE,LFRS,,,09:05,10:25,07:05,08:25,80,290,13,2,2026-09-23T09:59:05.000Z
U24188,EJU,Lyon,LYS,LFLL,Naples,NAP,LIRN,,,09:30,11:20,07:30,09:20,110,496,57,2,2026-09-20T10:58:58.000Z
U23250,EZY,Lyon,LYS,LFLL,Edinburgh,EDI,EGPH,,,09:45,11:00,07:45,10:00,135,691,367,3,2026-09-23T12:01:44.000Z
U22432,EZY,Lyon,LYS,LFLL,London Luton,LTN,EGGW,,,09:50,10:30,07:50,09:30,100,427,12357,5,2026-09-23T10:58:55.000Z
U27600,EJU,Lyon,LYS,LFLL,Lisbon,LIS,LPPT,,,09:55,11:30,07:55,10:30,155,756,1357,3,2026-09-21T12:00:52.000Z
U24427,EJU,Lyon,LYS,LFLL,Porto,OPO,LPPR,,,10:05,11:20,08:05,10:20,135,656,57,2,2026-09-20T11:58:41.000Z
U24491,EJU,Lyon,LYS,LFLL,Prague,PRG,LKPR,,,10:10,11:55,08:10,09:55,105,452,15,2,2026-09-21T11:01:11.000Z
U24495,EJU,Lyon,LYS,LFLL,Edinburgh,EDI,EGPH,,,10:20,11:35,08:20,10:35,135,691,1,1,2026-08-24T11:59:47.000Z
U24399,EJU,Lyon,LYS,LFLL,Budapest,BUD,LHBP,,,10:25,12:20,08:25,10:20,115,593,15,2,2026-09-21T15:00:17.000Z
U24311,EJU,Lyon,LYS,LFLL,Bordeaux,BOD,LFBD,,,10:30,11:40,08:30,09:40,70,251,345,3,2026-09-24T08:57:44.000Z
U24409,EJU,Lyon,LYS,LFLL,Sardinia Olbia,OLB,LIEO,,,10:50,12:15,08:50,10:15,85,348,1234567,7,2026-09-21T12:00:53.000Z
U24417,EJU,Lyon,LYS,LFLL,Brindisi,BDS,LIBR,,,10:55,12:55,08:55,10:55,120,639,47,2,2026-09-24T08:57:44.000Z
U28162,EZY,Lyon,LYS,LFLL,London Gatwick,LGW,EGKK,,,11:10,11:50,09:10,10:50,100,387,6,1,2026-09-05T11:59:15.000Z
U24339,EJU,Lyon,LYS,LFLL,"Figari, Corsica",FSC,LFKF,,,11:25,12:45,09:25,10:45,80,308,13456,5,2026-09-23T12:01:45.000Z
U28432,EZY,Lyon,LYS,LFLL,London Gatwick,LGW,EGKK,,,11:30,12:10,09:30,11:10,100,387,1,1,2026-09-21T13:59:30.000Z
U24403,EJU,Lyon,LYS,LFLL,Bari,BRI,LIBD,,,11:40,13:35,09:40,11:35,115,578,1357,4,2026-09-21T13:00:32.000Z
U24341,EJU,Lyon,LYS,LFLL,"Figari, Corsica",FSC,LFKF,,,12:00,13:15,10:00,11:15,75,308,7,1,2026-08-30T13:00:21.000Z
U24419,EJU,Lyon,LYS,LFLL,Rome Fiumicino,FCO,LIRF,,,12:30,14:05,10:30,12:05,95,389,7,1,2026-08-30T13:59:49.000Z
U24429,EJU,Lyon,LYS,LFLL,Porto,OPO,LPPR,,,12:35,13:50,10:35,12:50,135,656,123457,5,2026-09-23T13:59:02.000Z
U21818,EJU,Lyon,LYS,LFLL,Bordeaux,BOD,LFBD,,,13:20,14:30,11:20,12:30,70,251,2347,2,2026-09-23T14:01:11.000Z
U24345,EJU,Lyon,LYS,LFLL,Sardinia Cagliari,CAG,LIEE,,,13:25,15:00,11:25,13:00,95,426,36,2,2026-08-29T15:59:33.000Z
U24471,EJU,Lyon,LYS,LFLL,Hurghada,HRG,HEGN,,,13:55,19:30,11:55,16:30,275,1762,26,2,2026-09-19T17:59:07.000Z
U24353,EJU,Lyon,LYS,LFLL,Venice Marco Polo,VCE,LIPZ,,,13:55,15:15,11:55,13:15,80,305,1257,4,2026-09-21T15:00:24.000Z
U24319,EJU,Lyon,LYS,LFLL,"Bastia, Corsica",BIA,LFKB,,,14:00,15:10,12:00,13:10,70,269,13457,5,2026-09-24T08:57:41.000Z
U24389,EJU,Lyon,LYS,LFLL,Seville,SVQ,LEZL,,,14:05,16:25,12:05,14:25,140,700,47,2,2026-09-24T08:57:48.000Z
U24423,EJU,Lyon,LYS,LFLL,Naples,NAP,LIRN,,,14:15,16:00,12:15,14:00,105,496,147,3,2026-09-24T08:57:48.000Z
U22120,EZY,Lyon,LYS,LFLL,Manchester,MAN,EGCC,,,14:20,15:15,12:20,14:15,115,540,26,2,2026-09-22T16:59:26.000Z
U24375,EJU,Lyon,LYS,LFLL,Menorca Mahon,MAH,LEMH,,,14:25,15:45,12:25,13:45,80,354,1234567,7,2026-09-24T08:57:48.000Z
U24391,EJU,Lyon,LYS,LFLL,Madrid,MAD,LEMD,,,14:25,16:30,12:25,14:30,125,492,57,2,2026-09-20T15:59:32.000Z
U24411,EJU,Lyon,LYS,LFLL,Sicily Palermo,PMO,LICJ,,,14:30,16:20,12:30,14:20,110,577,1234567,6,2026-09-23T12:59:24.000Z
U24325,EJU,Lyon,LYS,LFLL,Toulouse,TLS,LFBO,,,14:30,15:35,12:30,13:35,65,203,12357,5,2026-09-23T14:59:37.000Z
U24435,EJU,Lyon,LYS,LFLL,Rome Fiumicino,FCO,LIRF,,,14:40,16:15,12:40,14:15,95,389,25,2,2026-09-22T17:57:25.000Z
U24315,EJU,Lyon,LYS,LFLL,Biarritz,BIQ,LFBZ,,,14:50,16:10,12:50,14:10,80,313,12457,5,2026-09-24T08:57:44.000Z
U24451,EJU,Lyon,LYS,LFLL,Crete Chania,CHQ,LGSA,,,15:00,19:00,13:00,16:00,180,1058,15,1,2026-08-28T18:00:00.000Z
U24385,EJU,Lyon,LYS,LFLL,Tenerife South,TFS,GCTS,,,15:05,18:20,13:05,17:20,255,1477,23467,5,2026-09-23T19:00:12.000Z
U24377,EJU,Lyon,LYS,LFLL,Lanzarote,ACE,GCRR,,,15:10,18:00,13:10,17:00,230,1339,23467,5,2026-09-22T19:01:16.000Z
U26814,EJU,Lyon,LYS,LFLL,Porto,OPO,LPPR,,,15:20,16:35,13:20,15:35,135,656,246,3,2026-09-24T08:57:46.000Z
U27300,EJU,Lyon,LYS,LFLL,Majorca Palma,PMI,LEPA,319,A319,15:45,17:15,13:45,15:15,90,385,123456,5,2026-09-24T08:57:48.000Z
U24463,EJU,Lyon,LYS,LFLL,Sharm El Sheikh,SSH,HESH,,,15:55,21:20,13:55,18:20,265,1749,6,1,2026-09-19T19:59:09.000Z
U24331,EJU,Lyon,LYS,LFLL,"Ajaccio, Corsica",AJA,LFKJ,,,16:00,17:10,14:00,15:10,70,279,5,1,2026-08-28T16:59:44.000Z
U28438,EZY,Lyon,LYS,LFLL,London Gatwick,LGW,EGKK,,,16:25,17:00,14:25,16:00,95,387,57,2,2026-09-20T18:00:29.000Z
U24453,EJU,Lyon,LYS,LFLL,Athens,ATH,LGAV,,,16:30,20:20,14:30,17:20,170,961,1234567,7,2026-09-24T08:57:42.000Z
U24351,EJU,Lyon,LYS,LFLL,Reykjavik Keflavik,KEF,BIKF,,,16:45,19:00,14:45,19:00,255,1432,26,2,2026-08-29T22:59:54.000Z
U24473,EJU,Lyon,LYS,LFLL,Tangier,TNG,GMTT,,,16:50,17:20,14:50,17:20,150,780,23467,5,2026-09-22T19:01:18.000Z
U27562,EJU,Lyon,LYS,LFLL,Nantes,NTE,LFRS,,,16:50,18:10,14:50,16:10,80,290,4,1,2026-08-27T17:59:39.000Z
U27461,EJU,Lyon,LYS,LFLL,"Bastia, Corsica",BIA,LFKB,,,16:55,18:05,14:55,16:05,70,269,6,1,2026-09-19T18:01:29.000Z
U24337,EJU,Lyon,LYS,LFLL,"Calvi, Corsica",CLY,LFKC,,,16:55,18:05,14:55,16:05,70,249,157,3,2026-08-30T17:59:25.000Z
U27560,EJU,Lyon,LYS,LFLL,Rome Fiumicino,FCO,LIRF,,,17:00,18:35,15:00,16:35,95,389,2,1,2026-08-25T17:59:24.000Z
U24479,EJU,Lyon,LYS,LFLL,Marrakech,RAK,GMMX,,,17:05,18:15,15:05,18:15,190,1045,1234,3,2026-09-23T19:59:18.000Z
U24393,EJU,Lyon,LYS,LFLL,Tenerife South,TFS,GCTS,,,18:00,21:15,16:00,20:15,255,1477,6,1,2026-08-29T22:00:43.000Z
U24433,EJU,Lyon,LYS,LFLL,Faro,FAO,LPFR,,,18:25,19:55,16:25,18:55,150,785,347,3,2026-09-24T08:57:47.000Z
U24349,EJU,Lyon,LYS,LFLL,Crete Heraklion,HER,LGIR,,,18:40,22:40,16:40,19:40,180,1104,347,3,2026-09-23T20:58:59.000Z
U28433,EJU,Lyon,LYS,LFLL,London Gatwick,LGW,EGKK,,,18:40,19:20,16:40,18:20,100,387,123457,3,2026-09-24T08:57:48.000Z
U24431,EJU,Lyon,LYS,LFLL,Porto,OPO,LPPR,,,18:40,19:55,16:40,18:55,135,656,34,2,2026-09-24T08:57:46.000Z
U24475,EJU,Lyon,LYS,LFLL,Marrakech,RAK,GMMX,,,18:50,21:00,16:50,20:00,190,1045,1,1,2026-08-24T22:00:40.000Z
U24465,EJU,Lyon,LYS,LFLL,Dubrovnik,DBV,LDDU,,,19:00,20:50,17:00,18:50,110,598,2,1,2026-09-22T20:43:39.000Z
U24421,EJU,Lyon,LYS,LFLL,Rome Fiumicino,FCO,LIRF,,,19:15,20:50,17:15,18:50,95,389,1457,4,2026-09-24T08:57:48.000Z
U25156,EJU,Lyon,LYS,LFLL,Berlin Brandenburg,BER,EDDB,,,19:20,21:15,17:20,19:15,115,517,15,2,2026-08-28T21:00:05.000Z
U27516,EJU,Lyon,LYS,LFLL,Faro,FAO,LPFR,,,19:20,20:50,17:20,19:50,150,785,246,3,2026-09-22T20:59:10.000Z
U24373,EJU,Lyon,LYS,LFLL,Majorca Palma,PMI,LEPA,,,19:25,20:55,17:25,18:55,90,385,134567,5,2026-09-20T20:00:41.000Z
U24459,EJU,Lyon,LYS,LFLL,Split,SPU,LDSP,,,19:30,21:10,17:30,19:10,100,496,12347,5,2026-09-20T20:58:42.000Z
U24329,EJU,Lyon,LYS,LFLL,Nantes,NTE,LFRS,,,20:00,21:20,18:00,19:20,80,290,3457,4,2026-09-24T08:57:48.000Z
U24363,EJU,Lyon,LYS,LFLL,Bordeaux,BOD,LFBD,,,20:50,22:00,18:50,20:00,70,251,1,1,2026-08-31T22:00:25.000Z
U21820,EJU,Lyon,LYS,LFLL,Bordeaux,BOD,LFBD,,,21:10,22:20,19:10,20:20,70,251,123457,5,2026-09-22T22:01:40.000Z
U24371,EJU,Lyon,LYS,LFLL,Majorca Palma,PMI,LEPA,,,21:15,22:45,19:15,20:45,90,385,5,1,2026-08-28T23:00:33.000Z
U24379,EJU,Lyon,LYS,LFLL,Ibiza,IBZ,LEIB,,,21:20,23:00,19:20,21:00,100,443,346,3,2026-08-29T22:59:53.000Z
U24714,EJU,Lyon,LYS,LFLL,Nantes,NTE,LFRS,,,21:25,22:45,19:25,20:45,80,290,23,2,2026-09-23T21:59:43.000Z
U27604,EJU,Lyon,LYS,LFLL,Lisbon,LIS,LPPT,,,21:30,23:05,19:30,22:05,155,756,7,1,2026-09-20T23:59:24.000Z
U26804,EJU,Lyon,LYS,LFLL,Porto,OPO,LPPR,,,21:40,22:50,19:40,21:50,130,656,136,3,2026-09-23T22:59:15.000Z
U27316,EJU,Lyon,LYS,LFLL,Majorca Palma,PMI,LEPA,,,21:40,23:10,19:40,21:10,90,385,1,1,2026-09-14T23:00:55.000Z
U27048,EJU,Lyon,LYS,LFLL,Malaga,AGP,LEMG,,,21:55,00:15,19:55,22:15,140,694,26,1,2026-09-23T00:00:10.000Z
U25526,EJU,Lyon,LYS,LFLL,Alicante,ALC,LEAL,,,22:20,00:15,20:20,22:15,115,513,15,2,2026-09-22T00:01:48.000Z
U27652,EJU,Madrid,MAD,LEMD,Lisbon,LIS,LPPT,,,09:55,10:20,07:55,09:20,85,277,1234567,2,2026-09-24T08:57:44.000Z
U28020,EZY,Madrid,MAD,LEMD,London Gatwick,LGW,EGKK,,,10:15,11:40,08:15,10:40,145,655,1234567,3,2026-09-24T08:57:44.000Z
U21016,EJU,Madrid,MAD,LEMD,Basel,BSL,LFSB,,,14:45,17:00,12:45,15:00,135,640,123457,6,2026-09-24T08:57:44.000Z
U21714,EJU,Madrid,MAD,LEMD,Nice,NCE,LFMN,,,17:10,19:05,15:10,17:05,115,516,15,2,2026-09-21T19:00:12.000Z
U24392,EJU,Madrid,MAD,LEMD,Lyon,LYS,LFLL,,,17:15,19:00,15:15,17:00,105,492,57,2,2026-09-20T18:59:10.000Z
U22366,EZY,Madrid,MAD,LEMD,London Luton,LTN,EGGW,,,17:45,19:05,15:45,18:05,140,696,1234567,6,2026-09-24T08:57:44.000Z
U23210,EZY,Madrid,MAD,LEMD,Edinburgh,EDI,EGPH,,,18:20,20:15,16:20,19:15,175,928,123457,5,2026-09-24T08:57:44.000Z
U22708,EZY,Madrid,MAD,LEMD,Bristol,BRS,EGGD,,,20:40,21:55,18:40,20:55,135,655,1234567,7,2026-09-24T08:57:44.000Z
U21312,EJU,Madrid,MAD,LEMD,Geneva,GVA,LSGG,,,20:50,22:50,18:50,20:50,120,545,1357,4,2026-09-23T21:59:38.000Z
U28018,EZY,Madrid,MAD,LEMD,London Gatwick,LGW,EGKK,,,21:10,22:30,19:10,21:30,140,655,1234567,5,2026-09-23T22:59:15.000Z
U23208,EZY,Madrid,MAD,LEMD,Edinburgh,EDI,EGPH,,,22:15,00:10,20:15,23:10,175,928,267,3,2026-09-23T01:01:18.000Z
U27654,EJU,Madrid,MAD,LEMD,Lisbon,LIS,LPPT,,,22:25,22:50,20:25,21:50,85,277,15,2,2026-09-21T22:59:33.000Z
U27690,EJU,Madrid,MAD,LEMD,Lisbon,LIS,LPPT,,,22:55,23:20,20:55,22:20,85,277,1234567,6,2026-09-23T23:59:06.000Z
U22050,EZY,Madrid,MAD,LEMD,Manchester,MAN,EGCC,,,23:15,00:45,21:15,23:45,150,774,135,3,2026-09-24T02:59:02.000Z
U21080,EZS,Menorca Mahon,MAH,LEMH,Basel,BSL,LFSB,,,09:50,11:35,07:50,09:35,105,486,36,2,2026-09-23T09:00:42.000Z
U27672,EJU,Menorca Mahon,MAH,LEMH,Lisbon,LIS,LPPT,,,09:55,11:05,07:55,10:05,130,623,234567,5,2026-09-23T22:59:15.000Z
U22320,EZY,Menorca Mahon,MAH,LEMH,London Luton,LTN,EGGW,,,10:10,11:45,08:10,10:45,155,746,1234567,6,2026-09-23T19:00:10.000Z
U26846,EJU,Menorca Mahon,MAH,LEMH,Porto,OPO,LPPR,,,10:10,11:15,08:10,10:15,125,594,123456,6,2026-09-23T12:01:45.000Z
U23762,EJU,Menorca Mahon,MAH,LEMH,Milan Malpensa,MXP,LIMC,,,10:25,11:55,08:25,09:55,90,399,124567,6,2026-09-22T11:00:15.000Z
U28028,EZY,Menorca Mahon,MAH,LEMH,London Gatwick,LGW,EGKK,,,10:30,11:55,08:30,10:55,145,702,123457,3,2026-09-24T08:57:48.000Z
U23010,EZY,Menorca Mahon,MAH,LEMH,Belfast Intl,BFS,EGAA,,,10:50,12:55,08:50,11:55,185,982,36,1,2026-09-23T12:59:21.000Z
U28032,EZY,Menorca Mahon,MAH,LEMH,London Gatwick,LGW,EGKK,,,11:50,13:15,09:50,12:15,145,702,356,3,2026-09-23T13:59:04.000Z
U22032,EZY,Menorca Mahon,MAH,LEMH,Manchester,MAN,EGCC,,,12:10,13:55,10:10,12:55,165,852,1357,4,2026-09-23T14:59:36.000Z
U28026,EZY,Menorca Mahon,MAH,LEMH,London Gatwick,LGW,EGKK,,,13:05,14:35,11:05,13:35,150,702,356,3,2026-09-19T14:59:40.000Z
U23768,EJU,Menorca Mahon,MAH,LEMH,Milan Malpensa,MXP,LIMC,,,13:35,15:05,11:35,13:05,90,399,34,2,2026-09-09T14:59:59.000Z
U24202,EJU,Menorca Mahon,MAH,LEMH,Naples,NAP,LIRN,,,16:15,17:55,14:15,15:55,100,465,26,2,2026-08-29T18:00:55.000Z
U21364,EZS,Menorca Mahon,MAH,LEMH,Geneva,GVA,LSGG,,,16:35,18:05,14:35,16:05,90,392,1356,4,2026-09-23T18:01:19.000Z
U23764,EJU,Menorca Mahon,MAH,LEMH,Milan Malpensa,MXP,LIMC,,,16:35,18:05,14:35,16:05,90,399,4567,4,2026-09-24T08:57:48.000Z
U24376,EJU,Menorca Mahon,MAH,LEMH,Lyon,LYS,LFLL,,,16:40,18:00,14:40,16:00,80,354,1234567,7,2026-09-24T08:57:48.000Z
U28030,EZY,Menorca Mahon,MAH,LEMH,London Gatwick,LGW,EGKK,,,16:45,18:15,14:45,17:15,150,702,1234567,5,2026-09-24T08:57:48.000Z
U22730,EZY,Menorca Mahon,MAH,LEMH,Bristol,BRS,EGGD,,,17:00,18:35,15:00,17:35,155,750,2456,4,2026-09-24T08:57:44.000Z
U24740,EJU,Menorca Mahon,MAH,LEMH,Nantes,NTE,LFRS,,,17:40,19:30,15:40,17:30,110,506,246,3,2026-09-24T08:57:48.000Z
U27224,EJU,Menorca Mahon,MAH,LEMH,Milan Malpensa,MXP,LIMC,,,19:00,20:35,17:00,18:35,95,399,1267,3,2026-08-30T20:00:01.000Z
U21858,EJU,Menorca Mahon,MAH,LEMH,Bordeaux,BOD,LFBD,,,21:25,23:00,19:25,21:00,95,370,135,3,2026-09-21T22:59:28.000Z
U22322,EZY,Menorca Mahon,MAH,LEMH,London Luton,LTN,EGGW,,,22:05,23:30,20:05,22:30,145,746,2356,4,2026-09-23T00:00:10.000Z
U22067,EZY,Manchester,MAN,EGCC,Kefalonia,EFL,LGKF,,,05:30,11:15,04:30,08:15,225,1311,26,2,2026-09-22T10:01:17.000Z
U22095,EZY,Manchester,MAN,EGCC,Kalamata,KLX,LGKL,,,05:40,11:30,04:40,08:30,230,1406,26,2,2026-09-22T10:01:19.000Z
U22027,EZY,Manchester,MAN,EGCC,Ibiza,IBZ,LEIB,,,05:40,09:25,04:40,07:25,165,882,23467,5,2026-09-24T08:57:47.000Z
U22267,EZY,Manchester,MAN,EGCC,Gibraltar,GIB,LXGB,,,06:00,10:10,05:00,08:10,190,1041,123457,4,2026-09-23T09:59:03.000Z
U22037,EZY,Manchester,MAN,EGCC,Murcia Intl,RMU,LEMI,,,06:00,09:55,05:00,07:55,175,935,37,2,2026-09-23T10:58:56.000Z
U22209,EZY,Manchester,MAN,EGCC,Lisbon,LIS,LPPT,,,06:00,08:55,05:00,07:55,175,919,13457,5,2026-09-24T08:57:49.000Z
U22019,EZY,Manchester,MAN,EGCC,Majorca Palma,PMI,LEPA,,,06:00,09:40,05:00,07:40,160,853,13457,4,2026-09-24T08:57:49.000Z
U22043,EZY,Manchester,MAN,EGCC,Verona,VRN,LIPX,,,06:05,09:20,05:05,07:20,135,700,26,2,2026-09-22T09:01:06.000Z
U22273,EZY,Manchester,MAN,EGCC,Malta,MLA,LMML,,,06:15,10:45,05:15,08:45,210,1265,1234567,5,2026-09-24T08:57:49.000Z
U22281,EZY,Manchester,MAN,EGCC,Enfidha - Hammamet,NBE,DTNH,,,06:15,09:45,05:15,08:45,210,1166,24,2,2026-09-24T08:57:46.000Z
U22259,EZY,Manchester,MAN,EGCC,Reykjavik Keflavik,KEF,BIKF,,,06:15,08:05,05:15,08:05,170,893,247,3,2026-09-24T08:57:47.000Z
U22101,EZY,Manchester,MAN,EGCC,La Rochelle,LRH,LFBH,,,06:15,09:05,05:15,07:05,110,433,36,2,2026-08-29T09:00:46.000Z
U22051,EZY,Manchester,MAN,EGCC,Rhodes,RHO,LGRP,,,06:15,12:40,05:15,09:40,265,1624,12457,5,2026-09-24T08:57:50.000Z
U22103,EZY,Manchester,MAN,EGCC,Nice,NCE,LFMN,,,06:20,09:45,05:20,07:45,145,692,123467,5,2026-09-24T08:57:48.000Z
U22125,EZY,Manchester,MAN,EGCC,Naples,NAP,LIRN,,,06:25,10:35,05:25,08:35,190,1004,2467,4,2026-09-24T08:57:49.000Z
U22133,EZY,Manchester,MAN,EGCC,Sicily Catania,CTA,LICC,,,06:30,10:55,05:30,08:55,205,1195,37,2,2026-09-23T11:01:16.000Z
U2701,EZY,Manchester,MAN,EGCC,Belfast Intl,BFS,EGAA,,,06:35,07:40,05:35,06:40,65,160,1234567,5,2026-09-24T07:59:32.000Z
U22211,EZY,Manchester,MAN,EGCC,Porto,OPO,LPPR,,,06:35,09:20,05:35,08:20,165,771,23457,5,2026-09-24T08:57:46.000Z
U22261,EZY,Manchester,MAN,EGCC,Rennes,RNS,LFRN,,,06:55,09:30,05:55,07:30,95,318,37,2,2026-08-30T09:00:39.000Z
U22161,EZY,Manchester,MAN,EGCC,Amsterdam,AMS,EHAM,,,07:00,09:25,06:00,07:25,85,263,1234567,2,2026-09-24T08:57:42.000Z
U22065,EZY,Manchester,MAN,EGCC,Kos,KGS,LGKO,,,07:00,13:15,06:00,10:15,255,1574,1234567,6,2026-09-24T08:57:48.000Z
U22229,EZY,Manchester,MAN,EGCC,Prague,PRG,LKPR,,,07:00,10:10,06:00,08:10,130,644,1234567,4,2026-09-24T08:57:48.000Z
U22013,EZY,Manchester,MAN,EGCC,Alicante,ALC,LEAL,,,07:05,11:05,06:05,09:05,180,907,1234567,4,2026-09-24T08:57:41.000Z
U22075,EZY,Manchester,MAN,EGCC,Zante Zakynthos,ZTH,LGZA,,,07:05,13:00,06:05,10:00,235,1340,47,2,2026-09-24T08:57:50.000Z
U22001,EZY,Manchester,MAN,EGCC,Barcelona,BCN,LEBL,,,07:05,10:25,06:05,08:25,140,745,1234567,5,2026-09-24T08:57:42.000Z
U22183,EZY,Manchester,MAN,EGCC,Geneva,GVA,LSGG,,,07:05,10:00,06:05,08:00,115,536,367,3,2026-09-20T10:01:00.000Z
U22069,EZY,Manchester,MAN,EGCC,Milan Malpensa,MXP,LIMC,,,07:05,10:20,06:05,08:20,135,630,37,2,2026-09-23T09:59:05.000Z
U22073,EZY,Manchester,MAN,EGCC,Santorini,JTR,LGSR,,,07:20,13:30,06:20,10:30,250,1541,26,2,2026-09-22T11:59:57.000Z
U22093,EZY,Manchester,MAN,EGCC,Preveza,PVK,LGPZ,,,07:20,12:55,06:20,09:55,215,1281,37,2,2026-09-23T11:01:15.000Z
U22035,EZY,Manchester,MAN,EGCC,Barcelona,BCN,LEBL,,,07:25,10:50,06:25,08:50,145,745,13457,5,2026-09-24T08:57:42.000Z
U22129,EZY,Manchester,MAN,EGCC,Pisa (Tuscany),PSA,LIRP,,,07:30,11:00,06:30,09:00,150,766,1234567,7,2026-09-24T08:57:49.000Z
U22287,EZY,Manchester,MAN,EGCC,Djerba–Zarzis,DJE,DTTJ,,,07:30,11:05,06:30,10:05,215,1295,15,2,2026-09-21T12:00:50.000Z
U21592,EZS,Manchester,MAN,EGCC,Geneva,GVA,LSGG,,,07:40,10:35,06:40,08:35,115,536,35,2,2026-09-23T10:01:39.000Z
U22031,EZY,Manchester,MAN,EGCC,Menorca Mahon,MAH,LEMH,,,07:45,11:20,06:45,09:20,155,852,1357,4,2026-09-23T10:58:55.000Z
U22297,EZY,Manchester,MAN,EGCC,Oslo,OSL,ENGM,,,07:45,10:45,06:45,08:45,120,600,15,2,2026-09-21T11:01:10.000Z
U22215,EZY,Manchester,MAN,EGCC,Faro,FAO,LPFR,,,07:45,10:45,06:45,09:45,180,1009,16,2,2026-09-21T12:00:50.000Z
U22017,EZY,Manchester,MAN,EGCC,Gran Canaria,LPA,GCLP,,,07:50,12:30,06:50,11:30,280,1633,246,3,2026-09-24T08:57:48.000Z
U22039,EZY,Manchester,MAN,EGCC,Fuerteventura,FUE,GCFV,,,07:50,12:15,06:50,11:15,265,1580,246,3,2026-09-24T08:57:46.000Z
U22083,EZY,Manchester,MAN,EGCC,Skiathos,JSI,LGSK,,,07:50,13:40,06:50,10:40,230,1354,27,2,2026-09-22T11:59:54.000Z
U22005,EZY,Manchester,MAN,EGCC,Bilbao,BIO,LEBB,,,07:55,11:10,06:55,09:10,135,604,123457,6,2026-09-24T08:57:44.000Z
U22007,EZY,Manchester,MAN,EGCC,Malaga,AGP,LEMG,,,08:00,12:05,07:00,10:05,185,1005,26,2,2026-09-22T11:59:56.000Z
U22105,EZY,Manchester,MAN,EGCC,Paris Charles de Gaulle,CDG,LFPG,,,08:00,10:35,07:00,08:35,95,318,1234567,5,2026-09-24T08:57:48.000Z
U24652,EJU,Manchester,MAN,EGCC,Paris Charles de Gaulle,CDG,LFPG,,,08:00,10:35,07:00,08:35,95,318,15,2,2026-08-28T10:59:28.000Z
U27852,EJU,Manchester,MAN,EGCC,Amsterdam,AMS,EHAM,,,08:00,10:15,07:00,08:15,75,263,12,2,2026-09-22T10:01:15.000Z
U22057,EZY,Manchester,MAN,EGCC,Crete Heraklion,HER,LGIR,32N,A20N,08:10,14:30,07:10,11:30,260,1582,23456,5,2026-09-24T08:57:47.000Z
U2715,EZY,Manchester,MAN,EGCC,Isle of Man,IOM,EGNS,,,08:15,09:10,07:15,08:10,55,94,14567,5,2026-09-24T08:57:47.000Z
U22045,EZY,Manchester,MAN,EGCC,Reus,REU,LERS,,,08:20,11:50,07:20,09:50,150,746,267,3,2026-09-22T12:58:55.000Z
U22077,EZY,Manchester,MAN,EGCC,Reus,REU,LERS,,,08:20,11:40,07:20,09:40,140,746,4,1,2026-09-24T08:57:48.000Z
U22123,EZY,Manchester,MAN,EGCC,Rome Fiumicino,FCO,LIRF,,,08:20,12:15,07:20,10:15,175,906,1457,4,2026-09-24T08:57:48.000Z
U290,EZY,Manchester,MAN,EGCC,Belfast Intl,BFS,EGAA,,,08:40,09:40,07:40,08:40,60,160,123457,4,2026-09-24T08:57:44.000Z
U24276,EJU,Manchester,MAN,EGCC,Naples,NAP,LIRN,,,08:40,12:50,07:40,10:50,190,1004,135,3,2026-09-23T12:01:50.000Z
U22271,EZY,Manchester,MAN,EGCC,Tivat,TIV,LYTV,,,09:20,13:30,08:20,11:30,190,1064,1357,4,2026-09-23T12:59:28.000Z
U27000,EJU,Manchester,MAN,EGCC,Malaga,AGP,LEMG,,,09:25,13:30,08:25,11:30,185,1005,3,1,2026-09-23T12:59:26.000Z
U27002,EJU,Manchester,MAN,EGCC,Malaga,AGP,LEMG,,,09:25,13:30,08:25,11:30,185,1005,12467,3,2026-09-24T08:57:48.000Z
U27502,EJU,Manchester,MAN,EGCC,Faro,FAO,LPFR,,,09:50,12:50,08:50,11:50,180,1009,23457,4,2026-09-24T08:57:48.000Z
U23836,EJU,Manchester,MAN,EGCC,Milan Malpensa,MXP,LIMC,,,09:55,13:10,08:55,11:10,135,630,12346,5,2026-09-24T08:57:48.000Z
U25560,EJU,Manchester,MAN,EGCC,Alicante,ALC,LEAL,,,10:20,14:10,09:20,12:10,170,907,1,1,2026-09-21T14:02:02.000Z
U22207,EZY,Manchester,MAN,EGCC,Sal - Cape Verde,SID,GVAC,,,10:30,14:45,09:30,15:45,375,2402,246,1,2026-09-24T08:57:41.000Z
U22099,EZY,Manchester,MAN,EGCC,Montpellier,MPL,LFMT,,,10:30,13:40,09:30,11:40,130,637,15,2,2026-09-21T13:59:30.000Z
U22119,EZY,Manchester,MAN,EGCC,Lyon,LYS,LFLL,,,10:50,13:45,09:50,11:45,115,540,26,2,2026-09-22T15:02:26.000Z
U22163,EZY,Manchester,MAN,EGCC,Amsterdam,AMS,EHAM,,,11:00,13:20,10:00,11:20,80,263,123457,5,2026-09-24T08:57:42.000Z
U22113,EZY,Manchester,MAN,EGCC,Paris Charles de Gaulle,CDG,LFPG,,,11:15,13:50,10:15,11:50,95,318,1256,3,2026-09-22T18:56:00.000Z
U292,EZY,Manchester,MAN,EGCC,Belfast Intl,BFS,EGAA,,,11:30,12:30,10:30,11:30,60,160,57,2,2026-09-18T13:01:19.000Z
U27704,EJU,Manchester,MAN,EGCC,Lisbon,LIS,LPPT,,,11:30,14:30,10:30,13:30,180,919,246,3,2026-09-24T08:57:48.000Z
U22111,EZY,Manchester,MAN,EGCC,Bordeaux,BOD,LFBD,,,11:55,14:50,10:55,12:50,115,515,1357,4,2026-09-23T14:01:11.000Z
U294,EZY,Manchester,MAN,EGCC,Belfast Intl,BFS,EGAA,,,12:35,13:35,11:35,12:35,60,160,7,1,2026-09-20T14:01:38.000Z
U22033,EZY,Manchester,MAN,EGCC,Alicante,ALC,LEAL,,,12:45,16:30,11:45,14:30,165,907,1234567,5,2026-09-24T08:57:41.000Z
U22243,EZY,Manchester,MAN,EGCC,Dubrovnik,DBV,LDDU,,,12:50,16:50,11:50,14:50,180,1043,36,2,2026-09-23T17:00:54.000Z
U22091,EZY,Manchester,MAN,EGCC,Crete Chania,CHQ,LGSA,,,12:55,19:15,11:55,16:15,260,1542,246,3,2026-09-22T21:01:42.000Z
U2711,EZY,Manchester,MAN,EGCC,Newquay,NQY,EGHQ,,,12:55,14:00,11:55,13:00,65,202,1457,4,2026-09-21T15:00:22.000Z
U22291,EZY,Manchester,MAN,EGCC,Cyprus Larnaca,LCA,LCLK,,,13:05,19:55,12:05,16:55,290,1873,37,2,2026-09-23T19:00:09.000Z
U25419,EJU,Manchester,MAN,EGCC,Milan Linate,LIN,LIML,,,13:05,16:10,12:05,14:10,125,654,1234567,3,2026-09-24T08:57:48.000Z
U22141,EZY,Manchester,MAN,EGCC,Antalya,AYT,LTAI,,,13:15,19:50,12:15,16:50,275,1690,234567,6,2026-09-24T08:57:41.000Z
U22117,EZY,Manchester,MAN,EGCC,Paris Charles de Gaulle,CDG,LFPG,,,13:15,15:50,12:15,13:50,95,318,123457,6,2026-09-24T08:57:48.000Z
U22185,EZY,Manchester,MAN,EGCC,Geneva,GVA,LSGG,,,13:25,16:20,12:25,14:20,115,536,123456,6,2026-09-24T08:57:41.000Z
U22135,EZY,Manchester,MAN,EGCC,Bari,BRI,LIBD,,,13:30,17:35,12:30,15:35,185,1061,15,2,2026-09-21T18:00:30.000Z
U22009,EZY,Manchester,MAN,EGCC,Tenerife South,TFS,GCTS,,,13:40,18:20,12:40,17:20,280,1646,12457,5,2026-09-24T08:57:48.000Z
U27206,EJU,Manchester,MAN,EGCC,Barcelona,BCN,LEBL,,,13:45,17:05,12:45,15:05,140,745,4,1,2026-08-27T17:59:34.000Z
U2709,EZY,Manchester,MAN,EGCC,Belfast Intl,BFS,EGAA,,,13:55,15:00,12:55,14:00,65,160,14,2,2026-09-24T08:57:44.000Z
U22269,EZY,Manchester,MAN,EGCC,Cyprus Paphos,PFO,LCPH,32N,A20N,14:25,21:15,13:25,18:15,290,1842,1356,4,2026-09-23T20:59:03.000Z
U22165,EZY,Manchester,MAN,EGCC,Amsterdam,AMS,EHAM,,,14:30,16:50,13:30,14:50,80,263,134567,5,2026-09-24T08:57:42.000Z
U22257,EZY,Manchester,MAN,EGCC,Sharm El Sheikh,SSH,HESH,,,14:30,22:10,13:30,19:10,340,2218,2,1,2026-09-22T21:58:59.000Z
U2729,EZY,Manchester,MAN,EGCC,Jersey,JER,EGJJ,,,14:30,15:40,13:30,14:40,70,249,1234567,6,2026-09-24T08:57:48.000Z
U2721,EZY,Manchester,MAN,EGCC,Belfast City (George Best),BHD,EGAC,,,14:35,15:30,13:35,14:30,55,148,1234567,7,2026-09-24T08:57:46.000Z
U2705,EZY,Manchester,MAN,EGCC,Belfast Intl,BFS,EGAA,,,14:35,15:35,13:35,14:35,60,160,257,3,2026-09-22T16:00:01.000Z
U25312,EJU,Manchester,MAN,EGCC,Berlin Brandenburg,BER,EDDB,,,14:50,17:45,13:50,15:45,115,574,2,1,2026-09-22T17:57:19.000Z
U22071,EZY,Manchester,MAN,EGCC,Rhodes,RHO,LGRP,,,14:50,21:15,13:50,18:15,265,1624,36,2,2026-09-23T19:59:20.000Z
U22253,EZY,Manchester,MAN,EGCC,Sharm El Sheikh,SSH,HESH,,,14:55,22:40,13:55,19:40,345,2218,347,3,2026-09-24T08:57:48.000Z
U22255,EZY,Manchester,MAN,EGCC,Hurghada,HRG,HEGN,,,15:05,22:45,14:05,19:45,340,2239,1234567,4,2026-09-24T08:57:47.000Z
U22053,EZY,Manchester,MAN,EGCC,Mykonos,JMK,LGMK,,,15:10,21:15,14:10,18:15,245,1490,36,2,2026-09-23T19:59:19.000Z
U22143,EZY,Manchester,MAN,EGCC,Dalaman,DLM,LTBS,,,15:15,21:40,14:15,18:40,265,1633,2356,4,2026-09-23T19:59:15.000Z
U26884,EJU,Manchester,MAN,EGCC,Porto,OPO,LPPR,,,15:20,17:50,14:20,16:50,150,771,1,1,2026-09-21T19:00:07.000Z
U24646,EJU,Manchester,MAN,EGCC,Paris Charles de Gaulle,CDG,LFPG,,,15:40,18:15,14:40,16:15,95,318,345,3,2026-09-24T08:57:48.000Z
U22213,EZY,Manchester,MAN,EGCC,Madeira Funchal,FNC,LPMA,,,15:50,19:50,14:50,18:50,240,1388,15,2,2026-09-21T21:01:03.000Z
U22011,EZY,Manchester,MAN,EGCC,Tenerife South,TFS,GCTS,32N,A20N,15:55,20:35,14:55,19:35,280,1646,1356,4,2026-09-23T20:59:03.000Z
U22265,EZY,Manchester,MAN,EGCC,Marrakech,RAK,GMMX,,,16:05,18:50,15:05,18:50,225,1329,123457,6,2026-09-24T08:57:48.000Z
U22245,EZY,Manchester,MAN,EGCC,Split,SPU,LDSP,,,16:15,20:05,15:15,18:05,170,941,2346,4,2026-09-24T08:57:48.000Z
U22173,EZY,Manchester,MAN,EGCC,Ljubljana,LJU,LJLJ,,,16:20,19:45,15:20,17:45,145,774,15,2,2026-09-21T19:59:40.000Z
U22059,EZY,Manchester,MAN,EGCC,Athens,ATH,LGAV,,,16:30,22:35,15:30,19:35,245,1424,13567,5,2026-09-23T21:02:40.000Z
U22139,EZY,Manchester,MAN,EGCC,Antalya,AYT,LTAI,,,16:30,23:05,15:30,20:05,275,1690,1,1,2026-09-21T23:02:25.000Z
U22155,EZY,Manchester,MAN,EGCC,Bodrum,BJV,LTFE,,,16:30,22:50,15:30,19:50,260,1572,26,2,2026-09-22T22:01:40.000Z
U22145,EZY,Manchester,MAN,EGCC,Dalaman,DLM,LTBS,,,16:40,23:00,15:40,20:00,260,1633,1234567,6,2026-09-24T08:57:45.000Z
U22055,EZY,Manchester,MAN,EGCC,Thessaloniki,SKG,LGTS,,,16:45,22:20,15:45,19:20,215,1279,15,2,2026-09-21T21:58:51.000Z
U22003,EZY,Manchester,MAN,EGCC,Malaga,AGP,LEMG,,,16:50,20:55,15:50,18:55,185,1005,246,3,2026-09-24T08:57:48.000Z
U22029,EZY,Manchester,MAN,EGCC,Lanzarote,ACE,GCRR,,,16:55,21:20,15:55,20:20,265,1548,123467,6,2026-09-24T08:57:48.000Z
U22015,EZY,Manchester,MAN,EGCC,Alicante,ALC,LEAL,,,16:55,20:45,15:55,18:45,170,907,1246,4,2026-09-24T08:57:41.000Z
U22021,EZY,Manchester,MAN,EGCC,Majorca Palma,PMI,LEPA,,,17:00,20:35,16:00,18:35,155,853,46,2,2026-09-19T21:59:55.000Z
U22061,EZY,Manchester,MAN,EGCC,Corfu,CFU,LGKR,,,17:20,22:50,16:20,19:50,210,1225,1356,4,2026-09-23T21:02:42.000Z
U22187,EZY,Manchester,MAN,EGCC,Geneva,GVA,LSGG,,,17:30,20:20,16:30,18:20,110,536,123457,6,2026-09-24T08:57:41.000Z
U22285,EZY,Manchester,MAN,EGCC,Agadir,AGA,GMAD,,,17:40,20:40,16:40,20:40,240,1417,136,3,2026-09-23T21:59:38.000Z
U22263,EZY,Manchester,MAN,EGCC,Krakow,KRK,EPKK,,,17:40,21:10,16:40,19:10,150,840,15,1,2026-09-21T21:58:48.000Z
U22063,EZY,Manchester,MAN,EGCC,Corfu,CFU,LGKR,,,17:40,23:10,16:40,20:10,210,1225,1245,4,2026-09-24T08:57:48.000Z
U22275,EZY,Manchester,MAN,EGCC,Enfidha - Hammamet,NBE,DTNH,,,17:50,21:10,16:50,20:10,200,1166,13567,5,2026-09-23T21:59:41.000Z
U22193,EZY,Manchester,MAN,EGCC,Zurich,ZRH,LSZH,,,18:00,20:55,17:00,18:55,115,544,1457,4,2026-09-24T08:57:48.000Z
U22219,EZY,Manchester,MAN,EGCC,Burgas,BOJ,LBBG,,,18:00,23:45,17:00,20:45,225,1348,246,3,2026-09-22T22:01:41.000Z
U22197,EZY,Manchester,MAN,EGCC,Munich,MUC,EDDM,,,18:05,21:10,17:05,19:10,125,610,13457,4,2026-09-24T08:57:48.000Z
U22181,EZY,Manchester,MAN,EGCC,Basel,BSL,LFSB,,,18:10,21:00,17:10,19:00,110,508,12457,4,2026-09-24T08:57:48.000Z
U22195,EZY,Manchester,MAN,EGCC,Hamburg,HAM,EDDH,,,18:15,20:50,17:15,18:50,95,438,135,2,2026-09-23T20:58:59.000Z
U22169,EZY,Manchester,MAN,EGCC,Amsterdam,AMS,EHAM,,,18:30,20:55,17:30,18:55,85,263,12457,5,2026-09-24T08:57:42.000Z
U22167,EZY,Manchester,MAN,EGCC,Amsterdam,AMS,EHAM,,,18:40,21:00,17:40,19:00,80,263,134567,4,2026-09-24T08:57:42.000Z
U22201,EZY,Manchester,MAN,EGCC,Berlin Brandenburg,BER,EDDB,,,18:40,21:35,17:40,19:35,115,574,134567,5,2026-09-24T08:57:44.000Z
U22121,EZY,Manchester,MAN,EGCC,Venice Marco Polo,VCE,LIPZ,,,18:45,22:10,17:45,20:10,145,738,247,3,2026-09-24T08:57:48.000Z
U22237,EZY,Manchester,MAN,EGCC,Copenhagen,CPH,EKCH,,,18:50,21:45,17:50,19:45,115,537,123457,4,2026-09-24T08:57:45.000Z
U22107,EZY,Manchester,MAN,EGCC,Paris Charles de Gaulle,CDG,LFPG,,,19:00,21:35,18:00,19:35,95,318,123457,6,2026-09-23T22:59:16.000Z
U22109,EZY,Manchester,MAN,EGCC,Paris Charles de Gaulle,CDG,LFPG,,,19:00,21:35,18:00,19:35,95,318,124567,5,2026-09-24T08:57:48.000Z
U22049,EZY,Manchester,MAN,EGCC,Madrid,MAD,LEMD,,,19:00,22:40,18:00,20:40,160,774,135,3,2026-09-24T00:01:27.000Z
U22041,EZY,Manchester,MAN,EGCC,Milan Malpensa,MXP,LIMC,,,19:05,22:20,18:05,20:20,135,630,57,2,2026-09-20T23:59:24.000Z
U21776,EJU,Manchester,MAN,EGCC,Nice,NCE,LFMN,,,19:35,22:50,18:35,20:50,135,692,3,1,2026-08-26T23:59:42.000Z
U27266,EJU,Manchester,MAN,EGCC,Majorca Palma,PMI,LEPA,,,20:05,23:40,19:05,21:40,155,853,24567,5,2026-09-19T02:58:52.000Z
U2707,EZY,Manchester,MAN,EGCC,Belfast Intl,BFS,EGAA,,,20:20,21:20,19:20,20:20,60,160,1234567,7,2026-09-24T00:01:27.000Z
U27270,EJU,Manchester,MAN,EGCC,Majorca Palma,PMI,LEPA,,,20:20,23:55,19:20,21:55,155,853,123467,4,2026-09-23T22:59:16.000Z
U21774,EJU,Manchester,MAN,EGCC,Nice,NCE,LFMN,,,21:05,00:25,20:05,22:25,140,692,15,2,2026-09-22T00:01:53.000Z
U25522,EJU,Manchester,MAN,EGCC,Alicante,ALC,LEAL,,,21:15,01:05,20:15,23:05,170,907,37,2,2026-09-24T01:01:37.000Z
U27020,EJU,Manchester,MAN,EGCC,Malaga,AGP,LEMG,,,21:30,01:35,20:30,23:35,185,1005,5,1,2026-09-19T02:58:51.000Z
U23840,EJU,Manchester,MAN,EGCC,Milan Malpensa,MXP,LIMC,,,21:35,00:50,20:35,22:50,135,630,1,1,2026-08-25T00:59:05.000Z
U21812,EJU,Manchester,MAN,EGCC,Bordeaux,BOD,LFBD,,,22:25,01:20,21:25,23:20,115,515,24,2,2026-09-04T01:01:41.000Z
U21772,EJU,Malta,MLA,LMML,Nice,NCE,LFMN,,,08:50,10:45,06:50,08:45,115,576,47,2,2026-09-24T08:57:49.000Z
U27974,EJU,Malta,MLA,LMML,Amsterdam,AMS,EHAM,,,10:40,13:55,08:40,11:55,195,1072,123457,4,2026-09-22T13:58:21.000Z
U26678,EZY,Malta,MLA,LMML,Birmingham,BHX,EGBB,,,11:10,13:50,09:10,12:50,220,1212,26,1,2026-09-22T14:05:40.000Z
U28762,EZY,Malta,MLA,LMML,London Gatwick,LGW,EGKK,,,11:20,13:45,09:20,12:45,205,1115,1234567,3,2026-09-24T08:57:48.000Z
U23440,EZY,Malta,MLA,LMML,Liverpool,LPL,EGGP,,,11:20,14:05,09:20,13:05,225,1278,26,2,2026-09-22T15:02:25.000Z
U23108,EZY,Malta,MLA,LMML,Glasgow,GLA,EGPF,,,11:30,14:30,09:30,13:30,240,1429,25,2,2026-09-22T15:02:24.000Z
U22274,EZY,Malta,MLA,LMML,Manchester,MAN,EGCC,,,11:55,14:30,09:55,13:30,215,1265,1234567,5,2026-09-24T08:57:48.000Z
U25728,EZY,Malta,MLA,LMML,London Southend,SEN,EGMC,,,12:15,14:30,10:15,13:30,195,1114,135,3,2026-09-23T14:59:34.000Z
U24286,EJU,Malta,MLA,LMML,Naples,NAP,LIRN,,,13:55,15:15,11:55,13:15,80,303,25,2,2026-08-28T14:59:56.000Z
U21574,EZS,Malta,MLA,LMML,Geneva,GVA,LSGG,,,14:25,16:45,12:25,14:45,140,729,246,3,2026-09-24T08:57:41.000Z
U21282,EZS,Malta,MLA,LMML,Basel,BSL,LFSB,,,20:00,22:25,18:00,20:25,145,771,26,2,2026-09-22T20:01:42.000Z
U25622,EZY,Malta,MLA,LMML,Newcastle,NCL,EGNT,,,20:20,23:05,18:20,22:05,225,1332,136,2,2026-09-23T23:59:06.000Z
U28764,EZY,Malta,MLA,LMML,London Gatwick,LGW,EGKK,,,20:30,22:50,18:30,21:50,200,1115,12457,5,2026-09-22T23:00:53.000Z
U28766,EZY,Malta,MLA,LMML,London Gatwick,LGW,EGKK,,,20:30,22:50,18:30,21:50,200,1115,4,1,2026-09-24T08:57:48.000Z
U24262,EJU,Malta,MLA,LMML,Naples,NAP,LIRN,,,21:00,22:20,19:00,20:20,80,303,123467,6,2026-08-30T22:00:29.000Z
U27976,EJU,Malta,MLA,LMML,Amsterdam,AMS,EHAM,,,21:45,00:55,19:45,22:55,190,1072,6,1,2026-08-30T00:00:51.000Z
U28768,EZY,Malta,MLA,LMML,London Gatwick,LGW,EGKK,,,21:55,00:15,19:55,23:15,200,1115,3,1,2026-09-24T00:59:25.000Z
U22748,EZY,Malta,MLA,LMML,Bristol,BRS,EGGD,,,22:30,00:45,20:30,23:45,195,1189,136,3,2026-09-24T01:59:54.000Z
U28390,EZY,Montpellier,MPL,LFMT,London Gatwick,LGW,EGKK,,,10:10,11:05,08:10,10:05,115,485,1234567,6,2026-09-24T08:57:48.000Z
U22100,EZY,Montpellier,MPL,LFMT,Manchester,MAN,EGCC,,,14:10,15:20,12:10,14:20,130,637,15,2,2026-09-21T18:00:34.000Z
U28392,EZY,Montpellier,MPL,LFMT,London Gatwick,LGW,EGKK,,,15:05,16:05,13:05,15:05,120,485,13567,5,2026-09-20T17:00:21.000Z
U27362,EJU,Montpellier,MPL,LFMT,Majorca Palma,PMI,LEPA,,,15:40,16:55,13:40,14:55,75,248,1347,4,2026-09-24T08:57:49.000Z
U21076,EZS,Montpellier,MPL,LFMT,Basel,BSL,LFSB,,,17:35,18:50,15:35,16:50,75,284,1357,4,2026-09-20T17:00:21.000Z
U21094,EZS,Montpellier,MPL,LFMT,Basel,BSL,LFSB,,,21:45,23:00,19:45,21:00,75,284,3,1,2026-09-23T21:59:43.000Z
U21804,EJU,Marseille Provence,MRS,LFML,Bordeaux,BOD,LFBD,,,08:50,10:00,06:50,08:00,70,269,12345,4,2026-09-24T08:57:44.000Z
U28440,EZY,Marseille Provence,MRS,LFML,London Gatwick,LGW,EGKK,,,11:35,12:30,09:35,11:30,115,512,1234567,6,2026-09-24T08:57:48.000Z
U21806,EJU,Marseille Provence,MRS,LFML,Bordeaux,BOD,LFBD,,,13:20,14:30,11:20,12:30,70,269,1457,4,2026-09-24T08:57:44.000Z
U22782,EZY,Marseille Provence,MRS,LFML,Bristol,BRS,EGGD,,,16:20,17:20,14:20,16:20,120,575,246,3,2026-09-19T18:59:40.000Z
U21844,EJU,Marseille Provence,MRS,LFML,Bordeaux,BOD,LFBD,,,17:40,18:50,15:40,16:50,70,269,1,1,2026-08-31T17:59:16.000Z
U21808,EJU,Marseille Provence,MRS,LFML,Bordeaux,BOD,LFBD,,,21:55,23:05,19:55,21:05,70,269,123457,5,2026-09-23T23:01:25.000Z
U28442,EZY,Marseille Provence,MRS,LFML,London Gatwick,LGW,EGKK,,,21:55,22:50,19:55,21:50,115,512,14567,5,2026-09-22T00:58:59.000Z
U24278,EJU,Munich,MUC,EDDM,Naples,NAP,LIRN,,,08:30,10:20,06:30,08:20,110,461,1356,3,2026-09-23T09:59:05.000Z
U22997,EJU,Munich,MUC,EDDM,Rome Fiumicino,FCO,LIRF,,,09:40,11:20,07:40,09:20,100,394,1234567,1,2026-09-24T08:57:48.000Z
U28638,EZY,Munich,MUC,EDDM,London Gatwick,LGW,EGKK,,,09:50,10:50,07:50,09:50,120,493,123456,2,2026-09-23T10:58:55.000Z
U23264,EZY,Munich,MUC,EDDM,Edinburgh,EDI,EGPH,,,10:00,11:20,08:00,10:20,140,718,123456,6,2026-09-23T12:01:44.000Z
U25754,EZY,Munich,MUC,EDDM,London Southend,SEN,EGMC,,,10:45,11:35,08:45,10:35,110,469,47,2,2026-09-24T08:57:49.000Z
U22930,EZY,Munich,MUC,EDDM,Bristol,BRS,EGGD,,,16:15,17:25,14:15,16:25,130,589,1357,4,2026-09-23T18:01:21.000Z
U28642,EZY,Munich,MUC,EDDM,London Gatwick,LGW,EGKK,,,16:20,17:30,14:20,16:30,130,493,14567,3,2026-09-24T08:57:48.000Z
U28640,EZY,Munich,MUC,EDDM,London Gatwick,LGW,EGKK,,,16:50,18:00,14:50,17:00,130,493,123457,5,2026-09-24T08:57:48.000Z
U22999,EJU,Munich,MUC,EDDM,Rome Fiumicino,FCO,LIRF,,,17:25,19:05,15:25,17:05,100,394,1234567,1,2026-09-24T08:57:48.000Z
U22544,EZY,Munich,MUC,EDDM,London Luton,LTN,EGGW,,,18:25,19:25,16:25,18:25,120,513,3457,4,2026-09-24T08:57:48.000Z
U23946,EJU,Munich,MUC,EDDM,Milan Malpensa,MXP,LIMC,,,19:15,20:25,17:15,18:25,70,206,1357,4,2026-09-23T19:59:18.000Z
U23952,EJU,Munich,MUC,EDDM,Milan Malpensa,MXP,LIMC,,,21:00,22:10,19:00,20:10,70,206,246,3,2026-09-22T21:58:57.000Z
U22198,EZY,Munich,MUC,EDDM,Manchester,MAN,EGCC,,,21:45,22:55,19:45,21:55,130,610,13457,4,2026-09-23T22:59:16.000Z
U23669,EJU,Milan Malpensa,MXP,LIMC,Preveza,PVK,LGPZ,,,05:00,08:00,03:00,05:00,120,668,5,1,2026-08-28T06:59:54.000Z
U23505,EJU,Milan Malpensa,MXP,LIMC,Sicily Palermo,PMO,LICJ,,,06:00,07:45,04:00,05:45,105,488,12356,5,2026-09-23T07:00:14.000Z
U23663,EJU,Milan Malpensa,MXP,LIMC,Mykonos,JMK,LGMK,,,06:00,09:40,04:00,06:40,160,892,1234567,1,2026-09-24T07:59:39.000Z
U23661,EJU,Milan Malpensa,MXP,LIMC,Skiathos,JSI,LGSK,,,06:00,09:20,04:00,06:20,140,759,12357,5,2026-08-30T07:59:44.000Z
U23557,EJU,Milan Malpensa,MXP,LIMC,Lamezia,SUF,LICA,,,06:00,07:45,04:00,05:45,105,524,157,2,2026-09-21T06:59:04.000Z
U23857,EJU,Milan Malpensa,MXP,LIMC,Amsterdam,AMS,EHAM,,,06:05,08:00,04:05,06:00,115,430,1,1,2026-09-21T08:00:53.000Z
U23845,EJU,Milan Malpensa,MXP,LIMC,Edinburgh,EDI,EGPH,,,06:05,07:40,04:05,06:40,155,769,2,1,2026-08-25T07:59:26.000Z
U23851,EJU,Milan Malpensa,MXP,LIMC,Amsterdam,AMS,EHAM,,,06:10,08:10,04:10,06:10,120,430,12457,4,2026-09-24T08:57:42.000Z
U23853,EJU,Milan Malpensa,MXP,LIMC,Amsterdam,AMS,EHAM,,,06:10,08:10,04:10,06:10,120,430,36,1,2026-09-23T08:00:59.000Z
U23735,EJU,Milan Malpensa,MXP,LIMC,Ibiza,IBZ,LEIB,,,06:10,08:05,04:10,06:05,115,521,1234567,5,2026-09-24T07:59:37.000Z
U23779,EJU,Milan Malpensa,MXP,LIMC,Barcelona,BCN,LEBL,,,06:20,07:55,04:20,05:55,95,389,13457,5,2026-09-24T07:01:46.000Z
U23689,EJU,Milan Malpensa,MXP,LIMC,Kefalonia,EFL,LGKF,,,06:30,09:45,04:30,06:45,135,692,23467,5,2026-09-23T08:01:01.000Z
U23805,EJU,Milan Malpensa,MXP,LIMC,Paris Charles de Gaulle,CDG,LFPG,,,06:30,08:05,04:30,06:05,95,323,12467,3,2026-09-24T06:58:49.000Z
U23873,EJU,Milan Malpensa,MXP,LIMC,Lisbon,LIS,LPPT,,,06:30,08:30,04:30,07:30,180,892,1356,4,2026-09-23T09:00:42.000Z
U23941,EJU,Milan Malpensa,MXP,LIMC,Dusseldorf,DUS,EDDL,,,06:40,08:15,04:40,06:15,95,349,124567,4,2026-09-24T07:59:36.000Z
U23743,EJU,Milan Malpensa,MXP,LIMC,Malaga,AGP,LEMG,,,06:45,09:25,04:45,07:25,160,802,1234567,5,2026-09-24T08:57:49.000Z
U23535,EJU,Milan Malpensa,MXP,LIMC,Sicily Catania,CTA,LICC,,,06:45,08:40,04:45,06:40,115,566,12456,3,2026-09-24T07:59:33.000Z
U23931,EJU,Milan Malpensa,MXP,LIMC,Rabat Sale Airport,RBA,GMME,,,06:50,07:55,04:50,07:55,185,993,135,3,2026-09-23T09:59:05.000Z
U23747,EJU,Milan Malpensa,MXP,LIMC,Majorca Palma,PMI,LEPA,,,06:50,08:35,04:50,06:35,105,451,27,2,2026-08-30T07:59:43.000Z
U23789,EJU,Milan Malpensa,MXP,LIMC,Seville,SVQ,LEZL,,,06:55,09:35,04:55,07:35,160,819,13457,4,2026-09-24T08:57:50.000Z
U28280,EJU,Milan Malpensa,MXP,LIMC,London Gatwick,LGW,EGKK,,,06:55,07:55,04:55,06:55,120,485,7,1,2026-09-20T13:58:47.000Z
U23501,EJU,Milan Malpensa,MXP,LIMC,Sicily Palermo,PMO,LICJ,,,07:00,08:45,05:00,06:45,105,488,1234567,1,2026-09-24T07:59:36.000Z
U23671,EJU,Milan Malpensa,MXP,LIMC,Santorini,JTR,LGSR,,,07:00,10:40,05:00,07:40,160,937,12456,2,2026-09-22T09:01:06.000Z
U23753,EJU,Milan Malpensa,MXP,LIMC,Barcelona,BCN,LEBL,,,07:00,08:35,05:00,06:35,95,389,237,3,2026-09-23T08:00:59.000Z
U23587,EJU,Milan Malpensa,MXP,LIMC,Sardinia Olbia,OLB,LIEO,,,07:00,08:20,05:00,06:20,80,286,1367,4,2026-09-23T08:01:08.000Z
U23913,EJU,Milan Malpensa,MXP,LIMC,Prague,PRG,LKPR,,,07:05,08:35,05:05,06:35,90,349,5,1,2026-09-18T07:59:35.000Z
U23997,EJU,Milan Malpensa,MXP,LIMC,Tbilisi,TBS,UGTB,,,07:10,13:25,05:10,09:25,255,1578,2347,3,2026-09-24T08:57:50.000Z
U23947,EJU,Milan Malpensa,MXP,LIMC,Berlin Brandenburg,BER,EDDB,,,07:10,08:55,05:10,06:55,105,446,6,1,2026-09-19T08:01:34.000Z
U23577,EJU,Milan Malpensa,MXP,LIMC,Naples,NAP,LIRN,,,07:10,08:45,05:10,06:45,95,374,134567,6,2026-09-24T07:59:40.000Z
U23583,EJU,Milan Malpensa,MXP,LIMC,Sardinia Olbia,OLB,LIEO,,,07:10,08:30,05:10,06:30,80,286,123456,4,2026-09-24T07:59:41.000Z
U23783,EJU,Milan Malpensa,MXP,LIMC,Gran Canaria,LPA,GCLP,,,07:15,10:40,05:15,09:40,265,1561,237,2,2026-09-23T10:58:53.000Z
U23775,EJU,Milan Malpensa,MXP,LIMC,Fuerteventura,FUE,GCFV,,,07:15,10:35,05:15,09:35,260,1485,134567,5,2026-09-23T17:59:02.000Z
U23919,EJU,Milan Malpensa,MXP,LIMC,Marsa Alam,RMF,HEMA,,,07:20,12:45,05:20,09:45,265,1731,4,1,2026-09-24T08:57:49.000Z
U23651,EJU,Milan Malpensa,MXP,LIMC,Athens,ATH,LGAV,,,07:25,10:55,05:25,07:55,150,821,124567,6,2026-09-24T08:57:41.000Z
U23721,EJU,Milan Malpensa,MXP,LIMC,Bilbao,BIO,LEBB,,,07:25,09:25,05:25,07:25,120,517,1246,4,2026-09-24T08:57:44.000Z
U23723,EJU,Milan Malpensa,MXP,LIMC,Tenerife South,TFS,GCTS,,,07:25,11:00,05:25,10:00,275,1598,6,1,2026-09-19T11:58:51.000Z
U23969,EJU,Milan Malpensa,MXP,LIMC,Reykjavik Keflavik,KEF,BIKF,,,07:30,09:55,05:30,09:55,265,1517,1234567,5,2026-09-24T08:57:47.000Z
U28302,EJU,Milan Malpensa,MXP,LIMC,London Gatwick,LGW,EGKK,,,07:30,08:35,05:30,07:35,125,485,1234567,3,2026-09-24T08:57:48.000Z
U23513,EJU,Milan Malpensa,MXP,LIMC,Brindisi,BDS,LIBR,,,07:35,09:25,05:35,07:25,110,502,1346,4,2026-09-23T09:00:37.000Z
U23683,EJU,Milan Malpensa,MXP,LIMC,Rhodes,RHO,LGRP,,,07:45,11:40,05:45,08:40,175,1033,123567,6,2026-09-22T10:01:22.000Z
U23895,EJU,Milan Malpensa,MXP,LIMC,Marsa Alam,RMF,HEMA,,,08:00,13:25,06:00,10:25,265,1731,2367,4,2026-09-22T11:59:56.000Z
U27154,EJU,Milan Malpensa,MXP,LIMC,Barcelona,BCN,LEBL,,,08:00,09:35,06:00,07:35,95,389,14567,5,2026-09-21T08:59:45.000Z
U23807,EJU,Milan Malpensa,MXP,LIMC,Paris Charles de Gaulle,CDG,LFPG,,,08:00,09:35,06:00,07:35,95,323,467,3,2026-09-20T08:59:54.000Z
U23761,EJU,Milan Malpensa,MXP,LIMC,Menorca Mahon,MAH,LEMH,,,08:00,09:40,06:00,07:40,100,399,124567,5,2026-09-22T09:01:05.000Z
U23835,EJU,Milan Malpensa,MXP,LIMC,Manchester,MAN,EGCC,,,08:00,09:10,06:00,08:10,130,630,12346,4,2026-09-24T08:57:49.000Z
U23821,EJU,Milan Malpensa,MXP,LIMC,Paris Orly,ORY,LFPO,,,08:00,09:35,06:00,07:35,95,319,1234,4,2026-09-24T08:57:49.000Z
U24542,EJU,Milan Malpensa,MXP,LIMC,Paris Charles de Gaulle,CDG,LFPG,,,08:05,09:40,06:05,07:40,95,323,123456,4,2026-09-24T08:57:49.000Z
U24120,EJU,Milan Malpensa,MXP,LIMC,Naples,NAP,LIRN,,,08:10,09:45,06:10,07:45,95,374,1234,3,2026-09-24T08:57:49.000Z
U23989,EJU,Milan Malpensa,MXP,LIMC,Luxor,LXR,HELX,,,08:15,13:35,06:15,10:35,260,1662,1,1,2026-09-21T12:00:52.000Z
U25088,EJU,Milan Malpensa,MXP,LIMC,Berlin Brandenburg,BER,EDDB,,,08:20,10:05,06:20,08:05,105,446,123457,5,2026-09-23T11:01:16.000Z
U23899,EJU,Milan Malpensa,MXP,LIMC,Sharm El Sheikh,SSH,HESH,,,08:30,13:45,06:30,10:45,255,1614,7,1,2026-08-30T12:00:02.000Z
U27308,EJU,Milan Malpensa,MXP,LIMC,Majorca Palma,PMI,LEPA,,,09:35,11:20,07:35,09:20,105,451,3,1,2026-09-16T10:59:00.000Z
U27310,EJU,Milan Malpensa,MXP,LIMC,Majorca Palma,PMI,LEPA,319,A319,09:45,11:30,07:45,09:30,105,451,23456,5,2026-09-24T08:57:48.000Z
U23667,EJU,Milan Malpensa,MXP,LIMC,Mykonos,JMK,LGMK,,,09:50,13:30,07:50,10:30,160,892,13467,5,2026-08-30T13:00:23.000Z
U28314,EJU,Milan Malpensa,MXP,LIMC,London Gatwick,LGW,EGKK,,,10:25,11:25,08:25,10:25,120,485,14,2,2026-09-24T08:57:48.000Z
U23567,EJU,Milan Malpensa,MXP,LIMC,Sardinia Cagliari,CAG,LIEE,,,10:30,12:05,08:30,10:05,95,383,1257,4,2026-09-21T12:00:45.000Z
U28304,EZY,Milan Malpensa,MXP,LIMC,London Gatwick,LGW,EGKK,,,10:30,11:30,08:30,10:30,120,485,12357,2,2026-09-23T12:01:50.000Z
U23777,EJU,Milan Malpensa,MXP,LIMC,Barcelona,BCN,LEBL,,,10:35,12:10,08:35,10:10,95,389,17,2,2026-09-21T12:00:44.000Z
U27670,EJU,Milan Malpensa,MXP,LIMC,Lisbon,LIS,LPPT,,,10:45,12:45,08:45,11:45,180,892,167,3,2026-09-20T13:01:42.000Z
U23585,EJU,Milan Malpensa,MXP,LIMC,Sardinia Olbia,OLB,LIEO,,,10:45,12:05,08:45,10:05,80,286,234567,4,2026-09-22T11:59:56.000Z
U27221,EJU,Milan Malpensa,MXP,LIMC,Ibiza,IBZ,LEIB,,,10:50,12:45,08:50,10:45,115,521,6,1,2026-09-19T11:58:48.000Z
U22486,EZY,Milan Malpensa,MXP,LIMC,London Luton,LTN,EGGW,,,11:00,12:05,09:00,11:05,125,519,1347,3,2026-09-24T08:57:48.000Z
U28143,EJU,Milan Malpensa,MXP,LIMC,London Gatwick,LGW,EGKK,,,11:05,12:05,09:05,11:05,120,485,2,1,2026-09-22T12:58:53.000Z
U23871,EJU,Milan Malpensa,MXP,LIMC,Lisbon,LIS,LPPT,,,11:05,13:05,09:05,12:05,180,892,234,3,2026-09-24T08:57:48.000Z
U22070,EZY,Milan Malpensa,MXP,LIMC,Manchester,MAN,EGCC,,,11:05,12:15,09:05,11:15,130,630,37,2,2026-09-23T12:59:27.000Z
U23829,EJU,Milan Malpensa,MXP,LIMC,Biarritz,BIQ,LFBZ,,,11:10,12:55,09:10,10:55,105,457,15,2,2026-09-21T12:00:43.000Z
U23773,EJU,Milan Malpensa,MXP,LIMC,La Coruña,LCG,LECO,,,11:10,13:40,09:10,11:40,150,745,26,2,2026-09-22T20:01:36.000Z
U23961,EJU,Milan Malpensa,MXP,LIMC,Bordeaux,BOD,LFBD,,,11:10,12:45,09:10,10:45,95,402,46,2,2026-09-19T12:59:57.000Z
U23665,EJU,Milan Malpensa,MXP,LIMC,Mykonos,JMK,LGMK,,,11:15,14:55,09:15,11:55,160,892,1234567,3,2026-08-30T13:59:49.000Z
U23767,EJU,Milan Malpensa,MXP,LIMC,Menorca Mahon,MAH,LEMH,,,11:15,12:55,09:15,10:55,100,399,345,3,2026-09-09T12:01:25.000Z
U23903,EJU,Milan Malpensa,MXP,LIMC,Prague,PRG,LKPR,,,11:15,12:45,09:15,10:45,90,349,123456,5,2026-09-24T08:57:48.000Z
U23759,EJU,Milan Malpensa,MXP,LIMC,Lanzarote,ACE,GCRR,,,11:20,14:35,09:20,13:35,255,1454,12346,5,2026-09-23T14:59:34.000Z
U23539,EJU,Milan Malpensa,MXP,LIMC,Sicily Catania,CTA,LICC,,,11:20,13:15,09:20,11:15,115,566,1234567,5,2026-09-24T08:57:44.000Z
U23629,EJU,Milan Malpensa,MXP,LIMC,Sardinia Olbia,OLB,LIEO,,,11:20,12:40,09:20,10:40,80,286,7,1,2026-08-30T12:00:01.000Z
U24752,EJU,Milan Malpensa,MXP,LIMC,Nantes,NTE,LFRS,,,11:30,13:10,09:30,11:10,100,437,34,2,2026-09-24T08:57:48.000Z
U23537,EJU,Milan Malpensa,MXP,LIMC,Sicily Catania,CTA,LICC,,,11:35,13:30,09:35,11:30,115,566,16,2,2026-09-21T13:00:33.000Z
U23693,EJU,Milan Malpensa,MXP,LIMC,Zante Zakynthos,ZTH,LGZA,,,11:35,15:00,09:35,12:00,145,720,123467,5,2026-09-22T15:02:28.000Z
U23803,EJU,Milan Malpensa,MXP,LIMC,Bordeaux,BOD,LFBD,,,11:35,13:10,09:35,11:10,95,402,123457,6,2026-09-24T08:57:44.000Z
U23801,EJU,Milan Malpensa,MXP,LIMC,Nantes,NTE,LFRS,,,11:35,13:20,09:35,11:20,105,437,12457,4,2026-09-22T12:58:54.000Z
U23843,EJU,Milan Malpensa,MXP,LIMC,Bristol,BRS,EGGD,,,11:40,12:45,09:40,11:45,125,570,145,3,2026-09-21T15:00:17.000Z
U23817,EJU,Milan Malpensa,MXP,LIMC,Paris Charles de Gaulle,CDG,LFPG,,,11:40,13:15,09:40,11:15,95,323,15,2,2026-09-21T13:00:38.000Z
U23887,EJU,Milan Malpensa,MXP,LIMC,Sharm El Sheikh,SSH,HESH,,,11:45,17:00,09:45,14:00,255,1614,267,3,2026-09-22T16:00:07.000Z
U23657,EJU,Milan Malpensa,MXP,LIMC,Corfu,CFU,LGKR,,,11:50,14:55,09:50,11:55,125,612,124567,5,2026-09-08T13:59:22.000Z
U23575,EJU,Milan Malpensa,MXP,LIMC,Naples,NAP,LIRN,,,11:55,13:30,09:55,11:30,95,374,4567,4,2026-09-24T08:57:48.000Z
U23809,EJU,Milan Malpensa,MXP,LIMC,Paris Charles de Gaulle,CDG,LFPG,,,12:00,13:35,10:00,11:35,95,323,67,2,2026-09-20T13:01:44.000Z
U24546,EJU,Milan Malpensa,MXP,LIMC,Paris Charles de Gaulle,CDG,LFPG,,,12:00,13:35,10:00,11:35,95,323,135,3,2026-09-23T12:59:27.000Z
U28353,EJU,Milan Malpensa,MXP,LIMC,London Gatwick,LGW,EGKK,,,12:00,13:00,10:00,12:00,120,485,6,1,2026-09-19T13:59:15.000Z
U23515,EJU,Milan Malpensa,MXP,LIMC,Brindisi,BDS,LIBR,,,12:05,13:55,10:05,11:55,110,502,123457,4,2026-09-24T08:57:44.000Z
U21898,EJU,Milan Malpensa,MXP,LIMC,Bordeaux,BOD,LFBD,,,12:05,13:45,10:05,11:45,100,402,137,3,2026-09-21T13:00:32.000Z
U23655,EJU,Milan Malpensa,MXP,LIMC,Athens,ATH,LGAV,,,12:10,15:40,10:10,12:40,150,821,57,2,2026-09-18T14:01:16.000Z
U23623,EJU,Milan Malpensa,MXP,LIMC,Sicily Palermo,PMO,LICJ,,,12:10,13:55,10:10,11:55,105,488,67,2,2026-09-19T13:59:13.000Z
U23927,EJU,Milan Malpensa,MXP,LIMC,Marrakech,RAK,GMMX,,,12:15,13:40,10:15,13:40,205,1148,2357,4,2026-09-23T14:59:35.000Z
U23627,EJU,Milan Malpensa,MXP,LIMC,Bari,BRI,LIBD,,,12:20,13:55,10:20,11:55,95,442,4,1,2026-09-24T08:57:42.000Z
U23639,EJU,Milan Malpensa,MXP,LIMC,Bari,BRI,LIBD,,,12:20,13:55,10:20,11:55,95,442,7,1,2026-09-20T14:01:36.000Z
U26014,EJU,Milan Malpensa,MXP,LIMC,Marrakech,RAK,GMMX,,,12:20,13:45,10:20,13:45,205,1148,157,3,2026-09-21T15:00:22.000Z
U23687,EJU,Milan Malpensa,MXP,LIMC,Kos,KGS,LGKO,,,12:30,16:20,10:30,13:20,170,981,123467,4,2026-08-30T15:01:56.000Z
U23929,EJU,Milan Malpensa,MXP,LIMC,Marrakech,RAK,GMMX,,,12:35,14:00,10:35,14:00,205,1148,13467,5,2026-09-24T08:57:48.000Z
U23523,EJU,Milan Malpensa,MXP,LIMC,Bari,BRI,LIBD,,,12:40,14:15,10:40,12:15,95,442,1235,4,2026-09-23T14:01:10.000Z
U23983,EJU,Milan Malpensa,MXP,LIMC,Cairo Sphinx,SPX,HESX,,,12:45,17:50,10:45,14:50,245,1396,246,3,2026-09-24T08:57:46.000Z
U23561,EJU,Milan Malpensa,MXP,LIMC,Lamezia,SUF,LICA,,,12:50,14:40,10:50,12:40,110,524,4,1,2026-09-24T08:57:48.000Z
U23993,EJU,Milan Malpensa,MXP,LIMC,Sal - Cape Verde,SID,GVAC,,,13:00,16:15,11:00,17:15,375,2349,246,2,2026-09-24T08:57:41.000Z
U23503,EJU,Milan Malpensa,MXP,LIMC,Sicily Palermo,PMO,LICJ,,,13:05,14:50,11:05,12:50,105,488,12567,5,2026-09-22T14:05:42.000Z
U23541,EJU,Milan Malpensa,MXP,LIMC,Sicily Catania,CTA,LICC,,,13:05,15:00,11:05,13:00,115,566,57,2,2026-09-20T15:01:08.000Z
U23733,EJU,Milan Malpensa,MXP,LIMC,Tenerife South,TFS,GCTS,,,13:10,16:50,11:10,15:50,280,1598,1234567,7,2026-09-24T08:57:48.000Z
U23681,EJU,Milan Malpensa,MXP,LIMC,Crete Chania,CHQ,LGSA,,,13:20,17:00,11:20,14:00,160,926,23467,5,2026-08-30T16:01:19.000Z
U23521,EJU,Milan Malpensa,MXP,LIMC,Sardinia Cagliari,CAG,LIEE,,,13:30,15:00,11:30,13:00,90,383,3457,4,2026-09-24T08:57:44.000Z
U24122,EJU,Milan Malpensa,MXP,LIMC,Naples,NAP,LIRN,,,13:35,15:05,11:35,13:05,90,374,124,3,2026-09-24T08:57:48.000Z
U23739,EJU,Milan Malpensa,MXP,LIMC,Ibiza,IBZ,LEIB,,,13:40,15:40,11:40,13:40,120,521,2357,3,2026-09-23T16:00:48.000Z
U23599,EJU,Milan Malpensa,MXP,LIMC,Sicily Lampedusa,LMP,LICD,,,13:50,15:55,11:50,13:55,125,634,1234567,7,2026-09-23T14:59:28.000Z
U22842,EZY,Milan Malpensa,MXP,LIMC,Bristol,BRS,EGGD,,,13:55,15:05,11:55,14:05,130,570,234567,6,2026-09-24T08:57:44.000Z
U28150,EJU,Milan Malpensa,MXP,LIMC,London Gatwick,LGW,EGKK,,,13:55,15:00,11:55,14:00,125,485,346,3,2026-09-24T08:57:48.000Z
U28148,EJU,Milan Malpensa,MXP,LIMC,London Gatwick,LGW,EGKK,,,14:00,15:00,12:00,14:00,120,485,135,3,2026-09-23T16:00:48.000Z
U23755,EJU,Milan Malpensa,MXP,LIMC,Barcelona,BCN,LEBL,,,14:05,15:40,12:05,13:40,95,389,45,2,2026-09-24T08:57:42.000Z
U23763,EJU,Milan Malpensa,MXP,LIMC,Menorca Mahon,MAH,LEMH,,,14:05,15:45,12:05,13:45,100,399,467,3,2026-09-24T08:57:48.000Z
U23893,EJU,Milan Malpensa,MXP,LIMC,Hurghada,HRG,HEGN,,,14:30,19:45,12:30,16:45,255,1629,236,3,2026-09-23T17:59:02.000Z
U23897,EJU,Milan Malpensa,MXP,LIMC,Sharm El Sheikh,SSH,HESH,,,14:30,19:45,12:30,16:45,255,1614,123567,6,2026-09-23T17:59:06.000Z
U24130,EJU,Milan Malpensa,MXP,LIMC,Naples,NAP,LIRN,,,14:30,16:00,12:30,14:00,90,374,7,1,2026-09-20T15:59:39.000Z
U23543,EJU,Milan Malpensa,MXP,LIMC,Sicily Catania,CTA,LICC,,,14:40,16:35,12:40,14:35,115,566,34567,5,2026-09-24T08:57:44.000Z
U23673,EJU,Milan Malpensa,MXP,LIMC,Santorini,JTR,LGSR,,,14:50,18:35,12:50,15:35,165,937,12367,5,2026-08-30T17:00:43.000Z
U26886,EJU,Milan Malpensa,MXP,LIMC,Porto,OPO,LPPR,,,14:55,16:35,12:55,15:35,160,801,15,2,2026-09-21T18:00:31.000Z
U23811,EJU,Milan Malpensa,MXP,LIMC,Paris Charles de Gaulle,CDG,LFPG,,,15:00,16:35,13:00,14:35,95,323,67,2,2026-09-20T15:59:39.000Z
U28308,EJU,Milan Malpensa,MXP,LIMC,London Gatwick,LGW,EGKK,,,15:05,16:05,13:05,15:05,120,485,2457,4,2026-09-22T16:59:25.000Z
U24544,EJU,Milan Malpensa,MXP,LIMC,Paris Charles de Gaulle,CDG,LFPG,,,15:10,16:45,13:10,14:45,95,323,12345,5,2026-09-24T08:57:48.000Z
U23975,EJU,Milan Malpensa,MXP,LIMC,Reykjavik Keflavik,KEF,BIKF,,,15:20,17:45,13:20,17:45,265,1517,35,2,2026-09-23T19:59:18.000Z
U23819,EJU,Milan Malpensa,MXP,LIMC,Toulouse,TLS,LFBO,,,15:20,16:50,13:20,14:50,90,337,125,2,2026-09-21T15:59:00.000Z
U23795,EJU,Milan Malpensa,MXP,LIMC,Fuerteventura,FUE,GCFV,,,15:25,18:40,13:25,17:40,255,1485,246,3,2026-09-24T08:57:46.000Z
U23731,EJU,Milan Malpensa,MXP,LIMC,Bilbao,BIO,LEBB,,,15:25,17:25,13:25,15:25,120,517,123457,6,2026-09-24T08:57:44.000Z
U23581,EJU,Milan Malpensa,MXP,LIMC,Naples,NAP,LIRN,,,15:45,17:15,13:45,15:15,90,374,134,3,2026-09-24T08:57:48.000Z
U23907,EJU,Milan Malpensa,MXP,LIMC,Prague,PRG,LKPR,,,15:50,17:20,13:50,15:20,90,349,347,3,2026-09-23T17:00:58.000Z
U23901,EJU,Milan Malpensa,MXP,LIMC,Prague,PRG,LKPR,,,15:55,17:25,13:55,15:25,90,349,124567,6,2026-09-24T08:57:48.000Z
U23507,EJU,Milan Malpensa,MXP,LIMC,Sicily Palermo,PMO,LICJ,,,16:10,17:55,14:10,15:55,105,488,1234567,6,2026-09-24T08:57:46.000Z
U27814,EJU,Milan Malpensa,MXP,LIMC,Amsterdam,AMS,EHAM,,,16:20,18:15,14:20,16:15,115,430,145,3,2026-09-24T08:57:42.000Z
U27223,EJU,Milan Malpensa,MXP,LIMC,Menorca Mahon,MAH,LEMH,,,16:35,18:15,14:35,16:15,100,399,1267,3,2026-08-30T17:59:31.000Z
U23589,EJU,Milan Malpensa,MXP,LIMC,Sardinia Olbia,OLB,LIEO,,,16:40,18:05,14:40,16:05,85,286,1234567,7,2026-09-24T08:57:48.000Z
U23619,EJU,Milan Malpensa,MXP,LIMC,Sardinia Olbia,OLB,LIEO,,,16:45,18:10,14:45,16:10,85,286,1457,4,2026-09-21T19:00:12.000Z
U28306,EZY,Milan Malpensa,MXP,LIMC,London Gatwick,LGW,EGKK,,,16:50,17:50,14:50,16:50,120,485,124567,5,2026-09-24T08:57:48.000Z
U23891,EJU,Milan Malpensa,MXP,LIMC,Sharm El Sheikh,SSH,HESH,,,17:00,22:15,15:00,19:15,255,1614,134567,6,2026-09-24T08:57:48.000Z
U23915,EJU,Milan Malpensa,MXP,LIMC,Sharm El Sheikh,SSH,HESH,,,17:00,22:15,15:00,19:15,255,1614,5,1,2026-08-28T21:00:12.000Z
U24548,EJU,Milan Malpensa,MXP,LIMC,Paris Charles de Gaulle,CDG,LFPG,,,17:00,18:35,15:00,16:35,95,323,1345,4,2026-09-24T08:57:48.000Z
U23555,EJU,Milan Malpensa,MXP,LIMC,Strasbourg,SXB,LFST,,,17:10,18:20,15:10,16:20,70,180,15,2,2026-09-21T19:00:13.000Z
U23565,EJU,Milan Malpensa,MXP,LIMC,Sardinia Cagliari,CAG,LIEE,,,17:10,18:45,15:10,16:45,95,383,1234567,6,2026-09-13T17:59:48.000Z
U23905,EJU,Milan Malpensa,MXP,LIMC,Prague,PRG,LKPR,,,17:20,18:50,15:20,16:50,90,349,123457,6,2026-09-24T08:57:48.000Z
U23945,EJU,Milan Malpensa,MXP,LIMC,Munich,MUC,EDDM,,,17:30,18:40,15:30,16:40,70,206,1357,4,2026-09-23T17:59:04.000Z
U23593,EJU,Milan Malpensa,MXP,LIMC,Sardinia Olbia,OLB,LIEO,,,17:40,19:00,15:40,17:00,80,286,1346,4,2026-08-29T19:59:56.000Z
U23597,EJU,Milan Malpensa,MXP,LIMC,Sardinia Olbia,OLB,LIEO,,,17:50,19:10,15:50,17:10,80,286,257,3,2026-09-20T18:59:11.000Z
U23637,EJU,Milan Malpensa,MXP,LIMC,Sicily Lampedusa,LMP,LICD,,,17:55,20:00,15:55,18:00,125,634,2456,4,2026-09-24T08:57:41.000Z
U23833,EJU,Milan Malpensa,MXP,LIMC,Edinburgh,EDI,EGPH,,,18:00,19:35,16:00,18:35,155,769,123457,4,2026-09-24T07:59:36.000Z
U23985,EJU,Milan Malpensa,MXP,LIMC,Hamburg,HAM,EDDH,,,18:05,19:50,16:05,17:50,105,483,157,3,2026-09-21T19:00:08.000Z
U23573,EJU,Milan Malpensa,MXP,LIMC,Lamezia,SUF,LICA,,,18:10,20:00,16:10,18:00,110,524,7,1,2026-08-30T19:59:59.000Z
U23705,EJU,Milan Malpensa,MXP,LIMC,Skiathos,JSI,LGSK,,,18:15,21:35,16:15,18:35,140,759,4,1,2026-08-27T19:58:35.000Z
U23545,EJU,Milan Malpensa,MXP,LIMC,Sicily Catania,CTA,LICC,,,18:20,20:15,16:20,18:15,115,566,147,3,2026-09-24T08:57:44.000Z
U23855,EJU,Milan Malpensa,MXP,LIMC,Amsterdam,AMS,EHAM,,,18:25,20:20,16:25,18:20,115,430,12367,5,2026-09-23T20:01:48.000Z
U23745,EJU,Milan Malpensa,MXP,LIMC,Malaga,AGP,LEMG,,,18:30,21:10,16:30,19:10,160,802,1234567,7,2026-09-24T08:57:48.000Z
U28310,EJU,Milan Malpensa,MXP,LIMC,London Gatwick,LGW,EGKK,,,18:35,19:35,16:35,18:35,120,485,123457,5,2026-09-24T08:57:48.000Z
U23695,EJU,Milan Malpensa,MXP,LIMC,Thessaloniki,SKG,LGTS,,,18:40,21:50,16:40,18:50,130,695,247,3,2026-09-24T08:57:48.000Z
U23943,EJU,Milan Malpensa,MXP,LIMC,Dusseldorf,DUS,EDDL,,,18:50,20:25,16:50,18:25,95,349,123457,1,2026-09-24T08:57:46.000Z
U23823,EJU,Milan Malpensa,MXP,LIMC,Paris Orly,ORY,LFPO,,,18:50,20:25,16:50,18:25,95,319,123457,6,2026-09-24T08:57:48.000Z
U23679,EJU,Milan Malpensa,MXP,LIMC,Crete Heraklion,HER,LGIR,,,18:55,22:40,16:55,19:40,165,969,234567,4,2026-09-24T08:57:48.000Z
U23697,EJU,Milan Malpensa,MXP,LIMC,Mykonos,JMK,LGMK,,,18:55,22:30,16:55,19:30,155,892,257,3,2026-08-30T21:00:18.000Z
U23831,EJU,Milan Malpensa,MXP,LIMC,London Luton,LTN,EGGW,,,18:55,20:00,16:55,19:00,125,519,5,1,2026-09-18T20:59:34.000Z
U23653,EJU,Milan Malpensa,MXP,LIMC,Athens,ATH,LGAV,,,19:00,22:30,17:00,19:30,150,821,123467,5,2026-09-24T08:57:48.000Z
U23951,EJU,Milan Malpensa,MXP,LIMC,Munich,MUC,EDDM,,,19:05,20:15,17:05,18:15,70,206,246,3,2026-09-22T20:01:42.000Z
U23547,EJU,Milan Malpensa,MXP,LIMC,Sicily Catania,CTA,LICC,,,19:05,21:00,17:05,19:00,115,566,1234567,6,2026-09-23T18:01:20.000Z
U23771,EJU,Milan Malpensa,MXP,LIMC,Malaga,AGP,LEMG,,,19:20,22:00,17:20,20:00,160,802,1367,4,2026-09-20T22:00:44.000Z
U23813,EJU,Milan Malpensa,MXP,LIMC,Paris Charles de Gaulle,CDG,LFPG,,,19:20,20:55,17:20,18:55,95,323,234567,4,2026-09-23T20:59:01.000Z
U23977,EJU,Milan Malpensa,MXP,LIMC,Evenes-Lofoten,EVE,ENEV,,,19:25,23:20,17:25,21:20,235,1394,14,2,2026-09-01T00:00:09.000Z
U23659,EJU,Milan Malpensa,MXP,LIMC,Corfu,CFU,LGKR,,,19:25,22:25,17:25,19:25,120,612,123567,6,2026-09-12T20:59:37.000Z
U23531,EJU,Milan Malpensa,MXP,LIMC,Bari,BRI,LIBD,,,19:30,21:10,17:30,19:10,100,442,13457,5,2026-09-24T08:57:42.000Z
U23799,EJU,Milan Malpensa,MXP,LIMC,Bordeaux,BOD,LFBD,,,19:30,21:10,17:30,19:10,100,402,2,1,2026-08-25T21:00:52.000Z
U23579,EJU,Milan Malpensa,MXP,LIMC,Naples,NAP,LIRN,,,19:30,21:00,17:30,19:00,90,374,3567,4,2026-09-23T20:59:00.000Z
U23949,EJU,Milan Malpensa,MXP,LIMC,Hamburg,HAM,EDDH,,,19:45,21:30,17:45,19:30,105,483,1234567,6,2026-09-24T08:57:48.000Z
U23517,EJU,Milan Malpensa,MXP,LIMC,Brindisi,BDS,LIBR,,,19:45,21:30,17:45,19:30,105,502,267,3,2026-09-22T22:01:40.000Z
U23839,EJU,Milan Malpensa,MXP,LIMC,Manchester,MAN,EGCC,,,19:45,21:00,17:45,20:00,135,630,1,1,2026-08-24T22:00:40.000Z
U24126,EJU,Milan Malpensa,MXP,LIMC,Naples,NAP,LIRN,,,19:55,21:25,17:55,19:25,90,374,247,3,2026-09-22T20:59:12.000Z
U23519,EJU,Milan Malpensa,MXP,LIMC,Brindisi,BDS,LIBR,,,20:00,21:45,18:00,19:45,105,502,13457,5,2026-09-24T08:57:48.000Z
U24904,EJU,Milan Malpensa,MXP,LIMC,Paris Orly,ORY,LFPO,,,20:00,21:35,18:00,19:35,95,319,1345,3,2026-09-23T20:59:01.000Z
U23511,EJU,Milan Malpensa,MXP,LIMC,Sicily Palermo,PMO,LICJ,,,20:00,21:45,18:00,19:45,105,488,2357,4,2026-09-23T21:02:42.000Z
U23571,EJU,Milan Malpensa,MXP,LIMC,Sardinia Cagliari,CAG,LIEE,,,20:10,21:45,18:10,19:45,95,383,56,2,2026-09-18T20:59:30.000Z
U23591,EJU,Milan Malpensa,MXP,LIMC,Sardinia Olbia,OLB,LIEO,,,20:10,21:25,18:10,19:25,75,286,123467,6,2026-09-23T20:59:00.000Z
U23615,EJU,Milan Malpensa,MXP,LIMC,Barcelona,BCN,LEBL,,,20:20,22:00,18:20,20:00,100,389,3,1,2026-09-23T21:59:38.000Z
U23703,EJU,Milan Malpensa,MXP,LIMC,Crete Heraklion,HER,LGIR,,,20:20,00:05,18:20,21:05,165,969,1,1,2026-08-24T22:59:23.000Z
U23741,EJU,Milan Malpensa,MXP,LIMC,Ibiza,IBZ,LEIB,,,20:25,22:20,18:25,20:20,115,521,1234567,3,2026-09-24T08:57:48.000Z
U23859,EJU,Milan Malpensa,MXP,LIMC,Amsterdam,AMS,EHAM,,,20:30,22:25,18:30,20:25,115,430,457,3,2026-09-24T08:57:48.000Z
U23625,EJU,Milan Malpensa,MXP,LIMC,Sardinia Cagliari,CAG,LIEE,,,20:30,22:05,18:30,20:05,95,383,1,1,2026-09-21T22:01:17.000Z
U23643,EJU,Milan Malpensa,MXP,LIMC,Naples,NAP,LIRN,,,20:30,22:00,18:30,20:00,90,374,2457,4,2026-09-22T21:58:58.000Z
U23605,EJU,Milan Malpensa,MXP,LIMC,Sicily Palermo,PMO,LICJ,,,20:30,22:15,18:30,20:15,105,488,12345,5,2026-09-24T08:57:48.000Z
U23685,EJU,Milan Malpensa,MXP,LIMC,Crete Heraklion,HER,LGIR,,,20:35,00:20,18:35,21:20,165,969,6,1,2026-08-29T22:59:53.000Z
U23563,EJU,Milan Malpensa,MXP,LIMC,Lamezia,SUF,LICA,,,20:45,22:35,18:45,20:35,110,524,1234567,7,2026-09-24T08:57:48.000Z
U26016,EJU,Milan Malpensa,MXP,LIMC,Marrakech,RAK,GMMX,,,20:45,22:10,18:45,22:10,205,1148,4,1,2026-09-24T08:57:48.000Z
U23793,EJU,Milan Malpensa,MXP,LIMC,Malaga,AGP,LEMG,,,21:00,23:40,19:00,21:40,160,802,7,1,2026-08-30T23:01:11.000Z
U23527,EJU,Milan Malpensa,MXP,LIMC,Bari,BRI,LIBD,,,21:00,22:40,19:00,20:40,100,442,34567,5,2026-09-23T21:59:38.000Z
U23675,EJU,Milan Malpensa,MXP,LIMC,Santorini,JTR,LGSR,,,21:00,00:40,19:00,21:40,160,937,567,3,2026-08-30T23:01:12.000Z
U28366,EZY,Milan Malpensa,MXP,LIMC,London Gatwick,LGW,EGKK,,,21:00,21:55,19:00,20:55,115,485,7,1,2026-08-30T22:00:29.000Z
U27152,EJU,Milan Malpensa,MXP,LIMC,Barcelona,BCN,LEBL,,,21:05,22:45,19:05,20:45,100,389,2356,4,2026-09-22T22:01:38.000Z
U28312,EZY,Milan Malpensa,MXP,LIMC,London Gatwick,LGW,EGKK,,,21:05,22:05,19:05,21:05,120,485,156,3,2026-09-22T00:58:59.000Z
U23749,EJU,Milan Malpensa,MXP,LIMC,Majorca Palma,PMI,LEPA,32N,A20N,21:10,22:55,19:10,20:55,105,451,124567,5,2026-09-21T22:59:34.000Z
U23549,EJU,Milan Malpensa,MXP,LIMC,Sicily Catania,CTA,LICC,,,21:10,23:05,19:10,21:05,115,566,1236,3,2026-09-23T23:01:25.000Z
U23509,EJU,Milan Malpensa,MXP,LIMC,Sicily Palermo,PMO,LICJ,,,21:10,22:55,19:10,20:55,105,488,14,2,2026-09-21T22:01:19.000Z
U23569,EJU,Milan Malpensa,MXP,LIMC,Sardinia Cagliari,CAG,LIEE,,,21:25,23:00,19:25,21:00,95,383,1346,4,2026-09-17T23:00:12.000Z
U23737,EJU,Milan Malpensa,MXP,LIMC,Ibiza,IBZ,LEIB,,,21:25,23:20,19:25,21:20,115,521,12567,5,2026-08-30T23:01:07.000Z
U27674,EJU,Milan Malpensa,MXP,LIMC,Lisbon,LIS,LPPT,,,21:30,23:30,19:30,22:30,180,892,123457,5,2026-09-23T00:00:11.000Z
U24540,EJU,Milan Malpensa,MXP,LIMC,Paris Charles de Gaulle,CDG,LFPG,,,21:35,23:10,19:35,21:10,95,323,135,3,2026-09-21T22:59:34.000Z
U23644,EJU,Milan Malpensa,MXP,LIMC,Corfu,CFU,LGKR,,,21:35,00:35,19:35,21:35,120,612,4,1,2026-08-28T00:00:45.000Z
U27312,EJU,Milan Malpensa,MXP,LIMC,Majorca Palma,PMI,LEPA,,,22:00,23:40,20:00,21:40,100,451,137,3,2026-09-23T22:59:16.000Z
U28300,EZY,Milan Malpensa,MXP,LIMC,London Gatwick,LGW,EGKK,,,22:15,23:10,20:15,22:10,115,485,7,1,2026-08-31T00:00:06.000Z
U23647,EJU,Milan Malpensa,MXP,LIMC,Athens,ATH,LGAV,,,22:20,01:50,20:20,22:50,150,821,5,1,2026-08-29T00:59:55.000Z
U23603,EJU,Milan Malpensa,MXP,LIMC,Sardinia Olbia,OLB,LIEO,,,22:20,23:40,20:20,21:40,80,286,7,1,2026-09-20T23:01:49.000Z
U23621,EJU,Milan Malpensa,MXP,LIMC,Sicily Palermo,PMO,LICJ,,,22:45,00:30,20:45,22:30,105,488,14,2,2026-08-28T00:00:46.000Z
U23595,EJU,Milan Malpensa,MXP,LIMC,Sardinia Olbia,OLB,LIEO,,,22:50,00:10,20:50,22:10,80,286,5,1,2026-08-28T23:59:03.000Z
U23691,EJU,Milan Malpensa,MXP,LIMC,Preveza,PVK,LGPZ,,,22:55,01:55,20:55,22:55,120,668,1,1,2026-08-25T02:00:51.000Z
U22042,EZY,Milan Malpensa,MXP,LIMC,Manchester,MAN,EGCC,,,22:55,00:05,20:55,23:05,130,630,57,2,2026-09-21T02:59:56.000Z
U28158,EZY,Milan Malpensa,MXP,LIMC,London Gatwick,LGW,EGKK,,,23:05,00:05,21:05,23:05,120,485,7,1,2026-09-21T00:58:46.000Z
U24277,EJU,Naples,NAP,LIRN,Munich,MUC,EDDM,,,06:00,07:40,04:00,05:40,100,461,1356,3,2026-09-23T07:00:17.000Z
U24157,EJU,Naples,NAP,LIRN,Mykonos,JMK,LGMK,,,06:00,08:50,04:00,05:50,110,554,1234567,3,2026-09-12T07:00:02.000Z
U24275,EJU,Naples,NAP,LIRN,Manchester,MAN,EGCC,,,06:00,08:05,04:00,07:05,185,1004,135,2,2026-09-23T09:00:42.000Z
U24119,EJU,Naples,NAP,LIRN,Milan Malpensa,MXP,LIMC,,,06:00,07:35,04:00,05:35,95,374,1234,3,2026-09-24T06:58:48.000Z
U24227,EJU,Naples,NAP,LIRN,Zurich,ZRH,LSZH,,,06:15,08:05,04:15,06:05,110,465,15,2,2026-09-21T08:01:03.000Z
U24243,EJU,Naples,NAP,LIRN,Marsa Alam,RMF,HEMA,,,06:15,10:50,04:15,07:50,215,1367,6,1,2026-09-19T10:00:41.000Z
U24107,EJU,Naples,NAP,LIRN,Sicily Catania,CTA,LICC,,,06:15,07:25,04:15,05:25,70,208,1234567,5,2026-09-24T07:01:46.000Z
U24269,EJU,Naples,NAP,LIRN,Porto,OPO,LPPR,,,06:15,08:30,04:15,07:30,195,1037,347,3,2026-09-24T08:57:46.000Z
U24183,EJU,Naples,NAP,LIRN,Paris Orly,ORY,LFPO,,,06:40,09:00,04:40,07:00,140,691,125,3,2026-09-22T09:01:06.000Z
U28358,EJU,Naples,NAP,LIRN,London Gatwick,LGW,EGKK,,,06:55,08:55,04:55,07:55,180,860,23456,5,2026-09-23T09:00:42.000Z
U24241,EJU,Naples,NAP,LIRN,Sharm El Sheikh,SSH,HESH,,,07:00,11:25,05:00,08:25,205,1256,234567,4,2026-09-24T08:57:50.000Z
U24295,EJU,Naples,NAP,LIRN,Fuerteventura,FUE,GCFV,,,07:00,10:30,05:00,09:30,270,1568,236,3,2026-09-22T11:00:12.000Z
U24161,EJU,Naples,NAP,LIRN,Skiathos,JSI,LGSK,,,07:00,09:35,05:00,06:35,95,436,1356,3,2026-08-29T14:00:21.000Z
U24221,EJU,Naples,NAP,LIRN,Basel,BSL,LFSB,,,07:00,08:50,05:00,06:50,110,497,23567,4,2026-09-23T12:59:26.000Z
U24155,EJU,Naples,NAP,LIRN,Corfu,CFU,LGKR,,,07:00,09:10,05:00,06:10,70,269,14567,5,2026-08-30T07:59:37.000Z
U24203,EJU,Naples,NAP,LIRN,Ibiza,IBZ,LEIB,,,07:00,09:05,05:00,07:05,125,607,123457,6,2026-09-24T08:57:47.000Z
U24187,EJU,Naples,NAP,LIRN,Lyon,LYS,LFLL,,,07:00,08:55,05:00,06:55,115,496,57,2,2026-09-20T08:00:23.000Z
U24139,EJU,Naples,NAP,LIRN,Sardinia Olbia,OLB,LIEO,,,07:00,08:10,05:00,06:10,70,217,3,1,2026-09-23T08:01:08.000Z
U24952,EJU,Naples,NAP,LIRN,Paris Orly,ORY,LFPO,,,07:00,09:20,05:00,07:20,140,691,1234567,6,2026-09-24T08:57:49.000Z
U24101,EJU,Naples,NAP,LIRN,Sicily Palermo,PMO,LICJ,,,07:00,08:00,05:00,06:00,60,172,134567,3,2026-09-23T07:00:14.000Z
U24297,EJU,Naples,NAP,LIRN,Nantes,NTE,LFRS,,,07:10,09:40,05:10,07:40,150,781,125,2,2026-09-21T08:01:01.000Z
U24165,EJU,Naples,NAP,LIRN,Athens,ATH,LGAV,,,07:20,10:05,05:20,07:05,105,481,1234567,7,2026-09-24T08:57:41.000Z
U24249,EJU,Naples,NAP,LIRN,Split,SPU,LDSP,,,07:20,08:25,05:20,06:25,65,183,14567,5,2026-09-24T07:59:41.000Z
U24181,EJU,Naples,NAP,LIRN,Mykonos,JMK,LGMK,,,07:45,10:40,05:45,07:40,115,554,7,1,2026-08-30T09:59:31.000Z
U25052,EJU,Naples,NAP,LIRN,Berlin Brandenburg,BER,EDDB,,,09:00,11:20,07:00,09:20,140,690,1247,3,2026-09-24T08:57:44.000Z
U21690,EJU,Naples,NAP,LIRN,Nice,NCE,LFMN,,,09:10,10:40,07:10,08:40,90,356,2357,4,2026-08-30T09:59:32.000Z
U24127,EJU,Naples,NAP,LIRN,Sardinia Cagliari,CAG,LIEE,,,09:25,10:35,07:25,08:35,70,260,2347,4,2026-08-30T09:59:27.000Z
U23578,EJU,Naples,NAP,LIRN,Milan Malpensa,MXP,LIMC,,,09:40,11:15,07:40,09:15,95,374,134567,6,2026-09-24T08:57:49.000Z
U24265,EJU,Naples,NAP,LIRN,Berlin Brandenburg,BER,EDDB,,,09:50,12:10,07:50,10:10,140,690,23567,5,2026-09-23T12:01:41.000Z
U24189,EJU,Naples,NAP,LIRN,Nice,NCE,LFMN,,,10:00,11:30,08:00,09:30,90,356,567,3,2026-09-20T10:58:58.000Z
U24103,EJU,Naples,NAP,LIRN,Sicily Palermo,PMO,LICJ,,,10:00,11:00,08:00,09:00,60,172,2457,4,2026-09-24T08:57:46.000Z
U24279,EJU,Naples,NAP,LIRN,Marrakech,RAK,GMMX,,,10:05,11:50,08:05,11:50,225,1211,36,2,2026-09-23T12:59:26.000Z
U24281,EJU,Naples,NAP,LIRN,Preveza,PVK,LGPZ,,,10:30,12:50,08:30,09:50,80,320,246,3,2026-08-29T11:01:23.000Z
U24113,EJU,Naples,NAP,LIRN,Sardinia Olbia,OLB,LIEO,,,10:30,11:40,08:30,09:40,70,217,1234567,7,2026-09-24T08:57:49.000Z
U24273,EJU,Naples,NAP,LIRN,Prague,PRG,LKPR,,,10:30,12:25,08:30,10:25,115,553,13457,5,2026-09-23T11:58:40.000Z
U22844,EZY,Naples,NAP,LIRN,Bristol,BRS,EGGD,,,10:40,12:35,08:40,11:35,175,943,1246,4,2026-09-24T08:57:44.000Z
U22494,EZY,Naples,NAP,LIRN,London Luton,LTN,EGGW,,,10:40,12:40,08:40,11:40,180,893,124567,3,2026-09-24T08:57:48.000Z
U24121,EJU,Naples,NAP,LIRN,Milan Malpensa,MXP,LIMC,,,10:45,12:20,08:45,10:20,95,374,124,3,2026-09-24T08:57:49.000Z
U24115,EJU,Naples,NAP,LIRN,Sardinia Olbia,OLB,LIEO,319,A319,10:50,12:00,08:50,10:00,70,217,123457,6,2026-09-23T11:58:39.000Z
U23274,EZY,Naples,NAP,LIRN,Edinburgh,EDI,EGPH,,,10:55,13:25,08:55,12:25,210,1139,247,2,2026-09-24T08:57:46.000Z
U24908,EJU,Naples,NAP,LIRN,Paris Orly,ORY,LFPO,,,11:05,13:25,09:05,11:25,140,691,67,2,2026-09-20T13:01:44.000Z
U26018,EJU,Naples,NAP,LIRN,Marrakech,RAK,GMMX,,,11:10,13:55,09:10,12:55,225,1211,6,1,2026-08-29T14:59:50.000Z
U22126,EZY,Naples,NAP,LIRN,Manchester,MAN,EGCC,,,11:20,13:25,09:20,12:25,185,1004,2467,4,2026-09-24T08:57:49.000Z
U28340,EZY,Naples,NAP,LIRN,London Gatwick,LGW,EGKK,,,11:35,13:30,09:35,12:30,175,860,123467,4,2026-09-24T08:57:48.000Z
U28356,EZY,Naples,NAP,LIRN,London Gatwick,LGW,EGKK,,,11:35,13:30,09:35,12:30,175,860,3567,3,2026-09-23T13:59:04.000Z
U24141,EJU,Naples,NAP,LIRN,Strasbourg,SXB,LFST,,,11:45,13:40,09:45,11:40,115,540,47,2,2026-09-13T13:58:49.000Z
U24129,EJU,Naples,NAP,LIRN,Milan Malpensa,MXP,LIMC,,,11:45,13:20,09:45,11:20,95,374,7,1,2026-09-20T13:01:43.000Z
U24207,EJU,Naples,NAP,LIRN,Majorca Palma,PMI,LEPA,,,11:55,13:50,09:55,11:50,115,535,6,1,2026-08-29T13:00:51.000Z
U24285,EJU,Naples,NAP,LIRN,Malta,MLA,LMML,,,12:00,13:15,10:00,11:15,75,303,25,2,2026-08-28T12:58:55.000Z
U24231,EJU,Naples,NAP,LIRN,Amsterdam,AMS,EHAM,,,12:35,15:15,10:35,13:15,160,789,12457,5,2026-09-24T08:57:42.000Z
U24163,EJU,Naples,NAP,LIRN,Kos,KGS,LGKO,,,12:40,15:40,10:40,12:40,120,646,15,2,2026-08-28T13:59:21.000Z
U24151,EJU,Naples,NAP,LIRN,Kefalonia,EFL,LGKF,,,12:55,15:20,10:55,12:20,85,332,23457,5,2026-08-30T16:01:19.000Z
U24251,EJU,Naples,NAP,LIRN,Dubrovnik,DBV,LDDU,,,13:20,14:15,11:20,12:15,55,205,1246,4,2026-09-24T08:57:45.000Z
U24229,EJU,Naples,NAP,LIRN,Basel,BSL,LFSB,,,13:55,15:45,11:55,13:45,110,497,14,2,2026-09-24T08:57:49.000Z
U24201,EJU,Naples,NAP,LIRN,Menorca Mahon,MAH,LEMH,,,13:55,15:35,11:55,13:35,100,465,26,2,2026-08-29T14:59:50.000Z
U24167,EJU,Naples,NAP,LIRN,Rhodes,RHO,LGRP,,,13:55,17:10,11:55,14:10,135,700,2347,4,2026-08-30T17:00:43.000Z
U24239,EJU,Naples,NAP,LIRN,Alicante,ALC,LEAL,,,14:10,16:30,12:10,14:30,140,704,15,2,2026-09-21T16:01:52.000Z
U24211,EJU,Naples,NAP,LIRN,Barcelona,BCN,LEBL,,,14:10,16:10,12:10,14:10,120,553,34,2,2026-09-24T08:57:42.000Z
U24259,EJU,Naples,NAP,LIRN,Edinburgh,EDI,EGPH,,,14:15,16:40,12:15,15:40,205,1139,15,2,2026-09-21T17:00:14.000Z
U27318,EJU,Naples,NAP,LIRN,Majorca Palma,PMI,LEPA,,,14:15,16:15,12:15,14:15,120,535,123457,6,2026-08-30T17:59:32.000Z
U24247,EJU,Naples,NAP,LIRN,Sharm El Sheikh,SSH,HESH,,,14:15,18:40,12:15,15:40,205,1256,2367,2,2026-09-23T17:00:58.000Z
U23576,EJU,Naples,NAP,LIRN,Milan Malpensa,MXP,LIMC,,,14:20,15:55,12:20,13:55,95,374,4567,4,2026-09-24T08:57:49.000Z
U24191,EJU,Naples,NAP,LIRN,Nice,NCE,LFMN,,,14:20,15:55,12:20,13:55,95,356,123456,6,2026-09-24T08:57:49.000Z
U24145,EJU,Naples,NAP,LIRN,Hurghada,HRG,HEGN,,,14:25,18:45,12:25,15:45,200,1267,6,1,2026-09-19T17:00:12.000Z
U24131,EJU,Naples,NAP,LIRN,Sicily Lampedusa,LMP,LICD,,,14:40,16:05,12:40,14:05,85,333,247,3,2026-08-30T16:01:16.000Z
U24959,EJU,Naples,NAP,LIRN,Bristol,BRS,EGGD,,,14:55,16:50,12:55,15:50,175,943,5,1,2026-08-28T17:59:59.000Z
U28342,EJU,Naples,NAP,LIRN,London Gatwick,LGW,EGKK,,,15:30,17:25,13:30,16:25,175,860,1234567,5,2026-09-24T08:57:48.000Z
U24954,EJU,Naples,NAP,LIRN,Paris Orly,ORY,LFPO,,,15:30,17:50,13:30,15:50,140,691,134567,5,2026-09-24T08:57:49.000Z
U24177,EJU,Naples,NAP,LIRN,Zante Zakynthos,ZTH,LGZA,,,15:35,17:55,13:35,14:55,80,359,3,1,2026-08-26T16:58:50.000Z
U27158,EJU,Naples,NAP,LIRN,Barcelona,BCN,LEBL,,,15:50,17:50,13:50,15:50,120,553,123457,5,2026-09-21T19:00:04.000Z
U24153,EJU,Naples,NAP,LIRN,Corfu,CFU,LGKR,,,16:00,18:15,14:00,15:15,75,269,12347,5,2026-08-30T17:00:38.000Z
U24235,EJU,Naples,NAP,LIRN,Amsterdam,AMS,EHAM,,,16:30,19:10,14:30,17:10,160,789,1357,3,2026-09-23T19:00:05.000Z
U27822,EJU,Naples,NAP,LIRN,Amsterdam,AMS,EHAM,,,16:30,19:10,14:30,17:10,160,789,3467,4,2026-09-24T08:57:42.000Z
U24424,EJU,Naples,NAP,LIRN,Lyon,LYS,LFLL,,,16:35,18:25,14:35,16:25,110,496,147,3,2026-09-24T08:57:49.000Z
U24185,EJU,Naples,NAP,LIRN,Paris Orly,ORY,LFPO,,,16:55,19:15,14:55,17:15,140,691,1234567,2,2026-09-24T08:57:49.000Z
U24179,EJU,Naples,NAP,LIRN,Crete Heraklion,HER,LGIR,,,17:00,20:00,15:00,17:00,120,612,3,1,2026-08-26T19:01:08.000Z
U21430,EZS,Naples,NAP,LIRN,Geneva,GVA,LSGG,,,17:15,19:00,15:15,17:00,105,479,1345,4,2026-09-21T19:00:05.000Z
U24173,EJU,Naples,NAP,LIRN,Crete Heraklion,HER,LGIR,,,17:25,20:20,15:25,17:20,115,612,26,2,2026-08-29T19:00:32.000Z
U24159,EJU,Naples,NAP,LIRN,Santorini,JTR,LGSR,,,17:40,20:30,15:40,17:30,110,589,234567,6,2026-08-30T19:01:45.000Z
U23582,EJU,Naples,NAP,LIRN,Milan Malpensa,MXP,LIMC,,,17:50,19:25,15:50,17:25,95,374,134,3,2026-09-24T08:57:49.000Z
U24205,EJU,Naples,NAP,LIRN,Ibiza,IBZ,LEIB,,,17:55,20:00,15:55,18:00,125,607,1234567,5,2026-09-24T08:57:47.000Z
U23642,EJU,Naples,NAP,LIRN,Milan Malpensa,MXP,LIMC,,,17:55,19:30,15:55,17:30,95,374,2457,4,2026-09-22T19:01:17.000Z
U24223,EJU,Naples,NAP,LIRN,Geneva,GVA,LSGG,,,18:00,19:45,16:00,17:45,105,479,236,3,2026-09-23T19:00:05.000Z
U24287,EJU,Naples,NAP,LIRN,Ibiza,IBZ,LEIB,,,18:05,20:10,16:05,18:10,125,607,1356,4,2026-09-19T19:59:06.000Z
U24169,EJU,Naples,NAP,LIRN,Mykonos,JMK,LGMK,,,18:20,21:10,16:20,18:10,110,554,367,3,2026-08-30T21:00:18.000Z
U24225,EJU,Naples,NAP,LIRN,Geneva,GVA,LSGG,,,18:20,20:05,16:20,18:05,105,479,457,3,2026-09-24T08:57:41.000Z
U24175,EJU,Naples,NAP,LIRN,Athens,ATH,LGAV,,,18:30,21:15,16:30,18:15,105,481,1467,4,2026-09-24T08:57:42.000Z
U27826,EJU,Naples,NAP,LIRN,Amsterdam,AMS,EHAM,,,18:35,21:15,16:35,19:15,160,789,2,1,2026-09-22T21:01:40.000Z
U24261,EJU,Naples,NAP,LIRN,Malta,MLA,LMML,,,18:55,20:10,16:55,18:10,75,303,123467,6,2026-08-30T19:59:59.000Z
U24171,EJU,Naples,NAP,LIRN,Zante Zakynthos,ZTH,LGZA,,,18:55,21:20,16:55,18:20,85,359,46,2,2026-08-29T19:59:57.000Z
U24125,EJU,Naples,NAP,LIRN,Milan Malpensa,MXP,LIMC,,,18:55,20:30,16:55,18:30,95,374,247,3,2026-09-24T08:57:49.000Z
U21692,EJU,Naples,NAP,LIRN,Nice,NCE,LFMN,,,19:00,20:30,17:00,18:30,90,356,5,1,2026-09-18T20:00:27.000Z
U24111,EJU,Naples,NAP,LIRN,Sicily Catania,CTA,LICC,,,19:35,20:40,17:35,18:40,65,208,123457,5,2026-09-24T08:57:44.000Z
U24117,EJU,Naples,NAP,LIRN,Sardinia Olbia,OLB,LIEO,,,19:35,20:45,17:35,18:45,70,217,124567,4,2026-09-20T13:01:43.000Z
U24105,EJU,Naples,NAP,LIRN,Sicily Palermo,PMO,LICJ,,,19:45,20:40,17:45,18:40,55,172,123457,5,2026-09-24T08:57:46.000Z
U24253,EJU,Naples,NAP,LIRN,Split,SPU,LDSP,,,19:50,20:55,17:50,18:55,65,183,12346,4,2026-09-19T19:59:07.000Z
U28352,EZY,Naples,NAP,LIRN,London Gatwick,LGW,EGKK,,,20:05,21:55,18:05,20:55,170,860,124,3,2026-09-21T22:59:34.000Z
U24950,EJU,Naples,NAP,LIRN,Paris Orly,ORY,LFPO,,,20:05,22:25,18:05,20:25,140,691,23457,3,2026-09-20T22:58:38.000Z
U25054,EJU,Naples,NAP,LIRN,Berlin Brandenburg,BER,EDDB,,,20:15,22:35,18:15,20:35,140,690,123456,6,2026-09-24T08:57:49.000Z
U23611,EJU,Naples,NAP,LIRN,Sardinia Olbia,OLB,LIEO,,,20:35,21:45,18:35,19:45,70,217,6,1,2026-08-29T22:00:42.000Z
U28364,EZY,Naples,NAP,LIRN,London Gatwick,LGW,EGKK,,,20:40,22:30,18:40,21:30,170,860,57,2,2026-08-31T00:00:06.000Z
U21516,EZS,Naples,NAP,LIRN,Geneva,GVA,LSGG,,,21:00,22:45,19:00,20:45,105,479,7,1,2026-09-20T23:59:20.000Z
U21102,EZS,Naples,NAP,LIRN,Basel,BSL,LFSB,,,21:15,23:05,19:15,21:05,110,497,1357,4,2026-08-30T22:00:29.000Z
U23488,EZY,Naples,NAP,LIRN,Liverpool,LPL,EGGP,,,21:20,23:30,19:20,22:30,190,1019,15,2,2026-09-22T00:01:52.000Z
U21114,EZS,Naples,NAP,LIRN,Basel,BSL,LFSB,,,21:25,23:15,19:25,21:15,110,497,2,1,2026-08-25T22:00:28.000Z
U23580,EJU,Naples,NAP,LIRN,Milan Malpensa,MXP,LIMC,,,21:40,23:15,19:40,21:15,95,374,3567,4,2026-09-23T22:59:16.000Z
U21568,EZS,Enfidha - Hammamet,NBE,DTNH,Geneva,GVA,LSGG,,,08:45,11:50,07:45,09:50,125,641,12467,4,2026-09-24T08:57:41.000Z
U21278,EZS,Enfidha - Hammamet,NBE,DTNH,Basel,BSL,LFSB,,,08:50,12:05,07:50,10:05,135,704,347,3,2026-09-23T09:00:39.000Z
U23492,EZY,Enfidha - Hammamet,NBE,DTNH,Liverpool,LPL,EGGP,,,10:10,13:35,09:10,12:35,205,1177,246,3,2026-09-22T13:58:27.000Z
U22794,EZY,Enfidha - Hammamet,NBE,DTNH,Bristol,BRS,EGGD,,,10:15,13:30,09:15,12:30,195,1078,1356,3,2026-09-23T14:01:11.000Z
U23330,EZY,Enfidha - Hammamet,NBE,DTNH,Edinburgh,EDI,EGPH,,,10:45,14:35,09:45,13:35,230,1319,26,2,2026-09-22T16:00:02.000Z
U22282,EZY,Enfidha - Hammamet,NBE,DTNH,Manchester,MAN,EGCC,,,10:45,14:10,09:45,13:10,205,1166,246,3,2026-09-24T08:57:45.000Z
U28846,EZY,Enfidha - Hammamet,NBE,DTNH,London Gatwick,LGW,EGKK,,,11:15,14:25,10:15,13:25,190,1014,1234567,7,2026-09-24T08:57:45.000Z
U22640,EZY,Enfidha - Hammamet,NBE,DTNH,London Luton,LTN,EGGW,,,17:50,21:00,16:50,20:00,190,1055,23456,4,2026-09-24T08:57:45.000Z
U23072,EZY,Enfidha - Hammamet,NBE,DTNH,Belfast Intl,BFS,EGAA,,,18:35,22:20,17:35,21:20,225,1311,26,2,2026-09-22T23:00:48.000Z
U25730,EZY,Enfidha - Hammamet,NBE,DTNH,London Southend,SEN,EGMC,,,18:55,22:00,17:55,21:00,185,1019,157,3,2026-09-21T22:59:33.000Z
U28848,EZY,Enfidha - Hammamet,NBE,DTNH,London Gatwick,LGW,EGKK,,,19:10,22:20,18:10,21:20,190,1014,1,1,2026-08-25T00:59:04.000Z
U23172,EZY,Enfidha - Hammamet,NBE,DTNH,Glasgow,GLA,EGPF,,,19:25,23:05,18:25,22:05,220,1334,47,2,2026-09-24T08:57:45.000Z
U28854,EZY,Enfidha - Hammamet,NBE,DTNH,London Gatwick,LGW,EGKK,,,19:25,22:35,18:25,21:35,190,1014,23467,5,2026-09-24T08:57:45.000Z
U25624,EZY,Enfidha - Hammamet,NBE,DTNH,Newcastle,NCL,EGNT,,,19:45,23:20,18:45,22:20,215,1243,47,2,2026-09-24T08:57:45.000Z
U22792,EZY,Enfidha - Hammamet,NBE,DTNH,Bristol,BRS,EGGD,,,20:00,23:15,19:00,22:15,195,1078,4,1,2026-09-24T08:57:45.000Z
U26618,EZY,Enfidha - Hammamet,NBE,DTNH,Birmingham,BHX,EGBB,,,20:20,23:35,19:20,22:35,195,1111,247,2,2026-09-24T08:57:44.000Z
U22642,EZY,Enfidha - Hammamet,NBE,DTNH,London Luton,LTN,EGGW,,,21:00,00:05,20:00,23:05,185,1055,17,2,2026-09-22T00:58:59.000Z
U22276,EZY,Enfidha - Hammamet,NBE,DTNH,Manchester,MAN,EGCC,,,22:10,01:35,21:10,00:35,205,1166,1357,4,2026-09-24T01:59:59.000Z
U21777,EJU,Nice,NCE,LFMN,Berlin Brandenburg,BER,EDDB,,,06:00,08:00,04:00,06:00,120,580,2,1,2026-09-22T07:59:19.000Z
U21617,EJU,Nice,NCE,LFMN,Bordeaux,BOD,LFBD,,,06:00,07:25,04:00,05:25,85,348,12346,4,2026-09-24T07:01:47.000Z
U21611,EJU,Nice,NCE,LFMN,Lille,LIL,LFQQ,,,06:00,07:40,04:00,05:40,100,447,1234567,5,2026-09-24T07:59:39.000Z
U21631,EJU,Nice,NCE,LFMN,Paris Orly,ORY,LFPO,,,06:00,07:30,04:00,05:30,90,365,1234567,2,2026-09-24T06:58:49.000Z
U21749,EJU,Nice,NCE,LFMN,Marrakech,RAK,GMMX,,,06:00,07:05,04:00,07:05,185,1021,234567,2,2026-09-24T08:57:49.000Z
U21771,EJU,Nice,NCE,LFMN,Malta,MLA,LMML,,,06:10,08:00,04:10,06:00,110,576,47,2,2026-09-24T07:59:39.000Z
U21755,EJU,Nice,NCE,LFMN,Basel,BSL,LFSB,,,06:10,07:25,04:10,05:25,75,237,1234567,4,2026-09-24T05:58:56.000Z
U21783,EJU,Nice,NCE,LFMN,Santorini,JTR,LGSR,,,06:55,10:35,04:55,07:35,160,943,37,2,2026-08-30T09:00:39.000Z
U21789,EJU,Nice,NCE,LFMN,Agadir,AGA,GMAD,,,07:00,08:20,05:00,08:20,200,1126,26,2,2026-09-22T10:01:16.000Z
U21689,EJU,Nice,NCE,LFMN,Naples,NAP,LIRN,,,07:00,08:30,05:00,06:30,90,356,12357,3,2026-08-30T07:59:40.000Z
U21745,EJU,Nice,NCE,LFMN,Madeira Funchal,FNC,LPMA,,,07:15,10:00,05:15,09:00,225,1303,26,2,2026-09-22T18:02:41.000Z
U21757,EJU,Nice,NCE,LFMN,Amsterdam,AMS,EHAM,,,07:35,09:40,05:35,07:40,125,529,35,2,2026-09-23T09:00:37.000Z
U21386,EZS,Nice,NCE,LFMN,Geneva,GVA,LSGG,,,08:00,09:00,06:00,07:00,60,162,24,1,2026-09-24T08:57:41.000Z
U21394,EZS,Nice,NCE,LFMN,Geneva,GVA,LSGG,,,08:10,09:10,06:10,07:10,60,162,1567,3,2026-09-21T08:59:43.000Z
U21058,EZS,Nice,NCE,LFMN,Basel,BSL,LFSB,,,08:30,09:45,06:30,07:45,75,237,6,1,2026-08-29T09:00:49.000Z
U21830,EJU,Nice,NCE,LFMN,Bordeaux,BOD,LFBD,,,08:30,09:55,06:30,07:55,85,348,5,1,2026-08-28T09:00:11.000Z
U24526,EJU,Nice,NCE,LFMN,Paris Charles de Gaulle,CDG,LFPG,,,08:35,10:15,06:35,08:15,100,375,13456,5,2026-09-24T08:57:49.000Z
U25144,EJU,Nice,NCE,LFMN,Berlin Brandenburg,BER,EDDB,,,08:50,10:50,06:50,08:50,120,580,1234567,6,2026-09-24T08:57:49.000Z
U24860,EJU,Nice,NCE,LFMN,Paris Orly,ORY,LFPO,,,09:05,10:35,07:05,08:35,90,365,1234567,2,2026-09-23T09:59:05.000Z
U24706,EJU,Nice,NCE,LFMN,Nantes,NTE,LFRS,,,09:20,11:00,07:20,09:00,100,427,1257,4,2026-09-22T11:00:15.000Z
U28418,EZY,Nice,NCE,LFMN,London Gatwick,LGW,EGKK,,,09:40,10:45,07:40,09:45,125,540,1234567,5,2026-09-24T08:57:48.000Z
U24538,EJU,Nice,NCE,LFMN,Paris Charles de Gaulle,CDG,LFPG,,,09:45,11:25,07:45,09:25,100,375,124,2,2026-09-21T21:58:50.000Z
U21695,EJU,Nice,NCE,LFMN,Bari,BRI,LIBD,,,09:50,11:25,07:50,09:25,95,449,457,3,2026-09-24T08:57:42.000Z
U21625,EJU,Nice,NCE,LFMN,Toulouse,TLS,LFBO,,,09:55,11:10,07:55,09:10,75,254,12457,4,2026-09-24T08:57:49.000Z
U21607,EJU,Nice,NCE,LFMN,Bordeaux,BOD,LFBD,,,10:05,11:30,08:05,09:30,85,348,14,2,2026-09-21T11:01:04.000Z
U21659,EJU,Nice,NCE,LFMN,Sardinia Cagliari,CAG,LIEE,,,10:05,11:15,08:05,09:15,70,277,246,3,2026-08-29T11:01:24.000Z
U21687,EJU,Nice,NCE,LFMN,Sardinia Olbia,OLB,LIEO,,,10:05,11:05,08:05,09:05,60,195,1234567,7,2026-09-21T11:01:10.000Z
U21633,EJU,Nice,NCE,LFMN,Paris Orly,ORY,LFPO,,,10:05,11:35,08:05,09:35,90,365,1346,3,2026-09-24T08:57:49.000Z
U21697,EJU,Nice,NCE,LFMN,Venice Marco Polo,VCE,LIPZ,,,10:15,11:25,08:15,09:25,70,246,13457,5,2026-09-23T10:58:58.000Z
U26806,EJU,Nice,NCE,LFMN,Porto,OPO,LPPR,,,10:30,11:55,08:30,10:55,145,718,2,1,2026-09-22T12:58:51.000Z
U25626,EZY,Nice,NCE,LFMN,Newcastle,NCL,EGNT,,,10:35,12:05,08:35,11:05,150,765,247,3,2026-09-24T08:57:49.000Z
U23246,EZY,Nice,NCE,LFMN,Edinburgh,EDI,EGPH,,,10:45,12:30,08:45,11:30,165,842,12457,5,2026-09-24T08:57:46.000Z
U22426,EZY,Nice,NCE,LFMN,London Luton,LTN,EGGW,,,10:45,11:55,08:45,10:55,130,580,234567,6,2026-09-24T08:57:48.000Z
U21693,EJU,Nice,NCE,LFMN,Sicily Palermo,PMO,LICJ,,,11:05,12:35,09:05,10:35,90,423,47,2,2026-09-24T08:57:46.000Z
U21404,EZS,Nice,NCE,LFMN,Geneva,GVA,LSGG,,,11:35,12:35,09:35,10:35,60,162,5,1,2026-09-18T12:00:34.000Z
U21649,EJU,Nice,NCE,LFMN,Paris Orly,ORY,LFPO,,,11:40,13:10,09:40,11:10,90,365,24,2,2026-09-24T08:57:49.000Z
U25878,EJU,Nice,NCE,LFMN,Basel,BSL,LFSB,,,11:45,13:00,09:45,11:00,75,237,7,1,2026-08-30T12:00:01.000Z
U22104,EZY,Nice,NCE,LFMN,Manchester,MAN,EGCC,319,A319,11:45,13:00,09:45,12:00,135,692,23467,5,2026-09-23T13:59:05.000Z
U28728,EZY,Nice,NCE,LFMN,London Gatwick,LGW,EGKK,,,11:55,13:00,09:55,12:00,125,540,57,2,2026-09-20T13:58:47.000Z
U21731,EJU,Nice,NCE,LFMN,Crete Chania,CHQ,LGSA,,,12:05,15:45,10:05,12:45,160,920,26,2,2026-09-22T14:05:41.000Z
U24190,EJU,Nice,NCE,LFMN,Naples,NAP,LIRN,,,12:05,13:30,10:05,11:30,85,356,567,3,2026-09-20T13:01:43.000Z
U21711,EJU,Nice,NCE,LFMN,Tenerife South,TFS,GCTS,,,12:15,15:35,10:15,14:35,260,1480,6,1,2026-09-19T15:59:17.000Z
U22979,EJU,Nice,NCE,LFMN,Rome Fiumicino,FCO,LIRF,,,12:25,13:35,10:25,11:35,70,248,1234567,2,2026-09-24T08:57:48.000Z
U24856,EJU,Nice,NCE,LFMN,Paris Orly,ORY,LFPO,,,12:25,13:55,10:25,11:55,90,365,123457,5,2026-09-24T08:57:49.000Z
U21826,EJU,Nice,NCE,LFMN,Bordeaux,BOD,LFBD,,,12:35,14:05,10:35,12:05,90,348,1235,4,2026-09-22T14:05:40.000Z
U28420,EZY,Nice,NCE,LFMN,London Gatwick,LGW,EGKK,,,12:55,13:55,10:55,12:55,120,540,1234567,5,2026-09-24T08:57:48.000Z
U21763,EJU,Nice,NCE,LFMN,Rabat Sale Airport,RBA,GMME,,,13:05,13:45,11:05,13:45,160,869,347,3,2026-09-23T14:59:36.000Z
U21400,EZS,Nice,NCE,LFMN,Geneva,GVA,LSGG,,,13:10,14:10,11:10,12:10,60,162,123457,6,2026-09-24T08:57:41.000Z
U21396,EZS,Nice,NCE,LFMN,Geneva,GVA,LSGG,,,13:15,14:15,11:15,12:15,60,162,13567,4,2026-09-23T14:59:28.000Z
U21613,EJU,Nice,NCE,LFMN,Lille,LIL,LFQQ,,,13:20,15:05,11:20,13:05,105,447,367,3,2026-09-19T14:59:41.000Z
U21781,EJU,Nice,NCE,LFMN,Strasbourg,SXB,LFST,,,13:30,14:50,11:30,12:50,80,293,123457,6,2026-09-24T08:57:49.000Z
U24528,EJU,Nice,NCE,LFMN,Paris Charles de Gaulle,CDG,LFPG,319,A319,13:30,15:10,11:30,13:10,100,375,12357,5,2026-09-22T16:00:07.000Z
U21644,EJU,Nice,NCE,LFMN,Nantes,NTE,LFRS,,,13:30,15:10,11:30,13:10,100,427,12,2,2026-09-21T15:00:22.000Z
U21709,EJU,Nice,NCE,LFMN,Majorca Palma,PMI,LEPA,,,13:55,15:20,11:55,13:20,85,318,6,1,2026-08-29T14:59:51.000Z
U21765,EJU,Nice,NCE,LFMN,Berlin Brandenburg,BER,EDDB,,,14:00,16:00,12:00,14:00,120,580,2,1,2026-09-22T16:00:01.000Z
U21609,EJU,Nice,NCE,LFMN,Biarritz,BIQ,LFBZ,,,14:20,15:50,12:20,13:50,90,380,135,3,2026-09-21T16:01:52.000Z
U21747,EJU,Nice,NCE,LFMN,Brussels Intl,BRU,EBBR,,,14:20,16:10,12:20,14:10,110,449,1234567,5,2026-09-24T08:57:44.000Z
U21737,EJU,Nice,NCE,LFMN,Athens,ATH,LGAV,,,14:25,17:50,12:25,14:50,145,832,12346,5,2026-09-24T08:57:42.000Z
U23472,EZY,Nice,NCE,LFMN,Liverpool,LPL,EGGP,,,14:25,15:45,12:25,14:45,140,704,123457,6,2026-09-21T15:58:58.000Z
U21713,EJU,Nice,NCE,LFMN,Madrid,MAD,LEMD,,,14:30,16:35,12:30,14:35,125,516,15,2,2026-09-21T16:01:52.000Z
U22766,EZY,Nice,NCE,LFMN,Bristol,BRS,EGGD,,,14:35,15:50,12:35,14:50,135,613,234567,6,2026-09-24T08:57:44.000Z
U21785,EJU,Nice,NCE,LFMN,Prague,PRG,LKPR,,,14:40,16:20,12:40,14:20,100,482,15,2,2026-09-21T15:59:00.000Z
U21639,EJU,Nice,NCE,LFMN,Nantes,NTE,LFRS,,,14:50,16:30,12:50,14:30,100,427,67,2,2026-09-20T15:59:39.000Z
U24858,EJU,Nice,NCE,LFMN,Paris Orly,ORY,LFPO,,,14:55,16:25,12:55,14:25,90,365,24,2,2026-08-27T17:00:30.000Z
U21663,EJU,Nice,NCE,LFMN,Hurghada,HRG,HEGN,,,15:05,20:15,13:05,17:15,250,1622,6,1,2026-09-19T18:59:43.000Z
U28426,EZY,Nice,NCE,LFMN,London Gatwick,LGW,EGKK,,,15:05,16:10,13:05,15:10,125,540,124567,6,2026-09-24T08:57:48.000Z
U21603,EJU,Nice,NCE,LFMN,Rennes,RNS,LFRN,,,15:30,17:15,13:30,15:15,105,458,1234567,7,2026-09-24T08:57:49.000Z
U21398,EZS,Nice,NCE,LFMN,Geneva,GVA,LSGG,,,15:35,16:35,13:35,14:35,60,162,234,3,2026-09-24T08:57:41.000Z
U21685,EJU,Nice,NCE,LFMN,Rome Fiumicino,FCO,LIRF,,,15:40,16:55,13:40,14:55,75,248,57,2,2026-09-20T15:59:38.000Z
U24864,EJU,Nice,NCE,LFMN,Paris Orly,ORY,LFPO,,,15:50,17:20,13:50,15:20,90,365,12345,4,2026-09-22T16:59:26.000Z
U21635,EJU,Nice,NCE,LFMN,Paris Orly,ORY,LFPO,,,15:55,17:25,13:55,15:25,90,365,3467,4,2026-09-24T08:57:49.000Z
U27294,EJU,Nice,NCE,LFMN,Majorca Palma,PMI,LEPA,,,16:05,17:30,14:05,15:30,85,318,1234567,6,2026-09-24T08:57:49.000Z
U27959,EJU,Nice,NCE,LFMN,Amsterdam,AMS,EHAM,,,16:10,18:15,14:10,16:15,125,529,1,1,2026-08-24T20:01:43.000Z
U24192,EJU,Nice,NCE,LFMN,Naples,NAP,LIRN,,,16:30,17:55,14:30,15:55,85,356,123456,6,2026-09-24T08:57:49.000Z
U24704,EJU,Nice,NCE,LFMN,Nantes,NTE,LFRS,,,16:35,18:15,14:35,16:15,100,427,4,1,2026-09-24T08:57:49.000Z
U24854,EJU,Nice,NCE,LFMN,Paris Orly,ORY,LFPO,,,16:35,18:05,14:35,16:05,90,365,1,1,2026-08-24T19:59:18.000Z
U24862,EJU,Nice,NCE,LFMN,Paris Orly,ORY,LFPO,,,16:40,18:10,14:40,16:10,90,365,135,3,2026-09-23T17:59:05.000Z
U21769,EJU,Nice,NCE,LFMN,Marrakech,RAK,GMMX,,,16:55,18:05,14:55,18:05,190,1021,126,3,2026-09-22T20:59:12.000Z
U21753,EJU,Nice,NCE,LFMN,Basel,BSL,LFSB,,,17:00,18:10,15:00,16:10,70,237,24,2,2026-08-27T19:00:12.000Z
U24530,EJU,Nice,NCE,LFMN,Paris Charles de Gaulle,CDG,LFPG,,,17:00,18:40,15:00,16:40,100,375,1247,4,2026-09-20T18:00:30.000Z
U21691,EJU,Nice,NCE,LFMN,Naples,NAP,LIRN,,,17:00,18:25,15:00,16:25,85,356,5,1,2026-09-18T18:01:03.000Z
U21743,EJU,Nice,NCE,LFMN,Porto,OPO,LPPR,,,17:20,18:45,15:20,17:45,145,718,13467,5,2026-09-24T08:57:46.000Z
U23474,EZY,Nice,NCE,LFMN,Liverpool,LPL,EGGP,,,17:30,18:50,15:30,17:50,140,704,6,1,2026-09-19T19:59:07.000Z
U28424,EZY,Nice,NCE,LFMN,London Gatwick,LGW,EGKK,,,17:35,18:40,15:35,17:40,125,540,234567,3,2026-09-24T08:57:48.000Z
U21828,EJU,Nice,NCE,LFMN,Bordeaux,BOD,LFBD,,,17:35,19:05,15:35,17:05,90,348,57,2,2026-09-20T19:02:13.000Z
U26658,EZY,Nice,NCE,LFMN,Birmingham,BHX,EGBB,,,17:40,19:00,15:40,18:00,140,638,15,2,2026-09-21T19:59:34.000Z
U21775,EJU,Nice,NCE,LFMN,Manchester,MAN,EGCC,,,17:40,19:00,15:40,18:00,140,692,3,1,2026-08-26T19:59:20.000Z
U24702,EJU,Nice,NCE,LFMN,Nantes,NTE,LFRS,,,17:40,19:20,15:40,17:20,100,427,12345,5,2026-09-23T19:59:19.000Z
U21733,EJU,Nice,NCE,LFMN,Mykonos,JMK,LGMK,,,18:30,22:05,16:30,19:05,155,905,136,3,2026-08-29T20:59:31.000Z
U27576,EJU,Nice,NCE,LFMN,Geneva,GVA,LSGG,,,19:00,20:00,17:00,18:00,60,162,1367,2,2026-09-20T20:00:37.000Z
U21773,EJU,Nice,NCE,LFMN,Manchester,MAN,EGCC,,,19:00,20:20,17:00,19:20,140,692,15,2,2026-09-21T21:01:03.000Z
U21703,EJU,Nice,NCE,LFMN,Ibiza,IBZ,LEIB,,,19:10,20:45,17:10,18:45,95,390,15,2,2026-09-18T20:00:25.000Z
U27456,EJU,Nice,NCE,LFMN,Basel,BSL,LFSB,,,19:15,20:25,17:15,18:25,70,237,47,2,2026-09-24T08:57:49.000Z
U21623,EJU,Nice,NCE,LFMN,Paris Charles de Gaulle,CDG,LFPG,,,19:20,21:00,17:20,19:00,100,375,5,1,2026-08-28T21:00:11.000Z
U21600,EJU,Nice,NCE,LFMN,Paris Orly,ORY,LFPO,,,19:20,20:50,17:20,18:50,90,365,7,1,2026-08-30T20:00:01.000Z
U21647,EJU,Nice,NCE,LFMN,Paris Charles de Gaulle,CDG,LFPG,,,19:25,21:05,17:25,19:05,100,375,7,1,2026-09-20T20:58:41.000Z
U21637,EJU,Nice,NCE,LFMN,Paris Orly,ORY,LFPO,,,19:30,21:00,17:30,19:00,90,365,12345,2,2026-09-24T08:57:49.000Z
U24317,EJU,Nice,NCE,LFMN,Biarritz,BIQ,LFBZ,,,19:40,21:10,17:40,19:10,90,380,1,1,2026-08-24T22:59:19.000Z
U21683,EJU,Nice,NCE,LFMN,Rome Fiumicino,FCO,LIRF,,,19:50,21:05,17:50,19:05,75,248,3,1,2026-09-23T20:58:59.000Z
U21629,EJU,Nice,NCE,LFMN,Paris Charles de Gaulle,CDG,LFPG,,,19:55,21:35,17:55,19:35,100,375,45,2,2026-09-24T08:57:49.000Z
U27954,EJU,Nice,NCE,LFMN,Amsterdam,AMS,EHAM,,,20:05,22:10,18:05,20:10,125,529,1234567,6,2026-09-24T08:57:42.000Z
U21641,EJU,Nice,NCE,LFMN,Bordeaux,BOD,LFBD,,,20:10,21:40,18:10,19:40,90,348,1234567,7,2026-09-24T08:57:49.000Z
U21615,EJU,Nice,NCE,LFMN,Lille,LIL,LFQQ,,,20:15,21:55,18:15,19:55,100,447,123457,5,2026-09-24T08:57:49.000Z
U21356,EZS,Nice,NCE,LFMN,Geneva,GVA,LSGG,,,20:15,21:15,18:15,19:15,60,162,5,1,2026-08-28T21:00:03.000Z
U28422,EZY,Nice,NCE,LFMN,London Gatwick,LGW,EGKK,,,20:20,21:25,18:20,20:25,125,540,136,3,2026-09-23T21:59:43.000Z
U26030,EJU,Nice,NCE,LFMN,Marrakech,RAK,GMMX,,,20:20,21:25,18:20,21:25,185,1021,7,1,2026-09-20T23:01:49.000Z
U25146,EJU,Nice,NCE,LFMN,Berlin Brandenburg,BER,EDDB,,,20:50,22:55,18:50,20:55,125,580,1234567,6,2026-09-24T08:57:44.000Z
U24866,EJU,Nice,NCE,LFMN,Paris Orly,ORY,LFPO,,,21:00,22:30,19:00,20:30,90,365,1234567,7,2026-09-24T08:57:49.000Z
U27612,EJU,Nice,NCE,LFMN,Lisbon,LIS,LPPT,,,21:15,22:55,19:15,21:55,160,793,1234567,6,2026-09-23T12:59:27.000Z
U21836,EJU,Nice,NCE,LFMN,Bordeaux,BOD,LFBD,,,21:20,22:50,19:20,20:50,90,348,5,1,2026-09-18T23:01:34.000Z
U23036,EZY,Nice,NCE,LFMN,Belfast Intl,BFS,EGAA,,,21:25,23:10,19:25,22:10,165,842,246,3,2026-08-30T01:01:13.000Z
U21056,EZS,Nice,NCE,LFMN,Basel,BSL,LFSB,,,21:45,22:55,19:45,20:55,70,237,13567,4,2026-09-21T21:58:50.000Z
U22430,EZY,Nice,NCE,LFMN,London Luton,LTN,EGGW,,,21:50,22:55,19:50,21:55,125,580,346,2,2026-09-23T23:59:06.000Z
U27054,EJU,Nice,NCE,LFMN,Malaga,AGP,LEMG,,,21:55,00:15,19:55,22:15,140,681,37,2,2026-09-23T23:59:06.000Z
U24532,EJU,Nice,NCE,LFMN,Paris Charles de Gaulle,CDG,LFPG,,,21:55,23:35,19:55,21:35,100,375,13457,4,2026-09-23T22:59:16.000Z
U23254,EZY,Nice,NCE,LFMN,Edinburgh,EDI,EGPH,,,21:55,23:35,19:55,22:35,160,842,36,2,2026-09-23T23:59:02.000Z
U21402,EZS,Nice,NCE,LFMN,Geneva,GVA,LSGG,,,21:55,22:55,19:55,20:55,60,162,1234567,4,2026-09-23T21:59:38.000Z
U28428,EZY,Nice,NCE,LFMN,London Gatwick,LGW,EGKK,,,22:50,23:50,20:50,22:50,120,540,123456,4,2026-09-23T23:59:05.000Z
U28450,EZY,Nice,NCE,LFMN,London Gatwick,LGW,EGKK,,,23:00,00:10,21:00,23:10,130,540,7,1,2026-09-21T00:58:46.000Z
U22428,EZY,Nice,NCE,LFMN,London Luton,LTN,EGGW,,,23:00,00:05,21:00,23:05,125,580,127,3,2026-09-23T03:58:56.000Z
U22768,EZY,Nice,NCE,LFMN,Bristol,BRS,EGGD,,,23:05,00:15,21:05,23:15,130,613,1256,4,2026-09-23T01:01:17.000Z
U25617,EZY,Newcastle,NCL,EGNT,Faro,FAO,LPFR,,,05:35,08:50,04:35,07:50,195,1112,247,2,2026-09-24T08:57:47.000Z
U25625,EZY,Newcastle,NCL,EGNT,Nice,NCE,LFMN,,,06:35,09:55,05:35,07:55,140,765,247,3,2026-09-24T08:57:49.000Z
U25613,EZY,Newcastle,NCL,EGNT,Corfu,CFU,LGKR,,,06:45,12:05,05:45,09:05,200,1267,15,2,2026-09-21T11:01:04.000Z
U25605,EZY,Newcastle,NCL,EGNT,Amsterdam,AMS,EHAM,,,07:00,09:15,06:00,07:15,75,282,135,2,2026-09-23T09:00:37.000Z
U25631,EZY,Newcastle,NCL,EGNT,Reus,REU,LERS,,,07:00,10:30,06:00,08:30,150,842,36,2,2026-09-23T10:58:56.000Z
U25639,EZY,Newcastle,NCL,EGNT,Rome Fiumicino,FCO,LIRF,,,07:05,10:55,06:05,08:55,170,966,15,2,2026-09-21T11:01:10.000Z
U25627,EZY,Newcastle,NCL,EGNT,Majorca Palma,PMI,LEPA,,,07:05,10:55,06:05,08:55,170,947,36,2,2026-09-23T09:59:05.000Z
U25633,EZY,Newcastle,NCL,EGNT,Rhodes,RHO,LGRP,,,07:35,13:50,06:35,10:50,255,1653,26,2,2026-09-22T11:59:57.000Z
U25603,EZY,Newcastle,NCL,EGNT,Alicante,ALC,LEAL,,,07:40,11:40,06:40,09:40,180,1007,457,3,2026-09-24T08:57:41.000Z
U268,EZY,Newcastle,NCL,EGNT,Belfast Intl,BFS,EGAA,,,08:25,09:20,07:25,08:20,55,158,1234567,2,2026-09-24T08:57:44.000Z
U2238,EZY,Newcastle,NCL,EGNT,Bristol,BRS,EGGD,,,08:40,09:45,07:40,08:45,65,223,123456,2,2026-09-24T08:57:44.000Z
U25635,EZY,Newcastle,NCL,EGNT,Sharm El Sheikh,SSH,HESH,,,11:10,18:40,10:10,15:40,330,2251,15,2,2026-09-21T19:00:13.000Z
U24690,EJU,Newcastle,NCL,EGNT,Paris Charles de Gaulle,CDG,LFPG,,,11:45,14:20,10:45,12:20,95,394,15,2,2026-09-21T15:00:23.000Z
U25607,EZY,Newcastle,NCL,EGNT,Antalya,AYT,LTAI,,,12:05,18:30,11:05,15:30,265,1713,37,2,2026-09-23T17:00:52.000Z
U25611,EZY,Newcastle,NCL,EGNT,Paris Charles de Gaulle,CDG,LFPG,,,12:55,15:30,11:55,13:30,95,394,2347,4,2026-09-24T08:57:49.000Z
U25637,EZY,Newcastle,NCL,EGNT,Tenerife South,TFS,GCTS,,,13:45,18:25,12:45,17:25,280,1745,36,2,2026-09-23T19:59:20.000Z
U2240,EZY,Newcastle,NCL,EGNT,Bristol,BRS,EGGD,,,13:50,14:55,12:50,13:55,65,223,457,3,2026-09-20T15:01:07.000Z
U25615,EZY,Newcastle,NCL,EGNT,Dalaman,DLM,LTBS,,,13:55,20:10,12:55,17:10,255,1660,26,2,2026-09-22T20:01:38.000Z
U25601,EZY,Newcastle,NCL,EGNT,Malaga,AGP,LEMG,,,15:05,19:20,14:05,17:20,195,1109,1245,4,2026-09-24T08:57:49.000Z
U25621,EZY,Newcastle,NCL,EGNT,Malta,MLA,LMML,,,15:05,19:40,14:05,17:40,215,1332,136,3,2026-09-23T19:00:11.000Z
U270,EZY,Newcastle,NCL,EGNT,Belfast Intl,BFS,EGAA,,,15:20,16:15,14:20,15:15,55,158,123457,6,2026-09-23T17:00:53.000Z
U25623,EZY,Newcastle,NCL,EGNT,Enfidha - Hammamet,NBE,DTNH,,,15:20,18:45,14:20,17:45,205,1243,47,2,2026-09-24T08:57:46.000Z
U25619,EZY,Newcastle,NCL,EGNT,Lisbon,LIS,LPPT,,,15:45,18:50,14:45,17:50,185,1021,15,2,2026-08-28T20:00:11.000Z
U25629,EZY,Newcastle,NCL,EGNT,Prague,PRG,LKPR,,,17:25,20:25,16:25,18:25,120,651,47,2,2026-09-24T08:57:49.000Z
U27860,EJU,Newcastle,NCL,EGNT,Amsterdam,AMS,EHAM,,,19:55,22:20,18:55,20:20,85,282,47,2,2026-09-20T22:00:38.000Z
U25518,EJU,Newcastle,NCL,EGNT,Alicante,ALC,LEAL,,,20:25,00:25,19:25,22:25,180,1007,26,2,2026-09-23T00:00:06.000Z
U27256,EJU,Newcastle,NCL,EGNT,Majorca Palma,PMI,LEPA,,,20:50,00:40,19:50,22:40,170,947,12457,4,2026-09-22T15:02:27.000Z
U274,EZY,Newcastle,NCL,EGNT,Belfast Intl,BFS,EGAA,,,22:15,23:10,21:15,22:10,55,158,1234567,6,2026-09-24T08:57:44.000Z
U2242,EZY,Newcastle,NCL,EGNT,Bristol,BRS,EGGD,,,22:15,23:20,21:15,22:20,65,223,12567,5,2026-09-23T00:00:07.000Z
U2898,EZY,Newquay,NQY,EGHQ,London Gatwick,LGW,EGKK,,,09:00,10:00,08:00,09:00,60,187,26,2,2026-08-29T12:00:53.000Z
U2712,EZY,Newquay,NQY,EGHQ,Manchester,MAN,EGCC,,,14:35,15:45,13:35,14:45,70,202,1457,4,2026-09-21T15:58:59.000Z
U24767,EJU,Nantes,NTE,LFRS,"Ajaccio, Corsica",AJA,LFKJ,,,07:00,08:45,05:00,06:45,105,544,1234567,6,2026-09-20T15:59:33.000Z
U24735,EJU,Nantes,NTE,LFRS,Crete Chania,CHQ,LGSA,,,07:00,11:35,05:00,08:35,215,1345,7,1,2026-08-30T09:59:27.000Z
U24749,EJU,Nantes,NTE,LFRS,Sicily Catania,CTA,LICC,,,07:00,09:40,05:00,07:40,160,938,246,3,2026-09-19T09:01:29.000Z
U24707,EJU,Nantes,NTE,LFRS,Toulouse,TLS,LFBO,,,07:00,08:10,05:00,06:10,70,246,1345,2,2026-09-24T07:59:42.000Z
U24787,EJU,Nantes,NTE,LFRS,Rabat Sale Airport,RBA,GMME,,,07:00,07:30,05:00,07:30,150,820,2356,4,2026-09-23T09:59:05.000Z
U24711,EJU,Nantes,NTE,LFRS,Lyon,LYS,LFLL,,,07:00,08:15,05:00,06:15,75,290,157,3,2026-09-21T08:01:01.000Z
U24783,EJU,Nantes,NTE,LFRS,Dubrovnik,DBV,LDDU,,,07:15,09:50,05:15,07:50,155,887,35,2,2026-08-28T09:00:12.000Z
U24789,EJU,Nantes,NTE,LFRS,Gran Canaria,LPA,GCLP,,,07:15,10:05,05:15,09:05,230,1323,27,2,2026-09-20T10:58:55.000Z
U24705,EJU,Nantes,NTE,LFRS,Nice,NCE,LFMN,,,07:15,08:45,05:15,06:45,90,427,1257,4,2026-09-22T07:59:25.000Z
U24775,EJU,Nantes,NTE,LFRS,Lanzarote,ACE,GCRR,,,07:20,09:35,05:20,08:35,195,1228,12467,5,2026-09-24T08:57:48.000Z
U24715,EJU,Nantes,NTE,LFRS,Lyon,LYS,LFLL,,,07:20,08:35,05:20,06:35,75,290,13,2,2026-09-23T08:01:07.000Z
U24773,EJU,Nantes,NTE,LFRS,Majorca Palma,PMI,LEPA,,,07:20,09:00,05:20,07:00,100,494,1,1,2026-09-21T08:59:49.000Z
U24779,EJU,Nantes,NTE,LFRS,Marrakech,RAK,GMMX,,,07:20,08:15,05:20,08:15,175,979,234567,3,2026-09-24T08:57:49.000Z
U24733,EJU,Nantes,NTE,LFRS,Rhodes,RHO,LGRP,,,07:20,12:15,05:20,09:15,235,1466,36,2,2026-08-29T11:01:29.000Z
U24761,EJU,Nantes,NTE,LFRS,Faro,FAO,LPFR,,,07:30,08:40,05:30,07:40,130,671,5,1,2026-09-18T08:58:58.000Z
U24781,EJU,Nantes,NTE,LFRS,Corfu,CFU,LGKR,,,07:50,11:45,05:50,08:45,175,1038,47,2,2026-09-24T08:57:45.000Z
U21362,EZS,Nantes,NTE,LFRS,Geneva,GVA,LSGG,,,08:15,09:35,06:15,07:35,80,322,137,3,2026-09-23T09:00:35.000Z
U21048,EZS,Nantes,NTE,LFRS,Basel,BSL,LFSB,,,08:20,09:50,06:20,07:50,90,372,3,1,2026-08-26T07:59:36.000Z
U24328,EJU,Nantes,NTE,LFRS,Lyon,LYS,LFLL,,,09:00,10:15,07:00,08:15,75,290,47,1,2026-09-24T08:57:49.000Z
U26810,EJU,Nantes,NTE,LFRS,Porto,OPO,LPPR,,,09:25,10:10,07:25,09:10,105,467,1356,4,2026-09-21T11:01:06.000Z
U27544,EJU,Nantes,NTE,LFRS,Faro,FAO,LPFR,,,09:55,11:05,07:55,10:05,130,671,127,3,2026-09-21T12:00:50.000Z
U24298,EJU,Nantes,NTE,LFRS,Naples,NAP,LIRN,,,10:15,12:45,08:15,10:45,150,781,125,2,2026-09-21T11:01:10.000Z
U24763,EJU,Nantes,NTE,LFRS,Lisbon,LIS,LPPT,,,10:30,11:35,08:30,10:35,125,601,45,2,2026-09-24T08:57:49.000Z
U24777,EJU,Nantes,NTE,LFRS,Basel,BSL,LFSB,,,10:35,12:05,08:35,10:05,90,372,15,2,2026-09-21T09:59:47.000Z
U24759,EJU,Nantes,NTE,LFRS,Porto,OPO,LPPR,,,10:35,11:10,08:35,10:10,95,467,125,3,2026-09-22T11:59:52.000Z
U24769,EJU,Nantes,NTE,LFRS,Ibiza,IBZ,LEIB,,,10:50,12:35,08:50,10:35,105,514,37,2,2026-09-23T12:01:48.000Z
U24701,EJU,Nantes,NTE,LFRS,Nice,NCE,LFMN,,,11:30,13:00,09:30,11:00,90,427,12345,4,2026-09-23T17:59:05.000Z
U26022,EJU,Nantes,NTE,LFRS,Marrakech,RAK,GMMX,,,11:45,12:40,09:45,12:40,175,979,26,2,2026-09-22T13:58:28.000Z
U28446,EZY,Nantes,NTE,LFRS,London Gatwick,LGW,EGKK,,,11:50,12:05,09:50,11:05,75,246,1234567,6,2026-09-24T08:57:48.000Z
U24765,EJU,Nantes,NTE,LFRS,Hurghada,HRG,HEGN,,,11:55,18:00,09:55,15:00,305,2048,6,1,2026-09-19T17:00:12.000Z
U24741,EJU,Nantes,NTE,LFRS,Budapest,BUD,LHBP,,,12:25,14:55,10:25,12:55,150,848,15,2,2026-09-21T13:59:25.000Z
U24737,EJU,Nantes,NTE,LFRS,Prague,PRG,LKPR,,,12:45,14:45,10:45,12:45,120,653,15,2,2026-09-21T13:59:31.000Z
U21378,EZS,Nantes,NTE,LFRS,Geneva,GVA,LSGG,,,13:00,14:20,11:00,12:20,80,322,1234567,7,2026-09-22T14:05:41.000Z
U24751,EJU,Nantes,NTE,LFRS,Milan Malpensa,MXP,LIMC,,,13:40,15:20,11:40,13:20,100,437,34,2,2026-09-24T08:57:49.000Z
U23802,EJU,Nantes,NTE,LFRS,Milan Malpensa,MXP,LIMC,,,13:50,15:30,11:50,13:30,100,437,12457,3,2026-09-22T16:00:07.000Z
U24743,EJU,Nantes,NTE,LFRS,Rome Fiumicino,FCO,LIRF,,,13:55,16:05,11:55,14:05,130,674,135,3,2026-09-23T16:00:49.000Z
U24785,EJU,Nantes,NTE,LFRS,Crete Heraklion,HER,LGIR,,,14:05,18:35,12:05,15:35,210,1392,26,2,2026-09-22T18:02:41.000Z
U24703,EJU,Nantes,NTE,LFRS,Nice,NCE,LFMN,,,14:25,16:00,12:25,14:00,95,427,14,2,2026-09-24T08:57:49.000Z
U24709,EJU,Nantes,NTE,LFRS,Toulouse,TLS,LFBO,,,14:30,15:40,12:30,13:40,70,246,57,1,2026-09-20T14:58:44.000Z
U24771,EJU,Nantes,NTE,LFRS,Tenerife South,TFS,GCTS,,,14:30,17:20,12:30,16:20,230,1345,236,3,2026-09-23T17:59:06.000Z
U24739,EJU,Nantes,NTE,LFRS,Menorca Mahon,MAH,LEMH,,,15:15,17:00,13:15,15:00,105,506,246,3,2026-09-24T08:57:49.000Z
U24731,EJU,Nantes,NTE,LFRS,Madeira Funchal,FNC,LPMA,,,15:30,17:45,13:30,16:45,195,1110,23467,5,2026-09-24T08:57:48.000Z
U25514,EJU,Nantes,NTE,LFRS,Alicante,ALC,LEAL,,,15:40,17:30,13:40,15:30,110,535,14,2,2026-09-24T08:57:41.000Z
U26812,EJU,Nantes,NTE,LFRS,Porto,OPO,LPPR,,,16:00,16:45,14:00,15:45,105,467,3457,4,2026-09-24T08:57:46.000Z
U24795,EJU,Nantes,NTE,LFRS,Marrakech,RAK,GMMX,,,16:05,17:00,14:05,17:00,175,979,13457,4,2026-09-24T08:57:49.000Z
U27306,EJU,Nantes,NTE,LFRS,Majorca Palma,PMI,LEPA,,,16:15,17:55,14:15,15:55,100,494,12457,3,2026-09-22T16:00:07.000Z
U27050,EJU,Nantes,NTE,LFRS,Malaga,AGP,LEMG,,,17:10,19:20,15:10,17:20,130,642,15,1,2026-09-21T19:00:09.000Z
U21640,EJU,Nantes,NTE,LFRS,Nice,NCE,LFMN,,,17:10,18:40,15:10,16:40,90,427,67,2,2026-09-20T18:00:29.000Z
U21422,EZS,Nantes,NTE,LFRS,Geneva,GVA,LSGG,,,17:45,19:05,15:45,17:05,80,322,5,1,2026-08-28T19:54:48.000Z
U27561,EJU,Nantes,NTE,LFRS,Lyon,LYS,LFLL,,,18:40,19:50,16:40,17:50,70,290,4,1,2026-08-27T20:00:52.000Z
U24747,EJU,Nantes,NTE,LFRS,Sardinia Olbia,OLB,LIEO,,,18:45,20:45,16:45,18:45,120,609,47,2,2026-09-24T08:57:49.000Z
U27564,EJU,Nantes,NTE,LFRS,Geneva,GVA,LSGG,,,19:15,20:35,17:15,18:35,80,322,7,1,2026-08-30T19:59:53.000Z
U24713,EJU,Nantes,NTE,LFRS,Lyon,LYS,LFLL,,,19:35,20:45,17:35,18:45,70,290,23,2,2026-09-23T19:59:18.000Z
U24729,EJU,Nantes,NTE,LFRS,Toulouse,TLS,LFBO,,,20:00,21:10,18:00,19:10,70,246,12347,5,2026-09-24T08:57:49.000Z
U21380,EZS,Nantes,NTE,LFRS,Geneva,GVA,LSGG,,,21:15,22:35,19:15,20:35,80,322,123457,4,2026-09-23T21:59:38.000Z
U27610,EJU,Nantes,NTE,LFRS,Lisbon,LIS,LPPT,,,21:30,22:35,19:30,21:35,125,601,123567,5,2026-09-23T17:59:04.000Z
U21643,EJU,Nantes,NTE,LFRS,Nice,NCE,LFMN,,,21:40,23:10,19:40,21:10,90,427,2,1,2026-08-25T23:00:42.000Z
U24330,EJU,Nantes,NTE,LFRS,Lyon,LYS,LFLL,,,21:45,22:55,19:45,20:55,70,290,3457,4,2026-09-20T22:00:44.000Z
U27620,EJU,Nantes,NTE,LFRS,Lisbon,LIS,LPPT,,,21:55,23:00,19:55,22:00,125,601,7,1,2026-09-20T23:59:24.000Z
U26854,EJU,Nantes,NTE,LFRS,Porto,OPO,LPPR,,,22:00,22:40,20:00,21:40,100,467,5,1,2026-09-18T22:59:19.000Z
U28448,EZY,Nantes,NTE,LFRS,London Gatwick,LGW,EGKK,,,22:15,22:35,20:15,21:35,80,246,14567,5,2026-09-21T22:59:34.000Z
U23701,EJU,Sardinia Olbia,OLB,LIEO,Milan Malpensa,MXP,LIMC,,,00:15,01:25,22:15,23:25,70,286,1,1,2026-09-21T01:59:25.000Z
U23702,EJU,Sardinia Olbia,OLB,LIEO,Milan Malpensa,MXP,LIMC,,,00:25,01:40,22:25,23:40,75,286,5,1,2026-09-18T02:00:41.000Z
U23614,EJU,Sardinia Olbia,OLB,LIEO,Milan Malpensa,MXP,LIMC,,,00:45,01:55,22:45,23:55,70,286,6,1,2026-08-29T01:00:00.000Z
U23604,EJU,Sardinia Olbia,OLB,LIEO,Milan Malpensa,MXP,LIMC,,,00:50,02:05,22:50,00:05,75,286,5,1,2026-08-28T02:01:05.000Z
U23602,EJU,Sardinia Olbia,OLB,LIEO,Milan Malpensa,MXP,LIMC,,,01:05,02:15,23:05,00:15,70,286,2,1,2026-08-25T02:00:56.000Z
U23598,EJU,Sardinia Olbia,OLB,LIEO,Milan Malpensa,MXP,LIMC,,,07:20,08:35,05:20,06:35,75,286,5,1,2026-08-28T07:59:31.000Z
U21131,EZS,Sardinia Olbia,OLB,LIEO,Zurich,ZRH,LSZH,,,08:15,09:50,06:15,07:50,95,396,123456,6,2026-08-29T08:58:41.000Z
U24140,EJU,Sardinia Olbia,OLB,LIEO,Naples,NAP,LIRN,,,08:45,09:55,06:45,07:55,70,217,3,1,2026-09-23T09:00:42.000Z
U23584,EJU,Sardinia Olbia,OLB,LIEO,Milan Malpensa,MXP,LIMC,,,09:10,10:30,07:10,08:30,80,286,1234567,6,2026-09-24T08:57:49.000Z
U21104,EZS,Sardinia Olbia,OLB,LIEO,Basel,BSL,LFSB,,,09:20,10:55,07:20,08:55,95,411,4,1,2026-09-24T08:57:49.000Z
U23588,EJU,Sardinia Olbia,OLB,LIEO,Milan Malpensa,MXP,LIMC,,,09:20,10:35,07:20,08:35,75,286,1367,4,2026-09-23T09:59:05.000Z
U25060,EJU,Sardinia Olbia,OLB,LIEO,Berlin Brandenburg,BER,EDDB,,,09:55,12:05,07:55,10:05,130,707,12357,5,2026-09-22T11:59:50.000Z
U24930,EJU,Sardinia Olbia,OLB,LIEO,Paris Orly,ORY,LFPO,,,10:05,12:00,08:05,10:00,115,560,24567,5,2026-09-19T11:58:50.000Z
U22836,EZY,Sardinia Olbia,OLB,LIEO,Bristol,BRS,EGGD,,,10:30,12:00,08:30,11:00,150,807,1246,4,2026-09-22T13:02:05.000Z
U23312,EZY,Sardinia Olbia,OLB,LIEO,Edinburgh,EDI,EGPH,,,10:40,12:45,08:40,11:45,185,1036,47,2,2026-09-24T08:57:46.000Z
U28344,EZY,Sardinia Olbia,OLB,LIEO,London Gatwick,LGW,EGKK,,,11:40,13:10,09:40,12:10,150,735,12367,5,2026-09-22T13:58:28.000Z
U21688,EJU,Sardinia Olbia,OLB,LIEO,Nice,NCE,LFMN,,,12:00,13:00,10:00,11:00,60,195,1234567,6,2026-09-21T12:00:53.000Z
U24114,EJU,Sardinia Olbia,OLB,LIEO,Naples,NAP,LIRN,,,12:15,13:20,10:15,11:20,65,217,1234567,7,2026-09-24T08:57:49.000Z
U24116,EJU,Sardinia Olbia,OLB,LIEO,Naples,NAP,LIRN,,,12:35,13:40,10:35,11:40,65,217,123457,6,2026-09-23T12:59:26.000Z
U21106,EZS,Sardinia Olbia,OLB,LIEO,Basel,BSL,LFSB,,,12:45,14:20,10:45,12:20,95,411,1234567,7,2026-09-23T12:01:50.000Z
U23586,EJU,Sardinia Olbia,OLB,LIEO,Milan Malpensa,MXP,LIMC,,,12:50,14:00,10:50,12:00,70,286,234567,4,2026-09-22T13:58:28.000Z
U24410,EJU,Sardinia Olbia,OLB,LIEO,Lyon,LYS,LFLL,,,13:00,14:25,11:00,12:25,85,348,1234567,7,2026-09-21T13:59:30.000Z
U23630,EJU,Sardinia Olbia,OLB,LIEO,Milan Malpensa,MXP,LIMC,,,13:20,14:30,11:20,12:30,70,286,7,1,2026-08-30T13:59:49.000Z
U21418,EZS,Sardinia Olbia,OLB,LIEO,Geneva,GVA,LSGG,,,13:50,15:15,11:50,13:15,85,353,1234567,7,2026-09-23T14:59:28.000Z
U24932,EJU,Sardinia Olbia,OLB,LIEO,Paris Orly,ORY,LFPO,,,15:10,17:05,13:10,15:05,115,560,13567,4,2026-08-30T17:00:43.000Z
U25056,EJU,Sardinia Olbia,OLB,LIEO,Berlin Brandenburg,BER,EDDB,,,15:40,17:55,13:40,15:55,135,707,1234567,6,2026-09-24T08:57:49.000Z
U21894,EJU,Sardinia Olbia,OLB,LIEO,Bordeaux,BOD,LFBD,,,16:10,17:55,14:10,15:55,105,508,13456,5,2026-09-21T17:00:12.000Z
U21437,EZS,Sardinia Olbia,OLB,LIEO,Zurich,ZRH,LSZH,,,16:50,18:25,14:50,16:25,95,396,7,1,2026-08-30T17:59:33.000Z
U28346,EZY,Sardinia Olbia,OLB,LIEO,London Gatwick,LGW,EGKK,,,17:10,18:35,15:10,17:35,145,735,4567,3,2026-09-20T20:00:40.000Z
U21108,EZS,Sardinia Olbia,OLB,LIEO,Basel,BSL,LFSB,,,17:15,18:50,15:15,16:50,95,411,1234567,7,2026-09-24T08:57:49.000Z
U23590,EJU,Sardinia Olbia,OLB,LIEO,Milan Malpensa,MXP,LIMC,,,18:40,19:50,16:40,17:50,70,286,1234567,7,2026-09-24T08:57:49.000Z
U23620,EJU,Sardinia Olbia,OLB,LIEO,Milan Malpensa,MXP,LIMC,,,18:50,20:00,16:50,18:00,70,286,15,2,2026-09-21T21:01:04.000Z
U23612,EJU,Sardinia Olbia,OLB,LIEO,Naples,NAP,LIRN,,,18:55,20:00,16:55,18:00,65,217,6,1,2026-08-29T20:59:32.000Z
U22482,EZY,Sardinia Olbia,OLB,LIEO,London Luton,LTN,EGGW,,,19:05,20:30,17:05,19:30,145,774,26,2,2026-09-22T21:58:58.000Z
U27818,EJU,Sardinia Olbia,OLB,LIEO,Amsterdam,AMS,EHAM,,,19:35,22:10,17:35,20:10,155,712,124567,6,2026-09-24T08:57:49.000Z
U23594,EJU,Sardinia Olbia,OLB,LIEO,Milan Malpensa,MXP,LIMC,,,19:35,20:45,17:35,18:45,70,286,1236,4,2026-08-29T20:59:31.000Z
U23596,EJU,Sardinia Olbia,OLB,LIEO,Milan Malpensa,MXP,LIMC,,,19:55,21:05,17:55,19:05,70,286,27,2,2026-09-20T20:58:39.000Z
U24748,EJU,Sardinia Olbia,OLB,LIEO,Nantes,NTE,LFRS,,,20:35,22:45,18:35,20:45,130,609,47,2,2026-09-20T22:00:44.000Z
U28348,EZY,Sardinia Olbia,OLB,LIEO,London Gatwick,LGW,EGKK,,,21:05,22:30,19:05,21:30,145,735,12345,4,2026-09-23T23:59:05.000Z
U24118,EJU,Sardinia Olbia,OLB,LIEO,Naples,NAP,LIRN,,,21:25,22:30,19:25,20:30,65,217,124567,3,2026-09-20T14:58:42.000Z
U21420,EZS,Sardinia Olbia,OLB,LIEO,Geneva,GVA,LSGG,,,21:25,22:45,19:25,20:45,80,353,1234567,5,2026-09-22T16:59:22.000Z
U23592,EJU,Sardinia Olbia,OLB,LIEO,Milan Malpensa,MXP,LIMC,,,22:00,23:10,20:00,21:10,70,286,3467,4,2026-09-23T22:59:16.000Z
U26831,EJU,Porto,OPO,LPPR,Madeira Funchal,FNC,LPMA,,,06:00,08:05,05:00,07:05,125,643,13457,4,2026-09-24T08:57:48.000Z
U26813,EJU,Porto,OPO,LPPR,Lyon,LYS,LFLL,,,06:00,09:05,05:00,07:05,125,656,246,2,2026-09-24T08:57:46.000Z
U26815,EJU,Porto,OPO,LPPR,Basel,BSL,LFSB,,,06:05,09:35,05:05,07:35,150,790,1234567,6,2026-09-24T07:01:47.000Z
U26825,EJU,Porto,OPO,LPPR,Zurich,ZRH,LSZH,,,06:05,09:40,05:05,07:40,155,826,47,2,2026-09-24T08:57:50.000Z
U26809,EJU,Porto,OPO,LPPR,Nantes,NTE,LFRS,,,06:05,08:40,05:05,06:40,95,467,1356,4,2026-09-21T08:01:01.000Z
U26871,EJU,Porto,OPO,LPPR,Boa Vista,BVC,GVBA,,,06:10,08:40,05:10,09:40,270,1678,246,3,2026-09-24T08:57:41.000Z
U26819,EJU,Porto,OPO,LPPR,Geneva,GVA,LSGG,,,06:15,09:30,05:15,07:30,135,707,1234567,6,2026-09-24T08:57:41.000Z
U26855,EJU,Porto,OPO,LPPR,Split,SPU,LDSP,,,06:15,10:20,05:15,08:20,185,1112,14,2,2026-08-27T09:58:56.000Z
U26863,EJU,Porto,OPO,LPPR,Madeira Funchal,FNC,LPMA,,,06:25,08:30,05:25,07:30,125,643,6,1,2026-09-19T08:59:12.000Z
U24428,EJU,Porto,OPO,LPPR,Lyon,LYS,LFLL,,,06:30,09:35,05:30,07:35,125,656,157,3,2026-09-20T08:59:53.000Z
U28526,EJU,Porto,OPO,LPPR,London Gatwick,LGW,EGKK,,,06:35,09:00,05:35,08:00,145,690,1234567,6,2026-09-24T08:57:48.000Z
U26805,EJU,Porto,OPO,LPPR,Nice,NCE,LFMN,,,06:45,09:55,05:45,07:55,130,718,2,1,2026-09-22T10:01:21.000Z
U26839,EJU,Porto,OPO,LPPR,Madeira Funchal,FNC,LPMA,,,06:50,08:50,05:50,07:50,120,643,25,2,2026-09-22T09:01:05.000Z
U26875,EJU,Porto,OPO,LPPR,Sao Vicente,VXE,GVSV,,,07:00,09:35,06:00,10:35,275,1693,15,1,2026-09-21T12:00:45.000Z
U26857,EJU,Porto,OPO,LPPR,Prague,PRG,LKPR,,,07:10,11:25,06:10,09:25,195,1093,36,2,2026-09-23T10:58:56.000Z
U21452,EZS,Porto,OPO,LPPR,Geneva,GVA,LSGG,,,08:00,11:15,07:00,09:15,135,707,123457,5,2026-09-24T08:57:41.000Z
U24886,EJU,Porto,OPO,LPPR,Paris Orly,ORY,LFPO,,,08:25,11:35,07:25,09:35,130,648,124,3,2026-09-24T08:57:46.000Z
U24270,EJU,Porto,OPO,LPPR,Naples,NAP,LIRN,,,09:05,13:00,08:05,11:00,175,1037,347,3,2026-09-24T08:57:46.000Z
U22458,EZY,Porto,OPO,LPPR,London Luton,LTN,EGGW,,,09:20,11:45,08:20,10:45,145,723,13567,4,2026-09-23T12:01:50.000Z
U21286,EZS,Porto,OPO,LPPR,Basel,BSL,LFSB,,,09:25,12:55,08:25,10:55,150,790,4,1,2026-08-27T12:00:58.000Z
U22212,EZY,Porto,OPO,LPPR,Manchester,MAN,EGCC,,,09:55,12:20,08:55,11:20,145,771,2457,4,2026-09-24T08:57:46.000Z
U23176,EZY,Porto,OPO,LPPR,Glasgow,GLA,EGPF,,,10:10,12:50,09:10,11:50,160,894,15,2,2026-09-21T15:00:20.000Z
U26885,EJU,Porto,OPO,LPPR,Milan Malpensa,MXP,LIMC,,,10:55,14:20,09:55,12:20,145,801,15,2,2026-09-21T13:59:30.000Z
U26827,EJU,Porto,OPO,LPPR,Zurich,ZRH,LSZH,,,11:30,15:05,10:30,13:05,155,826,123456,6,2026-09-23T14:59:37.000Z
U24760,EJU,Porto,OPO,LPPR,Nantes,NTE,LFRS,,,11:45,14:30,10:45,12:30,105,467,125,3,2026-09-22T13:58:28.000Z
U26833,EJU,Porto,OPO,LPPR,Madeira Funchal,FNC,LPMA,,,12:10,14:15,11:10,13:15,125,643,1234567,3,2026-09-24T08:57:46.000Z
U26869,EJU,Porto,OPO,LPPR,Praia,RAI,GVNP,,,12:10,14:55,11:10,15:55,285,1757,37,2,2026-09-23T17:59:05.000Z
U26877,EJU,Porto,OPO,LPPR,Basel,BSL,LFSB,,,12:20,15:45,11:20,13:45,145,790,267,3,2026-09-22T12:58:51.000Z
U26883,EJU,Porto,OPO,LPPR,Manchester,MAN,EGCC,,,12:20,14:45,11:20,13:45,145,771,1,1,2026-09-21T15:58:59.000Z
U26821,EJU,Porto,OPO,LPPR,Geneva,GVA,LSGG,,,12:25,15:40,11:25,13:40,135,707,24567,5,2026-09-24T08:57:41.000Z
U26843,EJU,Porto,OPO,LPPR,Ibiza,IBZ,LEIB,,,12:25,15:10,11:25,13:10,105,483,123456,6,2026-09-23T14:59:33.000Z
U26837,EJU,Porto,OPO,LPPR,Porto Santo,PXO,LPPS,,,12:30,14:30,11:30,13:30,120,612,2347,4,2026-09-24T08:57:46.000Z
U26811,EJU,Porto,OPO,LPPR,Nantes,NTE,LFRS,,,12:55,15:30,11:55,13:30,95,467,3457,4,2026-09-24T08:57:46.000Z
U26829,EJU,Porto,OPO,LPPR,Geneva,GVA,LSGG,,,13:00,16:15,12:00,14:15,135,707,156,3,2026-09-19T16:01:38.000Z
U26866,EJU,Porto,OPO,LPPR,Bristol,BRS,EGGD,,,13:05,15:15,12:05,14:15,130,656,3,1,2026-09-23T16:00:44.000Z
U21874,EJU,Porto,OPO,LPPR,Bordeaux,BOD,LFBD,,,13:15,15:45,12:15,13:45,90,410,57,2,2026-09-20T15:01:08.000Z
U26859,EJU,Porto,OPO,LPPR,Sal - Cape Verde,SID,GVAC,,,13:20,15:50,12:20,16:50,270,1646,123467,5,2026-09-24T08:57:41.000Z
U26881,EJU,Porto,OPO,LPPR,Bordeaux,BOD,LFBD,,,13:25,16:00,12:25,14:00,95,410,2,1,2026-08-25T15:59:20.000Z
U25454,EJU,Porto,OPO,LPPR,Milan Linate,LIN,LIML,,,13:45,17:20,12:45,15:20,155,822,123457,4,2026-09-24T08:57:46.000Z
U27384,EJU,Porto,OPO,LPPR,Majorca Palma,PMI,LEPA,,,14:05,16:55,13:05,14:55,110,532,145,3,2026-09-21T15:58:59.000Z
U24430,EJU,Porto,OPO,LPPR,Lyon,LYS,LFLL,,,14:25,17:25,13:25,15:25,120,656,123457,5,2026-09-23T17:00:57.000Z
U21456,EZS,Porto,OPO,LPPR,Geneva,GVA,LSGG,,,14:35,17:50,13:35,15:50,135,707,234,3,2026-09-24T08:57:41.000Z
U21454,EZS,Porto,OPO,LPPR,Geneva,GVA,LSGG,,,14:55,18:10,13:55,16:10,135,707,134567,6,2026-09-21T19:00:05.000Z
U26847,EJU,Porto,OPO,LPPR,Luxembourg,LUX,ELLX,,,16:15,19:40,15:15,17:40,145,802,35,2,2026-09-23T19:00:10.000Z
U26861,EJU,Porto,OPO,LPPR,Sicily Palermo,PMO,LICJ,,,16:35,20:25,15:35,18:25,170,1020,3467,4,2026-09-24T08:57:46.000Z
U21876,EJU,Porto,OPO,LPPR,Bordeaux,BOD,LFBD,,,17:00,19:35,16:00,17:35,95,410,123457,6,2026-09-23T19:00:06.000Z
U26801,EJU,Porto,OPO,LPPR,Bordeaux,BOD,LFBD,,,17:00,19:35,16:00,17:35,95,410,456,3,2026-09-24T08:57:44.000Z
U26823,EJU,Porto,OPO,LPPR,Geneva,GVA,LSGG,,,17:05,20:15,16:05,18:15,130,707,23567,4,2026-09-23T20:01:48.000Z
U28578,EJU,Porto,OPO,LPPR,London Gatwick,LGW,EGKK,,,17:15,19:30,16:15,18:30,135,690,37,2,2026-09-23T19:59:18.000Z
U26817,EJU,Porto,OPO,LPPR,Basel,BSL,LFSB,,,17:20,20:45,16:20,18:45,145,790,1234567,7,2026-09-24T08:57:46.000Z
U26879,EJU,Porto,OPO,LPPR,Geneva,GVA,LSGG,,,17:20,20:30,16:20,18:30,130,707,1,1,2026-09-21T21:00:58.000Z
U26849,EJU,Porto,OPO,LPPR,Luxembourg,LUX,ELLX,,,17:40,21:05,16:40,19:05,145,802,124567,4,2026-09-24T08:57:46.000Z
U28524,EJU,Porto,OPO,LPPR,London Gatwick,LGW,EGKK,,,18:00,20:15,17:00,19:15,135,690,124567,5,2026-09-24T08:57:46.000Z
U26807,EJU,Porto,OPO,LPPR,Paris Orly,ORY,LFPO,,,18:00,21:10,17:00,19:10,130,648,567,2,2026-09-20T20:58:40.000Z
U26851,EJU,Porto,OPO,LPPR,Paris Orly,ORY,LFPO,,,18:00,21:10,17:00,19:10,130,648,123457,3,2026-09-24T08:57:46.000Z
U26803,EJU,Porto,OPO,LPPR,Lyon,LYS,LFLL,,,18:05,21:10,17:05,19:10,125,656,136,3,2026-09-23T20:59:00.000Z
U25332,EJU,Porto,OPO,LPPR,Berlin Brandenburg,BER,EDDB,,,18:25,22:30,17:25,20:30,185,1122,15,2,2026-09-21T22:01:17.000Z
U26835,EJU,Porto,OPO,LPPR,Madeira Funchal,FNC,LPMA,,,18:35,20:40,17:35,19:40,125,643,1234567,5,2026-09-23T21:59:43.000Z
U26841,EJU,Porto,OPO,LPPR,Majorca Palma,PMI,LEPA,,,18:35,21:25,17:35,19:25,110,532,237,3,2026-09-22T20:59:12.000Z
U26845,EJU,Porto,OPO,LPPR,Menorca Mahon,MAH,LEMH,,,18:50,21:45,17:50,19:45,115,594,123456,6,2026-09-24T08:57:46.000Z
U26853,EJU,Porto,OPO,LPPR,Nantes,NTE,LFRS,,,18:55,21:30,17:55,19:30,95,467,5,1,2026-09-18T20:59:34.000Z
U21458,EZS,Porto,OPO,LPPR,Geneva,GVA,LSGG,,,19:25,22:35,18:25,20:35,130,707,12346,4,2026-09-24T08:57:46.000Z
U21744,EJU,Porto,OPO,LPPR,Nice,NCE,LFMN,,,19:35,22:40,18:35,20:40,125,718,13467,4,2026-09-24T08:57:46.000Z
U21276,EZS,Porto,OPO,LPPR,Basel,BSL,LFSB,,,19:45,23:10,18:45,21:10,145,790,3,1,2026-09-23T21:02:42.000Z
U24432,EJU,Porto,OPO,LPPR,Lyon,LYS,LFLL,,,20:30,23:35,19:30,21:35,125,656,345,2,2026-09-17T23:00:17.000Z
U22876,EZY,Porto,OPO,LPPR,Bristol,BRS,EGGD,,,21:25,23:30,20:25,22:30,125,656,12467,4,2026-09-23T00:00:07.000Z
U22218,EZY,Porto,OPO,LPPR,Manchester,MAN,EGCC,,,21:50,00:15,20:50,23:15,145,771,3,1,2026-09-24T00:59:24.000Z
U24883,EJU,Paris Orly,ORY,LFPO,Faro,FAO,LPFR,,,06:00,07:35,04:00,06:35,155,836,123567,4,2026-09-22T18:02:39.000Z
U24841,EJU,Paris Orly,ORY,LFPO,Toulouse,TLS,LFBO,,,06:00,07:15,04:00,05:15,75,309,12357,3,2026-09-23T07:00:18.000Z
U24849,EJU,Paris Orly,ORY,LFPO,Toulouse,TLS,LFBO,,,06:00,07:15,04:00,05:15,75,309,12345,5,2026-09-24T06:58:50.000Z
U24909,EJU,Paris Orly,ORY,LFPO,Skopje,SKP,LWSK,,,06:15,08:55,04:15,06:55,160,905,6,1,2026-09-19T07:59:17.000Z
U24891,EJU,Paris Orly,ORY,LFPO,Dubrovnik,DBV,LDDU,,,06:25,08:35,04:25,06:35,130,761,1467,4,2026-08-30T07:59:37.000Z
U24889,EJU,Paris Orly,ORY,LFPO,Milan Linate,LIN,LIML,,,06:30,07:55,04:30,05:55,85,345,123456,4,2026-09-19T18:59:46.000Z
U24933,EJU,Paris Orly,ORY,LFPO,Rome Fiumicino,FCO,LIRF,,,06:55,08:55,04:55,06:55,120,589,234567,3,2026-09-24T07:59:39.000Z
U24859,EJU,Paris Orly,ORY,LFPO,Nice,NCE,LFMN,,,07:00,08:30,05:00,06:30,90,365,1234567,1,2026-09-23T08:01:07.000Z
U24921,EJU,Paris Orly,ORY,LFPO,Sicily Palermo,PMO,LICJ,,,07:00,09:20,05:00,07:20,140,786,1234567,5,2026-09-19T07:59:13.000Z
U24871,EJU,Paris Orly,ORY,LFPO,Venice Marco Polo,VCE,LIPZ,,,07:00,08:40,05:00,06:40,100,451,1245,4,2026-09-24T07:59:42.000Z
U24907,EJU,Paris Orly,ORY,LFPO,Naples,NAP,LIRN,,,07:10,09:25,05:10,07:25,135,691,67,2,2026-09-20T08:59:54.000Z
U24885,EJU,Paris Orly,ORY,LFPO,Porto,OPO,LPPR,,,07:20,08:30,05:20,07:30,130,648,124,2,2026-09-24T07:59:37.000Z
U24929,EJU,Paris Orly,ORY,LFPO,Sardinia Olbia,OLB,LIEO,,,07:25,09:20,05:25,07:20,115,560,24567,5,2026-09-19T08:59:13.000Z
U24875,EJU,Paris Orly,ORY,LFPO,Lamezia,SUF,LICA,,,07:50,10:20,05:50,08:20,150,840,36,2,2026-09-23T09:59:04.000Z
U21632,EJU,Paris Orly,ORY,LFPO,Nice,NCE,LFMN,,,08:00,09:30,06:00,07:30,90,365,1234567,2,2026-09-24T08:57:49.000Z
U24899,EJU,Paris Orly,ORY,LFPO,Sicily Catania,CTA,LICC,,,08:40,11:15,06:40,09:15,155,874,134567,6,2026-09-24T08:57:44.000Z
U24184,EJU,Paris Orly,ORY,LFPO,Naples,NAP,LIRN,,,09:35,11:50,07:35,09:50,135,691,125,3,2026-09-22T11:59:56.000Z
U24951,EJU,Paris Orly,ORY,LFPO,Naples,NAP,LIRN,,,10:00,12:15,08:00,10:15,135,691,1234567,6,2026-09-24T08:57:49.000Z
U23822,EJU,Paris Orly,ORY,LFPO,Milan Malpensa,MXP,LIMC,,,10:05,11:30,08:05,09:30,85,319,1234,4,2026-09-24T08:57:49.000Z
U24873,EJU,Paris Orly,ORY,LFPO,Venice Marco Polo,VCE,LIPZ,,,10:10,11:50,08:10,09:50,100,451,14567,5,2026-09-24T08:57:49.000Z
U24843,EJU,Paris Orly,ORY,LFPO,Toulouse,TLS,LFBO,,,10:15,11:30,08:15,09:30,75,309,1234567,5,2026-09-24T08:57:49.000Z
U27546,EJU,Paris Orly,ORY,LFPO,Faro,FAO,LPFR,,,10:20,11:55,08:20,10:55,155,836,26,2,2026-08-29T12:00:51.000Z
U24855,EJU,Paris Orly,ORY,LFPO,Nice,NCE,LFMN,,,10:20,11:50,08:20,09:50,90,365,123457,5,2026-09-24T08:57:49.000Z
U24939,EJU,Paris Orly,ORY,LFPO,Milan Linate,LIN,LIML,,,11:10,12:35,09:10,10:35,85,345,1234567,3,2026-09-24T08:57:49.000Z
U24867,EJU,Paris Orly,ORY,LFPO,Toulouse,TLS,LFBO,,,11:40,12:55,09:40,10:55,75,309,15,2,2026-09-21T13:59:32.000Z
U21634,EJU,Paris Orly,ORY,LFPO,Nice,NCE,LFMN,,,12:10,13:40,10:10,11:40,90,365,1346,3,2026-09-24T08:57:49.000Z
U24953,EJU,Paris Orly,ORY,LFPO,Naples,NAP,LIRN,,,12:35,14:50,10:35,12:50,135,691,134567,4,2026-09-24T08:57:49.000Z
U24931,EJU,Paris Orly,ORY,LFPO,Sardinia Olbia,OLB,LIEO,,,12:35,14:30,10:35,12:30,115,560,13567,3,2026-08-30T13:59:49.000Z
U24935,EJU,Paris Orly,ORY,LFPO,Rome Fiumicino,FCO,LIRF,,,12:45,14:50,10:45,12:50,125,589,1234567,4,2026-09-24T08:57:48.000Z
U24857,EJU,Paris Orly,ORY,LFPO,Nice,NCE,LFMN,,,12:45,14:15,10:45,12:15,90,365,24,2,2026-08-27T15:00:53.000Z
U24941,EJU,Paris Orly,ORY,LFPO,Venice Marco Polo,VCE,LIPZ,,,12:45,14:25,10:45,12:25,100,451,4,1,2026-09-24T08:57:49.000Z
U24945,EJU,Paris Orly,ORY,LFPO,Sardinia Cagliari,CAG,LIEE,,,13:05,15:10,11:05,13:10,125,638,2467,4,2026-09-19T14:59:35.000Z
U24893,EJU,Paris Orly,ORY,LFPO,Split,SPU,LDSP,,,13:20,15:20,11:20,13:20,120,657,123457,5,2026-08-30T15:02:01.000Z
U24877,EJU,Paris Orly,ORY,LFPO,Rhodes,RHO,LGRP,,,13:40,18:20,11:40,15:20,220,1347,26,2,2026-09-22T16:59:27.000Z
U24863,EJU,Paris Orly,ORY,LFPO,Nice,NCE,LFMN,,,13:45,15:15,11:45,13:15,90,365,1235,4,2026-09-22T15:02:26.000Z
U24937,EJU,Paris Orly,ORY,LFPO,Venice Marco Polo,VCE,LIPZ,,,13:45,15:25,11:45,13:25,100,451,1237,4,2026-09-23T14:59:37.000Z
U21650,EJU,Paris Orly,ORY,LFPO,Nice,NCE,LFMN,,,13:50,15:20,11:50,13:20,90,365,24,2,2026-09-24T08:57:49.000Z
U24845,EJU,Paris Orly,ORY,LFPO,Toulouse,TLS,LFBO,,,14:00,15:20,12:00,13:20,80,309,357,3,2026-09-23T14:59:37.000Z
U24853,EJU,Paris Orly,ORY,LFPO,Nice,NCE,LFMN,,,14:30,16:00,12:30,14:00,90,365,1,1,2026-08-24T16:00:19.000Z
U24861,EJU,Paris Orly,ORY,LFPO,Nice,NCE,LFMN,,,14:30,16:00,12:30,14:00,90,365,135,3,2026-09-23T16:00:49.000Z
U24847,EJU,Paris Orly,ORY,LFPO,Toulouse,TLS,LFBO,,,14:45,16:05,12:45,14:05,80,309,123467,6,2026-09-24T08:57:49.000Z
U24961,EJU,Paris Orly,ORY,LFPO,Rome Fiumicino,FCO,LIRF,,,14:50,16:55,12:50,14:55,125,589,1,1,2026-09-21T19:00:10.000Z
U24915,EJU,Paris Orly,ORY,LFPO,Southampton,SOU,EGHI,,,14:55,15:00,12:55,14:00,65,196,36,2,2026-09-23T16:00:51.000Z
U24879,EJU,Paris Orly,ORY,LFPO,Athens,ATH,LGAV,,,15:10,19:20,13:10,16:20,190,1138,1234567,4,2026-09-24T08:57:42.000Z
U24895,EJU,Paris Orly,ORY,LFPO,Geneva,GVA,LSGG,,,15:20,16:20,13:20,14:20,60,213,135,3,2026-09-21T16:01:52.000Z
U24911,EJU,Paris Orly,ORY,LFPO,Sofia,SOF,LBSF,,,15:35,19:20,13:35,16:20,165,950,347,3,2026-09-24T08:57:49.000Z
U24901,EJU,Paris Orly,ORY,LFPO,Bari,BRI,LIBD,,,16:10,18:25,14:10,16:25,135,761,2467,4,2026-09-24T08:57:42.000Z
U24919,EJU,Paris Orly,ORY,LFPO,Sicily Palermo,PMO,LICJ,,,16:35,18:55,14:35,16:55,140,786,6,1,2026-08-29T19:59:53.000Z
U24949,EJU,Paris Orly,ORY,LFPO,Naples,NAP,LIRN,,,17:10,19:20,15:10,17:20,130,691,23457,4,2026-09-20T20:00:41.000Z
U24957,EJU,Paris Orly,ORY,LFPO,Rome Fiumicino,FCO,LIRF,,,17:35,19:40,15:35,17:40,125,589,1234567,5,2026-09-24T08:57:48.000Z
U24903,EJU,Paris Orly,ORY,LFPO,Milan Malpensa,MXP,LIMC,,,17:40,19:05,15:40,17:05,85,319,1345,3,2026-09-23T19:00:11.000Z
U21636,EJU,Paris Orly,ORY,LFPO,Nice,NCE,LFMN,,,17:55,19:20,15:55,17:20,85,365,3467,4,2026-09-24T08:57:49.000Z
U24923,EJU,Paris Orly,ORY,LFPO,Pisa (Tuscany),PSA,LIRP,,,18:20,20:00,16:20,18:00,100,450,1234567,6,2026-09-24T08:57:49.000Z
U23824,EJU,Paris Orly,ORY,LFPO,Milan Malpensa,MXP,LIMC,,,18:20,19:45,16:20,17:45,85,319,123457,6,2026-09-23T19:00:11.000Z
U24887,EJU,Paris Orly,ORY,LFPO,Venice Marco Polo,VCE,LIPZ,,,18:25,20:00,16:25,18:00,95,451,123567,5,2026-09-23T19:59:21.000Z
U24943,EJU,Paris Orly,ORY,LFPO,Milan Linate,LIN,LIML,,,18:50,20:15,16:50,18:15,85,345,1234567,4,2026-09-24T08:57:49.000Z
U24865,EJU,Paris Orly,ORY,LFPO,Nice,NCE,LFMN,,,19:00,20:25,17:00,18:25,85,365,1234567,7,2026-09-24T08:57:49.000Z
U24851,EJU,Paris Orly,ORY,LFPO,Toulouse,TLS,LFBO,,,19:15,20:30,17:15,18:30,75,309,123457,3,2026-09-24T08:57:49.000Z
U24186,EJU,Paris Orly,ORY,LFPO,Naples,NAP,LIRN,,,19:55,22:05,17:55,20:05,130,691,1234567,1,2026-09-24T08:57:49.000Z
U21342,EZS,Paris Orly,ORY,LFPO,Geneva,GVA,LSGG,,,21:15,22:20,19:15,20:20,65,213,237,2,2026-09-23T21:59:38.000Z
U21348,EZS,Paris Orly,ORY,LFPO,Geneva,GVA,LSGG,,,21:15,22:20,19:15,20:20,65,213,4,1,2026-09-17T22:00:20.000Z
U21638,EJU,Paris Orly,ORY,LFPO,Nice,NCE,LFMN,,,21:30,22:55,19:30,20:55,85,365,123457,1,2026-09-23T21:59:43.000Z
U21601,EJU,Paris Orly,ORY,LFPO,Nice,NCE,LFMN,,,21:35,23:00,19:35,21:00,85,365,7,1,2026-08-30T23:01:11.000Z
U26808,EJU,Paris Orly,ORY,LFPO,Porto,OPO,LPPR,,,21:40,22:55,19:40,21:55,135,648,567,2,2026-09-20T23:59:22.000Z
U26852,EJU,Paris Orly,ORY,LFPO,Porto,OPO,LPPR,,,21:40,23:05,19:40,22:05,145,648,123457,4,2026-09-23T17:00:55.000Z
U22298,EZY,Oslo,OSL,ENGM,Manchester,MAN,EGCC,,,11:15,12:15,09:15,11:15,120,600,15,2,2026-09-21T13:59:30.000Z
U22592,EZY,Cyprus Paphos,PFO,LCPH,London Luton,LTN,EGGW,,,14:25,17:25,11:25,16:25,300,1743,1346,3,2026-09-24T08:57:48.000Z
U28652,EZY,Cyprus Paphos,PFO,LCPH,London Gatwick,LGW,EGKK,,,14:55,18:00,11:55,17:00,305,1720,124567,3,2026-09-24T08:57:48.000Z
U28654,EZY,Cyprus Paphos,PFO,LCPH,London Gatwick,LGW,EGKK,,,19:30,22:25,16:30,21:25,295,1720,1367,3,2026-09-23T22:59:15.000Z
U23318,EZY,Cyprus Paphos,PFO,LCPH,Edinburgh,EDI,EGPH,,,19:45,23:05,16:45,22:05,320,1942,36,2,2026-09-24T00:59:23.000Z
U28662,EZY,Cyprus Paphos,PFO,LCPH,London Gatwick,LGW,EGKK,,,20:55,23:55,17:55,22:55,300,1720,2,1,2026-09-23T19:59:18.000Z
U22902,EZY,Cyprus Paphos,PFO,LCPH,Bristol,BRS,EGGD,,,21:10,00:10,18:10,23:10,300,1814,136,3,2026-09-24T00:59:21.000Z
U22590,EZY,Cyprus Paphos,PFO,LCPH,London Luton,LTN,EGGW,,,21:20,00:15,18:20,23:15,295,1743,2,1,2026-09-23T02:00:47.000Z
U22280,EZY,Cyprus Paphos,PFO,LCPH,Manchester,MAN,EGCC,,,21:20,00:25,18:20,23:25,305,1842,6,1,2026-09-20T01:58:57.000Z
U22270,EZY,Cyprus Paphos,PFO,LCPH,Manchester,MAN,EGCC,,,22:00,01:05,19:00,00:05,305,1842,135,3,2026-09-24T02:59:02.000Z
U28656,EZY,Cyprus Paphos,PFO,LCPH,London Gatwick,LGW,EGKK,,,22:40,01:35,19:40,00:35,295,1720,134567,5,2026-09-24T01:59:59.000Z
U27379,EJU,Majorca Palma,PMI,LEPA,Athens,ATH,LGAV,,,06:05,10:00,04:05,07:00,175,995,247,3,2026-08-30T09:00:32.000Z
U27281,EJU,Majorca Palma,PMI,LEPA,Geneva,GVA,LSGG,,,06:10,07:50,04:10,05:50,100,428,1234567,3,2026-09-24T07:01:44.000Z
U27367,EJU,Majorca Palma,PMI,LEPA,Bristol,BRS,EGGD,,,06:40,08:15,04:40,07:15,155,746,26,2,2026-09-22T09:01:00.000Z
U27363,EJU,Majorca Palma,PMI,LEPA,Belfast City (George Best),BHD,EGAC,,,06:55,08:55,04:55,07:55,180,969,14,1,2026-09-24T08:57:46.000Z
U27271,EJU,Majorca Palma,PMI,LEPA,Basel,BSL,LFSB,,,07:00,08:55,05:00,06:55,115,526,1234567,6,2026-09-24T05:58:56.000Z
U28022,EJU,Majorca Palma,PMI,LEPA,London Gatwick,LGW,EGKK,,,07:00,08:35,05:00,07:35,155,707,5,1,2026-09-18T09:59:22.000Z
U28094,EJU,Majorca Palma,PMI,LEPA,London Gatwick,LGW,EGKK,,,07:00,08:30,05:00,07:30,150,707,123467,3,2026-09-24T08:57:48.000Z
U27289,EJU,Majorca Palma,PMI,LEPA,Zurich,ZRH,LSZH,,,07:00,08:55,05:00,06:55,115,538,1234567,5,2026-09-21T08:59:51.000Z
U27333,EJU,Majorca Palma,PMI,LEPA,Berlin Brandenburg,BER,EDDB,,,07:10,09:50,05:10,07:50,160,889,13467,3,2026-09-24T08:57:44.000Z
U27369,EJU,Majorca Palma,PMI,LEPA,Southampton,SOU,EGHI,,,07:10,08:35,05:10,07:35,145,706,14,2,2026-09-24T08:57:49.000Z
U27251,EJU,Majorca Palma,PMI,LEPA,London Luton,LTN,EGGW,,,07:10,08:45,05:10,07:45,155,751,1234567,4,2026-09-23T09:00:42.000Z
U27295,EJU,Majorca Palma,PMI,LEPA,Strasbourg,SXB,LFST,,,07:15,09:15,05:15,07:15,120,579,36,2,2026-09-23T09:00:43.000Z
U27307,EJU,Majorca Palma,PMI,LEPA,Milan Malpensa,MXP,LIMC,,,07:15,09:00,05:15,07:00,105,451,3,1,2026-09-16T08:58:56.000Z
U27293,EJU,Majorca Palma,PMI,LEPA,Nice,NCE,LFMN,,,07:30,09:00,05:30,07:00,90,318,1234567,5,2026-09-24T08:57:49.000Z
U23748,EJU,Majorca Palma,PMI,LEPA,Milan Malpensa,MXP,LIMC,,,09:25,11:10,07:25,09:10,105,451,27,2,2026-08-30T10:59:12.000Z
U25120,EJU,Majorca Palma,PMI,LEPA,Berlin Brandenburg,BER,EDDB,,,09:40,12:20,07:40,10:20,160,889,124567,5,2026-09-24T08:57:44.000Z
U24774,EJU,Majorca Palma,PMI,LEPA,Nantes,NTE,LFRS,,,09:50,11:40,07:50,09:40,110,494,1,1,2026-09-21T11:01:10.000Z
U28082,EZY,Majorca Palma,PMI,LEPA,London Gatwick,LGW,EGKK,,,10:00,11:35,08:00,10:35,155,707,567,3,2026-09-20T11:58:43.000Z
U22710,EZY,Majorca Palma,PMI,LEPA,Bristol,BRS,EGGD,,,10:05,11:40,08:05,10:40,155,746,1234567,3,2026-09-24T08:57:44.000Z
U22330,EZY,Majorca Palma,PMI,LEPA,London Luton,LTN,EGGW,,,10:10,11:45,08:10,10:45,155,751,123467,2,2026-09-24T08:57:48.000Z
U23360,EZY,Majorca Palma,PMI,LEPA,Liverpool,LPL,EGGP,,,10:15,12:00,08:15,11:00,165,859,1234567,3,2026-09-24T08:57:48.000Z
U22020,EZY,Majorca Palma,PMI,LEPA,Manchester,MAN,EGCC,,,10:20,12:05,08:20,11:05,165,853,13457,4,2026-09-24T08:57:49.000Z
U27888,EJU,Majorca Palma,PMI,LEPA,Amsterdam,AMS,EHAM,,,10:25,13:05,08:25,11:05,160,771,1234567,5,2026-09-24T08:57:42.000Z
U25732,EZY,Majorca Palma,PMI,LEPA,London Southend,SEN,EGMC,,,10:35,12:05,08:35,11:05,150,727,147,3,2026-09-21T13:00:37.000Z
U23012,EZY,Majorca Palma,PMI,LEPA,Belfast Intl,BFS,EGAA,,,10:45,12:50,08:45,11:50,185,976,1234567,5,2026-09-24T08:57:44.000Z
U28084,EZY,Majorca Palma,PMI,LEPA,London Gatwick,LGW,EGKK,,,11:00,12:35,09:00,11:35,155,707,234567,5,2026-09-24T08:57:48.000Z
U28146,EZY,Majorca Palma,PMI,LEPA,London Gatwick,LGW,EGKK,,,11:00,12:45,09:00,11:45,165,707,27,2,2026-09-22T13:58:28.000Z
U27329,EJU,Majorca Palma,PMI,LEPA,Leeds Bradford,LBA,EGNM,,,11:25,13:10,09:25,12:10,165,878,1357,4,2026-09-23T14:59:34.000Z
U28098,EZY,Majorca Palma,PMI,LEPA,London Gatwick,LGW,EGKK,,,11:30,13:05,09:30,12:05,155,707,5,1,2026-08-28T13:59:21.000Z
U27317,EJU,Majorca Palma,PMI,LEPA,Naples,NAP,LIRN,,,11:45,13:40,09:45,11:40,115,535,23457,5,2026-08-30T15:01:59.000Z
U26630,EZY,Majorca Palma,PMI,LEPA,Birmingham,BHX,EGBB,,,11:50,13:30,09:50,12:30,160,797,26,2,2026-09-22T15:02:20.000Z
U25628,EZY,Majorca Palma,PMI,LEPA,Newcastle,NCL,EGNT,,,11:50,13:50,09:50,12:50,180,947,36,2,2026-09-23T14:59:36.000Z
U28096,EJU,Majorca Palma,PMI,LEPA,London Gatwick,LGW,EGKK,,,12:00,13:35,10:00,12:35,155,707,1234567,5,2026-09-24T08:57:48.000Z
U27375,EJU,Majorca Palma,PMI,LEPA,Lille,LIL,LFQQ,,,12:05,14:20,10:05,12:20,135,662,37,2,2026-09-23T13:59:04.000Z
U27273,EJU,Majorca Palma,PMI,LEPA,Basel,BSL,LFSB,,,12:05,14:00,10:05,12:00,115,526,1234567,7,2026-09-24T08:57:49.000Z
U27297,EJU,Majorca Palma,PMI,LEPA,Paris Charles de Gaulle,CDG,LFPG,,,12:05,14:20,10:05,12:20,135,568,24567,4,2026-09-19T13:59:15.000Z
U27323,EJU,Majorca Palma,PMI,LEPA,Sicily Palermo,PMO,LICJ,,,12:15,14:00,10:15,12:00,105,491,15,1,2026-08-28T13:59:18.000Z
U27383,EJU,Majorca Palma,PMI,LEPA,Porto,OPO,LPPR,,,12:35,13:25,10:35,12:25,110,532,145,3,2026-09-21T13:59:28.000Z
U27279,EJU,Majorca Palma,PMI,LEPA,Liverpool,LPL,EGGP,,,12:55,14:40,10:55,13:40,165,859,234,3,2026-09-23T14:59:34.000Z
U21326,EJU,Majorca Palma,PMI,LEPA,Geneva,GVA,LSGG,,,13:30,15:15,11:30,13:15,105,428,6,1,2026-09-19T14:59:35.000Z
U27309,EJU,Majorca Palma,PMI,LEPA,Milan Malpensa,MXP,LIMC,319,A319,13:30,15:15,11:30,13:15,105,451,23456,4,2026-09-24T08:57:49.000Z
U27299,EJU,Majorca Palma,PMI,LEPA,Lyon,LYS,LFLL,,,13:40,15:15,11:40,13:15,95,385,123456,5,2026-09-24T07:59:40.000Z
U27361,EJU,Majorca Palma,PMI,LEPA,Montpellier,MPL,LFMT,,,13:50,15:10,11:50,13:10,80,248,1347,4,2026-09-24T08:57:49.000Z
U27305,EJU,Majorca Palma,PMI,LEPA,Nantes,NTE,LFRS,,,13:55,15:45,11:55,13:45,110,494,12457,4,2026-09-22T13:58:28.000Z
U24586,EJU,Majorca Palma,PMI,LEPA,Paris Charles de Gaulle,CDG,LFPG,,,14:00,16:15,12:00,14:15,135,568,34,2,2026-08-27T15:59:53.000Z
U27283,EJU,Majorca Palma,PMI,LEPA,Geneva,GVA,LSGG,,,14:00,15:45,12:00,13:45,105,428,1234567,7,2026-09-24T08:57:41.000Z
U27301,EJU,Majorca Palma,PMI,LEPA,Bordeaux,BOD,LFBD,,,14:00,15:25,12:00,13:25,85,352,123567,5,2026-09-21T12:00:43.000Z
U23752,EJU,Majorca Palma,PMI,LEPA,Milan Malpensa,MXP,LIMC,,,14:10,15:55,12:10,13:55,105,451,26,2,2026-08-29T16:59:29.000Z
U22712,EZY,Majorca Palma,PMI,LEPA,Bristol,BRS,EGGD,,,14:30,16:00,12:30,15:00,150,746,124567,6,2026-09-24T08:57:44.000Z
U27277,EJU,Majorca Palma,PMI,LEPA,Basel,BSL,LFSB,,,14:30,16:25,12:30,14:25,115,526,35,2,2026-09-23T13:59:05.000Z
U27882,EJU,Majorca Palma,PMI,LEPA,Amsterdam,AMS,EHAM,,,14:35,17:10,12:35,15:10,155,771,1457,4,2026-09-24T08:57:42.000Z
U24208,EJU,Majorca Palma,PMI,LEPA,Naples,NAP,LIRN,,,14:35,16:35,12:35,14:35,120,535,6,1,2026-08-29T16:59:30.000Z
U27351,EJU,Majorca Palma,PMI,LEPA,Toulouse,TLS,LFBO,,,15:00,16:15,13:00,14:15,75,252,12457,5,2026-09-24T08:57:49.000Z
U27285,EJU,Majorca Palma,PMI,LEPA,Geneva,GVA,LSGG,,,15:15,17:00,13:15,15:00,105,428,1235,4,2026-09-22T16:59:22.000Z
U27335,EJU,Majorca Palma,PMI,LEPA,Berlin Brandenburg,BER,EDDB,,,16:05,18:55,14:05,16:55,170,889,123567,6,2026-09-22T17:57:19.000Z
U28086,EZY,Majorca Palma,PMI,LEPA,London Gatwick,LGW,EGKK,,,16:05,17:40,14:05,16:40,155,707,12345,4,2026-09-24T08:57:48.000Z
U21004,EJU,Majorca Palma,PMI,LEPA,Basel,BSL,LFSB,,,16:10,18:05,14:10,16:05,115,526,12456,4,2026-09-24T08:57:49.000Z
U21710,EJU,Majorca Palma,PMI,LEPA,Nice,NCE,LFMN,,,16:10,17:40,14:10,15:40,90,318,6,1,2026-08-29T18:00:55.000Z
U22332,EZY,Majorca Palma,PMI,LEPA,London Luton,LTN,EGGW,,,16:35,18:10,14:35,17:10,155,751,1234567,6,2026-09-24T08:57:48.000Z
U23362,EZY,Majorca Palma,PMI,LEPA,Liverpool,LPL,EGGP,,,17:05,18:50,15:05,17:50,165,859,12457,5,2026-09-24T08:57:48.000Z
U21856,EJU,Majorca Palma,PMI,LEPA,Bordeaux,BOD,LFBD,,,17:25,18:50,15:25,16:50,85,352,246,3,2026-09-24T08:57:44.000Z
U27263,EJU,Majorca Palma,PMI,LEPA,London Southend,SEN,EGMC,,,17:35,19:05,15:35,18:05,150,727,256,3,2026-09-19T23:00:17.000Z
U27265,EJU,Majorca Palma,PMI,LEPA,Manchester,MAN,EGCC,,,17:40,19:25,15:40,18:25,165,853,24567,5,2026-09-19T00:00:26.000Z
U27259,EJU,Majorca Palma,PMI,LEPA,Edinburgh,EDI,EGPH,,,17:45,19:50,15:45,18:50,185,1014,246,3,2026-09-24T08:57:46.000Z
U27269,EJU,Majorca Palma,PMI,LEPA,Manchester,MAN,EGCC,,,17:55,19:40,15:55,18:40,165,853,123467,5,2026-09-24T08:57:49.000Z
U27275,EJU,Majorca Palma,PMI,LEPA,Basel,BSL,LFSB,,,18:15,20:10,16:15,18:10,115,526,123567,6,2026-09-22T18:02:43.000Z
U27255,EJU,Majorca Palma,PMI,LEPA,Newcastle,NCL,EGNT,,,18:15,20:15,16:15,19:15,180,947,12457,5,2026-09-24T08:57:49.000Z
U27357,EJU,Majorca Palma,PMI,LEPA,Glasgow,GLA,EGPF,,,18:20,20:20,16:20,19:20,180,1020,1234567,6,2026-09-24T08:57:46.000Z
U27365,EJU,Majorca Palma,PMI,LEPA,Amsterdam,AMS,EHAM,,,18:25,21:00,16:25,19:00,155,771,2356,4,2026-09-23T21:02:40.000Z
U27257,EJU,Majorca Palma,PMI,LEPA,Belfast Intl,BFS,EGAA,,,18:25,20:25,16:25,19:25,180,976,1234567,5,2026-09-23T21:59:40.000Z
U27253,EJU,Majorca Palma,PMI,LEPA,Birmingham,BHX,EGBB,,,18:40,20:15,16:40,19:15,155,797,134567,6,2026-09-24T08:57:49.000Z
U27261,EJU,Majorca Palma,PMI,LEPA,London Southend,SEN,EGMC,,,18:45,20:10,16:45,19:10,145,727,2456,4,2026-09-24T08:57:49.000Z
U27267,EJU,Majorca Palma,PMI,LEPA,Bristol,BRS,EGGD,,,18:55,20:25,16:55,19:25,150,746,1234567,4,2026-09-24T08:57:49.000Z
U22356,EZY,Majorca Palma,PMI,LEPA,London Luton,LTN,EGGW,,,19:10,20:35,17:10,19:35,145,751,5,1,2026-09-18T20:59:34.000Z
U28092,EJU,Majorca Palma,PMI,LEPA,London Gatwick,LGW,EGKK,,,19:30,21:00,17:30,20:00,150,707,1234567,6,2026-09-23T21:59:43.000Z
U27311,EJU,Majorca Palma,PMI,LEPA,Milan Malpensa,MXP,LIMC,,,19:35,21:20,17:35,19:20,105,451,137,3,2026-09-23T20:59:00.000Z
U27315,EJU,Majorca Palma,PMI,LEPA,Lyon,LYS,LFLL,,,19:40,21:10,17:40,19:10,90,385,1,1,2026-09-14T20:59:38.000Z
U25418,EJU,Majorca Palma,PMI,LEPA,Milan Linate,LIN,LIML,,,20:10,21:55,18:10,19:55,105,457,1234567,2,2026-08-30T21:00:18.000Z
U21310,EJU,Majorca Palma,PMI,LEPA,Geneva,GVA,LSGG,,,20:25,22:05,18:25,20:05,100,428,17,2,2026-09-21T22:01:17.000Z
U28088,EZY,Majorca Palma,PMI,LEPA,London Gatwick,LGW,EGKK,,,20:25,21:55,18:25,20:55,150,707,13,2,2026-09-21T21:58:49.000Z
U21032,EJU,Majorca Palma,PMI,LEPA,Basel,BSL,LFSB,,,20:40,22:35,18:40,20:35,115,526,467,3,2026-09-24T08:57:49.000Z
U27676,EJU,Majorca Palma,PMI,LEPA,Lisbon,LIS,LPPT,,,21:10,22:10,19:10,21:10,120,554,1234567,7,2026-09-23T22:59:15.000Z
U22022,EZY,Majorca Palma,PMI,LEPA,Manchester,MAN,EGCC,,,21:25,23:10,19:25,22:10,165,853,46,2,2026-09-20T01:58:57.000Z
U24374,EJU,Majorca Palma,PMI,LEPA,Lyon,LYS,LFLL,,,21:45,23:20,19:45,21:20,95,385,13567,5,2026-09-20T23:01:48.000Z
U23110,EZY,Majorca Palma,PMI,LEPA,Glasgow,GLA,EGPF,,,21:55,23:55,19:55,22:55,180,1020,4,1,2026-08-28T01:00:15.000Z
U28090,EZY,Majorca Palma,PMI,LEPA,London Gatwick,LGW,EGKK,,,21:55,23:35,19:55,22:35,160,707,123467,5,2026-09-23T00:00:10.000Z
U26842,EJU,Majorca Palma,PMI,LEPA,Porto,OPO,LPPR,,,22:05,23:05,20:05,22:05,120,532,237,3,2026-09-23T00:00:09.000Z
U22334,EZY,Majorca Palma,PMI,LEPA,London Luton,LTN,EGGW,,,22:20,23:50,20:20,22:50,150,751,1246,4,2026-09-22T00:01:53.000Z
U24370,EJU,Majorca Palma,PMI,LEPA,Lyon,LYS,LFLL,,,22:35,00:10,20:35,22:10,95,385,4,1,2026-08-28T00:00:48.000Z
U22372,EZY,Majorca Palma,PMI,LEPA,London Luton,LTN,EGGW,,,22:40,00:05,20:40,23:05,145,751,56,2,2026-09-20T01:58:57.000Z
U22344,EZY,Majorca Palma,PMI,LEPA,London Luton,LTN,EGGW,,,23:25,00:50,21:25,23:50,145,751,367,3,2026-09-24T02:59:02.000Z
U24372,EJU,Majorca Palma,PMI,LEPA,Lyon,LYS,LFLL,,,23:30,01:05,21:30,23:05,95,385,15,2,2026-08-29T03:00:20.000Z
U22714,EZY,Majorca Palma,PMI,LEPA,Bristol,BRS,EGGD,,,23:35,01:05,21:35,00:05,150,746,3,1,2026-09-24T01:59:54.000Z
U23750,EJU,Majorca Palma,PMI,LEPA,Milan Malpensa,MXP,LIMC,,,23:35,01:20,21:35,23:20,105,451,1457,4,2026-09-22T00:59:00.000Z
U23376,EZY,Majorca Palma,PMI,LEPA,Liverpool,LPL,EGGP,,,23:55,01:35,21:55,00:35,160,859,7,1,2026-09-21T01:59:23.000Z
U23622,EJU,Sicily Palermo,PMO,LICJ,Milan Malpensa,MXP,LIMC,,,00:35,02:15,22:35,00:15,100,488,157,3,2026-09-20T01:58:57.000Z
U23500,EJU,Sicily Palermo,PMO,LICJ,Milan Malpensa,MXP,LIMC,,,01:15,02:55,23:15,00:55,100,488,5,1,2026-08-28T02:01:05.000Z
U23618,EJU,Sicily Palermo,PMO,LICJ,Milan Malpensa,MXP,LIMC,,,01:40,03:20,23:40,01:20,100,488,1,1,2026-08-31T03:02:14.000Z
U24102,EJU,Sicily Palermo,PMO,LICJ,Naples,NAP,LIRN,,,07:40,08:40,05:40,06:40,60,172,1367,4,2026-09-23T08:01:07.000Z
U23506,EJU,Sicily Palermo,PMO,LICJ,Milan Malpensa,MXP,LIMC,,,08:20,10:00,06:20,08:00,100,488,12356,5,2026-09-23T09:59:05.000Z
U24922,EJU,Sicily Palermo,PMO,LICJ,Paris Orly,ORY,LFPO,,,09:00,11:30,07:00,09:30,150,786,1234567,7,2026-09-19T10:58:44.000Z
U23502,EJU,Sicily Palermo,PMO,LICJ,Milan Malpensa,MXP,LIMC,,,09:20,11:00,07:20,09:00,100,488,1234567,2,2026-09-24T08:57:45.000Z
U28322,EZY,Sicily Palermo,PMO,LICJ,London Gatwick,LGW,EGKK,,,10:25,12:30,08:25,11:30,185,960,1234567,6,2026-09-24T08:57:45.000Z
U27804,EJU,Sicily Palermo,PMO,LICJ,Amsterdam,AMS,EHAM,,,11:00,13:55,09:00,11:55,175,917,12356,5,2026-09-22T13:58:21.000Z
U24104,EJU,Sicily Palermo,PMO,LICJ,Naples,NAP,LIRN,,,11:35,12:35,09:35,10:35,60,172,2457,4,2026-09-24T08:57:45.000Z
U21116,EZS,Sicily Palermo,PMO,LICJ,Basel,BSL,LFSB,,,12:30,14:30,10:30,12:30,120,616,1234567,7,2026-09-24T08:57:45.000Z
U21694,EJU,Sicily Palermo,PMO,LICJ,Nice,NCE,LFMN,,,13:15,14:50,11:15,12:50,95,423,47,2,2026-09-24T08:57:45.000Z
U24412,EJU,Sicily Palermo,PMO,LICJ,Lyon,LYS,LFLL,,,14:25,16:20,12:25,14:20,115,577,1234567,7,2026-09-23T16:00:49.000Z
U27324,EJU,Sicily Palermo,PMO,LICJ,Majorca Palma,PMI,LEPA,,,14:40,16:30,12:40,14:30,110,491,15,1,2026-08-28T15:59:12.000Z
U23624,EJU,Sicily Palermo,PMO,LICJ,Milan Malpensa,MXP,LIMC,,,14:40,16:20,12:40,14:20,100,488,67,2,2026-09-19T15:59:14.000Z
U23606,EJU,Sicily Palermo,PMO,LICJ,Milan Malpensa,MXP,LIMC,,,17:20,19:00,15:20,17:00,100,488,1234,4,2026-09-22T19:01:17.000Z
U23508,EJU,Sicily Palermo,PMO,LICJ,Milan Malpensa,MXP,LIMC,,,18:20,20:00,16:20,18:00,100,488,1234567,7,2026-09-23T19:59:18.000Z
U23504,EJU,Sicily Palermo,PMO,LICJ,Milan Malpensa,MXP,LIMC,,,18:30,20:10,16:30,18:10,100,488,124567,6,2026-09-24T08:57:45.000Z
U24920,EJU,Sicily Palermo,PMO,LICJ,Paris Orly,ORY,LFPO,,,19:40,22:10,17:40,20:10,150,786,6,1,2026-08-29T22:59:56.000Z
U28278,EZY,Sicily Palermo,PMO,LICJ,London Gatwick,LGW,EGKK,,,20:00,22:10,18:00,21:10,190,960,26,2,2026-08-30T00:58:56.000Z
U21434,EZS,Sicily Palermo,PMO,LICJ,Geneva,GVA,LSGG,,,20:40,22:35,18:40,20:35,115,575,234567,6,2026-09-24T08:57:45.000Z
U26862,EJU,Sicily Palermo,PMO,LICJ,Porto,OPO,LPPR,,,21:00,23:05,19:00,22:05,185,1020,3467,4,2026-09-24T08:57:45.000Z
U27688,EJU,Sicily Palermo,PMO,LICJ,Lisbon,LIS,LPPT,,,21:15,23:25,19:15,22:25,190,1043,25,2,2026-09-23T00:00:11.000Z
U24106,EJU,Sicily Palermo,PMO,LICJ,Naples,NAP,LIRN,,,21:25,22:20,19:25,20:20,55,172,123457,4,2026-09-23T21:59:41.000Z
U22496,EZY,Sicily Palermo,PMO,LICJ,London Luton,LTN,EGGW,,,21:45,23:55,19:45,22:55,190,998,246,2,2026-09-23T00:58:56.000Z
U21814,EJU,Sicily Palermo,PMO,LICJ,Bordeaux,BOD,LFBD,,,22:10,00:35,20:10,22:35,145,737,6,1,2026-09-20T00:00:35.000Z
U22848,EZY,Sicily Palermo,PMO,LICJ,Bristol,BRS,EGGD,,,22:20,00:30,20:20,23:30,190,1036,47,2,2026-09-21T01:01:19.000Z
U23608,EJU,Sicily Palermo,PMO,LICJ,Milan Malpensa,MXP,LIMC,,,22:20,23:55,20:20,21:55,95,488,36,2,2026-09-23T23:59:06.000Z
U23512,EJU,Sicily Palermo,PMO,LICJ,Milan Malpensa,MXP,LIMC,,,22:35,00:15,20:35,22:15,100,488,2357,2,2026-09-23T00:00:11.000Z
U23510,EJU,Sicily Palermo,PMO,LICJ,Milan Malpensa,MXP,LIMC,,,23:40,01:20,21:40,23:20,100,488,14,2,2026-09-22T00:59:00.000Z
U27928,EJU,Prague,PRG,LKPR,Amsterdam,AMS,EHAM,,,09:05,10:40,07:05,08:40,95,381,156,3,2026-09-21T12:00:44.000Z
U23914,EJU,Prague,PRG,LKPR,Milan Malpensa,MXP,LIMC,,,09:05,10:35,07:05,08:35,90,349,5,1,2026-09-18T09:59:23.000Z
U25552,EJU,Prague,PRG,LKPR,Alicante,ALC,LEAL,,,09:25,12:25,07:25,10:25,180,951,36,2,2026-09-23T12:01:40.000Z
U23326,EZY,Prague,PRG,LKPR,Edinburgh,EDI,EGPH,,,09:55,11:20,07:55,10:20,145,724,1357,3,2026-09-21T13:00:35.000Z
U26670,EZY,Prague,PRG,LKPR,Birmingham,BHX,EGBB,,,10:00,11:15,08:00,10:15,135,616,36,2,2026-09-23T12:01:42.000Z
U27682,EJU,Prague,PRG,LKPR,Lisbon,LIS,LPPT,,,11:30,14:15,09:30,13:15,225,1203,1357,4,2026-09-23T14:59:35.000Z
U25542,EJU,Prague,PRG,LKPR,Basel,BSL,LFSB,,,11:40,13:00,09:40,11:00,80,305,7,1,2026-09-20T10:58:58.000Z
U26858,EJU,Prague,PRG,LKPR,Porto,OPO,LPPR,,,11:55,14:15,09:55,13:15,200,1093,36,2,2026-09-23T14:59:32.000Z
U28782,EZY,Prague,PRG,LKPR,London Gatwick,LGW,EGKK,,,12:05,13:20,10:05,12:20,135,553,124567,6,2026-09-22T13:58:28.000Z
U24492,EJU,Prague,PRG,LKPR,Lyon,LYS,LFLL,,,12:30,14:20,10:30,12:20,110,452,15,2,2026-09-21T13:59:30.000Z
U24274,EJU,Prague,PRG,LKPR,Naples,NAP,LIRN,,,12:55,14:55,10:55,12:55,120,553,13457,5,2026-09-23T14:59:36.000Z
U23494,EZY,Prague,PRG,LKPR,Liverpool,LPL,EGGP,,,13:10,14:20,11:10,13:20,130,664,15,2,2026-09-21T15:00:21.000Z
U23904,EJU,Prague,PRG,LKPR,Milan Malpensa,MXP,LIMC,,,13:15,14:45,11:15,12:45,90,349,123456,3,2026-09-24T08:57:49.000Z
U23180,EZY,Prague,PRG,LKPR,Glasgow,GLA,EGPF,,,13:20,14:55,11:20,13:55,155,756,47,2,2026-09-24T08:57:46.000Z
U22374,EZY,Prague,PRG,LKPR,London Luton,LTN,EGGW,,,14:10,15:15,12:10,14:15,125,562,1457,4,2026-09-24T08:57:48.000Z
U23092,EZY,Prague,PRG,LKPR,Belfast Intl,BFS,EGAA,,,14:15,15:55,12:15,14:55,160,795,26,2,2026-09-22T16:00:01.000Z
U22936,EZY,Prague,PRG,LKPR,Bristol,BRS,EGGD,,,14:45,15:55,12:45,14:55,130,648,123457,6,2026-09-24T08:57:44.000Z
U24738,EJU,Prague,PRG,LKPR,Nantes,NTE,LFRS,,,15:25,17:35,13:25,15:35,130,653,15,2,2026-09-21T17:00:18.000Z
U21544,EZS,Prague,PRG,LKPR,Geneva,GVA,LSGG,,,15:45,17:20,13:45,15:20,95,400,3,1,2026-09-23T17:00:52.000Z
U21564,EZS,Prague,PRG,LKPR,Geneva,GVA,LSGG,,,16:55,18:30,14:55,16:30,95,400,1457,4,2026-09-24T08:57:41.000Z
U21786,EJU,Prague,PRG,LKPR,Nice,NCE,LFMN,,,17:00,18:50,15:00,16:50,110,482,15,2,2026-09-21T18:00:34.000Z
U22230,EZY,Prague,PRG,LKPR,Manchester,MAN,EGCC,319,A319,17:05,18:20,15:05,17:20,135,644,123457,6,2026-09-23T22:59:16.000Z
U23902,EJU,Prague,PRG,LKPR,Milan Malpensa,MXP,LIMC,,,17:55,19:25,15:55,17:25,90,349,124567,6,2026-09-24T08:57:49.000Z
U23908,EJU,Prague,PRG,LKPR,Milan Malpensa,MXP,LIMC,,,17:55,19:25,15:55,17:25,90,349,347,3,2026-09-23T19:00:11.000Z
U27572,EJU,Prague,PRG,LKPR,Basel,BSL,LFSB,,,19:15,20:35,17:15,18:35,80,305,135,2,2026-09-23T19:00:12.000Z
U23906,EJU,Prague,PRG,LKPR,Milan Malpensa,MXP,LIMC,,,19:30,21:00,17:30,19:00,90,349,123457,5,2026-09-24T08:57:49.000Z
U27930,EJU,Prague,PRG,LKPR,Amsterdam,AMS,EHAM,,,20:20,22:00,18:20,20:00,100,381,23457,4,2026-09-24T08:57:42.000Z
U25630,EZY,Prague,PRG,LKPR,Newcastle,NCL,EGNT,,,21:00,22:15,19:00,21:15,135,651,47,2,2026-09-24T08:57:49.000Z
U21868,EJU,Prague,PRG,LKPR,Bordeaux,BOD,LFBD,,,21:10,23:30,19:10,21:30,140,684,15,2,2026-09-21T22:59:28.000Z
U21270,EZS,Prague,PRG,LKPR,Basel,BSL,LFSB,,,21:10,22:30,19:10,20:30,80,305,1,1,2026-08-24T20:59:03.000Z
U28784,EZY,Prague,PRG,LKPR,London Gatwick,LGW,EGKK,,,21:45,23:00,19:45,22:00,135,553,13457,3,2026-09-23T23:59:05.000Z
U21204,EZS,Pristina,PRN,BKPR,Basel,BSL,LFSB,,,09:20,11:30,07:20,09:30,130,646,13457,5,2026-09-24T08:57:49.000Z
U21494,EZS,Pristina,PRN,BKPR,Geneva,GVA,LSGG,,,09:20,11:35,07:20,09:35,135,676,1234567,3,2026-09-24T08:57:41.000Z
U24446,EJU,Pristina,PRN,BKPR,Lyon,LYS,LFLL,,,10:25,12:50,08:25,10:50,145,711,2,1,2026-08-25T13:00:14.000Z
U25366,EJU,Pristina,PRN,BKPR,Berlin Brandenburg,BER,EDDB,,,14:45,17:00,12:45,15:00,135,662,13457,4,2026-09-23T11:01:16.000Z
U21219,EZS,Pristina,PRN,BKPR,Zurich,ZRH,LSZH,,,15:15,17:25,13:15,15:25,130,605,1234567,3,2026-09-24T08:57:49.000Z
U21498,EZS,Pristina,PRN,BKPR,Geneva,GVA,LSGG,,,15:35,18:00,13:35,16:00,145,676,1367,4,2026-08-30T18:01:49.000Z
U21206,EZS,Pristina,PRN,BKPR,Basel,BSL,LFSB,,,16:55,19:10,14:55,17:10,135,646,1234567,7,2026-09-24T08:57:49.000Z
U21490,EZS,Pristina,PRN,BKPR,Geneva,GVA,LSGG,,,20:05,22:20,18:05,20:20,135,676,1,1,2026-09-21T23:02:25.000Z
U21496,EZS,Pristina,PRN,BKPR,Geneva,GVA,LSGG,,,20:15,22:30,18:15,20:30,135,676,1234567,2,2026-09-24T08:57:49.000Z
U21208,EZS,Pristina,PRN,BKPR,Basel,BSL,LFSB,,,21:30,23:40,19:30,21:40,130,646,124567,6,2026-09-22T20:59:12.000Z
U24924,EJU,Pisa (Tuscany),PSA,LIRP,Paris Orly,ORY,LFPO,,,09:25,11:10,07:25,09:10,105,450,1234567,6,2026-09-24T08:57:49.000Z
U22130,EZY,Pisa (Tuscany),PSA,LIRP,Manchester,MAN,EGCC,,,10:15,11:45,08:15,10:45,150,766,1234567,5,2026-09-24T08:57:49.000Z
U22490,EZY,Pisa (Tuscany),PSA,LIRP,London Luton,LTN,EGGW,,,10:20,11:40,08:20,10:40,140,655,1457,4,2026-09-24T08:57:48.000Z
U22840,EZY,Pisa (Tuscany),PSA,LIRP,Bristol,BRS,EGGD,,,10:55,12:20,08:55,11:20,145,702,234567,5,2026-09-24T08:57:44.000Z
U25736,EZY,Pisa (Tuscany),PSA,LIRP,London Southend,SEN,EGMC,,,11:10,12:25,09:10,11:25,135,614,15,2,2026-09-21T13:00:37.000Z
U28316,EZY,Pisa (Tuscany),PSA,LIRP,London Gatwick,LGW,EGKK,,,13:15,14:35,11:15,13:35,140,620,234567,4,2026-09-24T08:57:48.000Z
U25066,EJU,Pisa (Tuscany),PSA,LIRP,Berlin Brandenburg,BER,EDDB,,,14:35,16:30,12:35,14:30,115,536,1246,4,2026-09-24T08:57:44.000Z
U28318,EZY,Pisa (Tuscany),PSA,LIRP,London Gatwick,LGW,EGKK,,,16:40,18:05,14:40,17:05,145,620,157,3,2026-09-21T19:00:10.000Z
U22568,EZY,Pisa (Tuscany),PSA,LIRP,London Luton,LTN,EGGW,,,19:30,20:45,17:30,19:45,135,655,6,1,2026-09-19T21:59:55.000Z
U23118,EZY,Pisa (Tuscany),PSA,LIRP,Glasgow,GLA,EGPF,,,19:35,21:35,17:35,20:35,180,926,26,2,2026-09-22T23:00:51.000Z
U28320,EZY,Pisa (Tuscany),PSA,LIRP,London Gatwick,LGW,EGKK,,,20:55,22:10,18:55,21:10,135,620,1234567,7,2026-09-23T22:59:15.000Z
U27904,EJU,Pula,PUY,LDPL,Amsterdam,AMS,EHAM,,,09:20,11:30,07:20,09:30,130,574,6,1,2026-08-29T11:01:23.000Z
U27902,EJU,Pula,PUY,LDPL,Amsterdam,AMS,EHAM,,,09:50,11:55,07:50,09:55,125,574,3,1,2026-08-26T10:59:34.000Z
U22572,EZY,Pula,PUY,LDPL,London Luton,LTN,EGGW,,,10:05,11:25,08:05,10:25,140,705,26,2,2026-09-22T16:00:05.000Z
U22942,EZY,Pula,PUY,LDPL,Bristol,BRS,EGGD,,,14:30,15:55,12:30,14:55,145,770,246,3,2026-09-22T16:59:22.000Z
U28606,EZY,Pula,PUY,LDPL,London Gatwick,LGW,EGKK,,,16:50,18:15,14:50,17:15,145,678,23467,5,2026-09-23T19:00:10.000Z
U28614,EZY,Pula,PUY,LDPL,London Gatwick,LGW,EGKK,,,17:05,18:30,15:05,17:30,145,678,5,1,2026-08-28T20:00:11.000Z
U23144,EZY,Pula,PUY,LDPL,Glasgow,GLA,EGPF,,,18:20,20:00,16:20,19:00,160,958,15,2,2026-08-28T23:00:30.000Z
U27460,EJU,Pula,PUY,LDPL,Basel,BSL,LFSB,,,18:50,20:10,16:50,18:10,80,311,4,1,2026-08-27T17:59:40.000Z
U25212,EJU,Pula,PUY,LDPL,Berlin Brandenburg,BER,EDDB,,,21:05,22:50,19:05,20:50,105,449,246,3,2026-08-29T22:00:35.000Z
U21168,EZS,Pula,PUY,LDPL,Basel,BSL,LFSB,,,21:40,23:00,19:40,21:00,80,311,26,2,2026-09-22T20:59:13.000Z
U23692,EJU,Preveza,PVK,LGPZ,Milan Malpensa,MXP,LIMC,,,02:40,03:55,23:40,01:55,135,668,2,1,2026-08-25T05:01:16.000Z
U23670,EJU,Preveza,PVK,LGPZ,Milan Malpensa,MXP,LIMC,,,09:00,10:15,06:00,08:15,135,668,5,1,2026-08-28T09:58:56.000Z
U25012,EJU,Preveza,PVK,LGPZ,Berlin Brandenburg,BER,EDDB,,,10:45,12:25,07:45,10:25,160,861,47,2,2026-08-30T11:59:56.000Z
U22816,EZY,Preveza,PVK,LGPZ,Bristol,BRS,EGGD,,,12:15,13:55,09:15,12:55,220,1235,37,2,2026-09-20T14:01:38.000Z
U28248,EZY,Preveza,PVK,LGPZ,London Gatwick,LGW,EGKK,,,12:30,14:00,09:30,13:00,210,1146,2467,4,2026-09-24T08:57:43.000Z
U24282,EJU,Preveza,PVK,LGPZ,Naples,NAP,LIRN,,,13:30,13:50,10:30,11:50,80,320,246,3,2026-08-29T13:00:51.000Z
U22094,EZY,Preveza,PVK,LGPZ,Manchester,MAN,EGCC,,,13:40,15:30,10:40,14:30,230,1281,37,2,2026-09-23T16:00:49.000Z
U28250,EZY,Preveza,PVK,LGPZ,London Gatwick,LGW,EGKK,,,19:40,21:05,16:40,20:05,205,1146,367,3,2026-09-23T21:59:43.000Z
U28252,EZY,Preveza,PVK,LGPZ,London Gatwick,LGW,EGKK,,,21:30,22:50,18:30,21:50,200,1146,157,3,2026-09-21T22:59:34.000Z
U26838,EJU,Porto Santo,PXO,LPPS,Porto,OPO,LPPR,,,15:00,16:50,14:00,15:50,110,612,2347,4,2026-09-24T08:57:46.000Z
U27598,EJU,Porto Santo,PXO,LPPS,Lisbon,LIS,LPPT,,,16:05,17:35,15:05,16:35,90,490,23467,5,2026-08-30T17:59:31.000Z
U26870,EJU,Praia,RAI,GVNP,Porto,OPO,LPPR,,,15:55,22:30,16:55,21:30,275,1757,37,2,2026-09-23T22:59:15.000Z
U27586,EJU,Praia,RAI,GVNP,Lisbon,LIS,LPPT,,,17:30,23:50,18:30,22:50,260,1620,37,2,2026-09-23T23:59:06.000Z
U21750,EJU,Marrakech,RAK,GMMX,Nice,NCE,LFMN,,,03:20,08:15,03:20,06:15,175,1021,23456,5,2026-09-24T07:59:40.000Z
U24280,EJU,Marrakech,RAK,GMMX,Naples,NAP,LIRN,,,04:05,09:30,04:05,07:30,205,1211,36,2,2026-09-23T09:00:42.000Z
U26005,EJU,Marrakech,RAK,GMMX,Paris Charles de Gaulle,CDG,LFPG,,,06:00,11:25,06:00,09:25,205,1149,37,2,2026-09-20T10:58:58.000Z
U26017,EJU,Marrakech,RAK,GMMX,Naples,NAP,LIRN,,,06:00,10:15,05:00,08:15,195,1211,6,1,2026-08-29T10:00:29.000Z
U26007,EJU,Marrakech,RAK,GMMX,Hamburg,HAM,EDDH,,,06:05,12:15,06:05,10:15,250,1534,25,2,2026-09-22T11:59:53.000Z
U26023,EJU,Marrakech,RAK,GMMX,Strasbourg,SXB,LFST,,,06:10,11:35,06:10,09:35,205,1240,47,2,2026-09-24T08:57:50.000Z
U26013,EJU,Marrakech,RAK,GMMX,Milan Malpensa,MXP,LIMC,,,06:15,11:35,06:15,09:35,200,1148,157,3,2026-09-21T11:01:09.000Z
U26021,EJU,Marrakech,RAK,GMMX,Nantes,NTE,LFRS,,,06:15,11:10,06:15,09:10,175,979,26,2,2026-09-22T11:00:15.000Z
U26003,EJU,Marrakech,RAK,GMMX,Bordeaux,BOD,LFBD,,,06:20,10:55,06:20,08:55,155,865,3,1,2026-09-23T10:01:42.000Z
U23928,EJU,Marrakech,RAK,GMMX,Milan Malpensa,MXP,LIMC,,,06:25,11:45,06:25,09:45,200,1148,234567,6,2026-09-24T08:57:49.000Z
U27980,EJU,Marrakech,RAK,GMMX,Amsterdam,AMS,EHAM,,,06:50,12:35,06:50,10:35,225,1363,15,2,2026-09-21T12:00:44.000Z
U21906,EJU,Marrakech,RAK,GMMX,Bordeaux,BOD,LFBD,,,07:20,11:55,07:20,09:55,155,865,124567,5,2026-09-24T08:57:44.000Z
U21554,EZS,Marrakech,RAK,GMMX,Geneva,GVA,LSGG,,,07:55,13:05,07:55,11:05,190,1096,1234567,6,2026-09-24T08:57:41.000Z
U21254,EZS,Marrakech,RAK,GMMX,Basel,BSL,LFSB,,,08:10,13:35,08:10,11:35,205,1195,1234567,5,2026-09-24T08:57:48.000Z
U24664,EJU,Marrakech,RAK,GMMX,Paris Charles de Gaulle,CDG,LFPG,,,08:35,14:00,08:35,12:00,205,1149,123456,4,2026-09-24T08:57:48.000Z
U24780,EJU,Marrakech,RAK,GMMX,Nantes,NTE,LFRS,,,08:55,13:50,08:55,11:50,175,979,234567,4,2026-09-24T08:57:48.000Z
U24478,EJU,Marrakech,RAK,GMMX,Lyon,LYS,LFLL,,,09:15,14:15,09:15,12:15,180,1045,1234567,4,2026-09-24T08:57:48.000Z
U23416,EZY,Marrakech,RAK,GMMX,Liverpool,LPL,EGGP,,,09:25,14:10,09:25,13:10,225,1324,37,2,2026-09-23T14:59:34.000Z
U22294,EZY,Marrakech,RAK,GMMX,Manchester,MAN,EGCC,,,09:40,14:35,09:40,13:35,235,1329,34,2,2026-09-23T16:00:49.000Z
U24558,EJU,Marrakech,RAK,GMMX,Paris Charles de Gaulle,CDG,LFPG,,,09:50,15:15,09:50,13:15,205,1149,3,1,2026-09-23T14:59:37.000Z
U28706,EZY,Marrakech,RAK,GMMX,London Gatwick,LGW,EGKK,,,10:00,14:40,10:00,13:40,220,1224,1234567,5,2026-09-24T08:57:48.000Z
U22624,EZY,Marrakech,RAK,GMMX,London Luton,LTN,EGGW,,,10:40,15:20,10:40,14:20,220,1263,1357,4,2026-09-23T16:00:49.000Z
U21908,EJU,Marrakech,RAK,GMMX,Bordeaux,BOD,LFBD,,,10:45,15:20,10:45,13:20,155,865,12345,5,2026-09-24T08:57:44.000Z
U23332,EZY,Marrakech,RAK,GMMX,Edinburgh,EDI,EGPH,,,10:55,16:00,10:55,15:00,245,1475,47,2,2026-09-24T08:57:46.000Z
U21250,EZS,Marrakech,RAK,GMMX,Basel,BSL,LFSB,,,11:10,16:25,11:10,14:25,195,1195,7,1,2026-09-20T13:01:42.000Z
U28710,EZY,Marrakech,RAK,GMMX,London Gatwick,LGW,EGKK,,,11:20,16:00,11:20,15:00,220,1224,23467,5,2026-09-23T17:00:57.000Z
U23934,EJU,Marrakech,RAK,GMMX,Milan Malpensa,MXP,LIMC,,,12:55,18:15,12:55,16:15,200,1148,16,2,2026-09-21T18:00:34.000Z
U26001,EJU,Marrakech,RAK,GMMX,Amsterdam,AMS,EHAM,,,13:10,18:55,13:10,16:55,225,1363,36,2,2026-09-23T18:01:19.000Z
U26009,EJU,Marrakech,RAK,GMMX,Lille,LIL,LFQQ,,,13:20,18:45,13:20,16:45,205,1242,37,2,2026-09-23T17:59:04.000Z
U27686,EJU,Marrakech,RAK,GMMX,Lisbon,LIS,LPPT,,,14:05,16:40,14:05,15:40,95,434,12456,5,2026-09-24T08:57:48.000Z
U26015,EJU,Marrakech,RAK,GMMX,Milan Malpensa,MXP,LIMC,,,14:45,20:05,14:45,18:05,200,1148,4,1,2026-09-24T08:57:48.000Z
U26029,EJU,Marrakech,RAK,GMMX,Nice,NCE,LFMN,,,14:45,19:40,14:45,17:40,175,1021,7,1,2026-09-20T18:59:11.000Z
U23930,EJU,Marrakech,RAK,GMMX,Milan Malpensa,MXP,LIMC,,,14:50,20:10,14:50,18:10,200,1148,37,2,2026-09-23T19:59:18.000Z
U26025,EJU,Marrakech,RAK,GMMX,Toulouse,TLS,LFBO,,,14:55,19:25,14:55,17:25,150,848,1234567,7,2026-09-24T08:57:48.000Z
U24476,EJU,Marrakech,RAK,GMMX,Lyon,LYS,LFLL,,,17:25,22:25,17:25,20:25,180,1045,14,2,2026-09-24T08:57:48.000Z
U25740,EZY,Marrakech,RAK,GMMX,London Southend,SEN,EGMC,,,17:30,22:00,17:30,21:00,210,1259,246,3,2026-09-24T08:57:48.000Z
U24666,EJU,Marrakech,RAK,GMMX,Paris Charles de Gaulle,CDG,LFPG,,,17:35,22:55,17:35,20:55,200,1149,123457,5,2026-09-24T08:57:48.000Z
U24796,EJU,Marrakech,RAK,GMMX,Nantes,NTE,LFRS,,,17:35,22:25,17:35,20:25,170,979,13457,5,2026-09-24T08:57:48.000Z
U21558,EZS,Marrakech,RAK,GMMX,Geneva,GVA,LSGG,,,17:55,23:00,17:55,21:00,185,1096,1234567,6,2026-09-24T08:57:48.000Z
U28708,EZY,Marrakech,RAK,GMMX,London Gatwick,LGW,EGKK,,,18:30,23:05,18:30,22:05,215,1224,1234567,6,2026-09-24T08:57:48.000Z
U21770,EJU,Marrakech,RAK,GMMX,Nice,NCE,LFMN,,,18:45,23:35,18:45,21:35,170,1021,126,3,2026-09-23T00:00:11.000Z
U26668,EZY,Marrakech,RAK,GMMX,Birmingham,BHX,EGBB,,,18:55,23:35,18:55,22:35,220,1282,26,2,2026-09-23T00:00:07.000Z
U24480,EJU,Marrakech,RAK,GMMX,Lyon,LYS,LFLL,,,19:05,00:05,19:05,22:05,180,1045,123,3,2026-09-23T23:59:06.000Z
U22266,EZY,Marrakech,RAK,GMMX,Manchester,MAN,EGCC,,,19:35,00:30,19:35,23:30,235,1329,15,2,2026-09-22T02:59:15.000Z
U22796,EZY,Marrakech,RAK,GMMX,Bristol,BRS,EGGD,,,20:45,01:10,20:45,00:10,205,1211,136,3,2026-09-24T01:59:54.000Z
U28714,EZY,Marrakech,RAK,GMMX,London Gatwick,LGW,EGKK,,,20:45,00:20,19:45,23:20,215,1224,5,1,2026-09-19T02:00:07.000Z
U22284,EZY,Marrakech,RAK,GMMX,Manchester,MAN,EGCC,,,21:10,01:50,21:10,00:50,220,1329,27,2,2026-09-23T03:00:27.000Z
U27042,EJU,Marrakech,RAK,GMMX,Malaga,AGP,LEMG,,,21:35,01:10,21:35,23:10,95,351,135,3,2026-09-24T00:59:25.000Z
U27040,EJU,Marrakech,RAK,GMMX,Malaga,AGP,LEMG,,,22:20,01:55,22:20,23:55,95,351,7,1,2026-09-21T00:58:46.000Z
U24482,EJU,Rabat Sale Airport,RBA,GMME,Lyon,LYS,LFLL,,,08:00,12:45,08:00,10:45,165,886,2467,4,2026-09-24T08:57:49.000Z
U24788,EJU,Rabat Sale Airport,RBA,GMME,Nantes,NTE,LFRS,,,08:20,12:55,08:20,10:55,155,820,2356,4,2026-09-23T12:59:26.000Z
U23932,EJU,Rabat Sale Airport,RBA,GMME,Milan Malpensa,MXP,LIMC,,,08:50,13:50,08:50,11:50,180,993,135,3,2026-09-23T13:59:05.000Z
U21904,EJU,Rabat Sale Airport,RBA,GMME,Bordeaux,BOD,LFBD,,,09:30,13:45,09:30,11:45,135,704,37,2,2026-09-23T12:59:21.000Z
U21560,EZS,Rabat Sale Airport,RBA,GMME,Geneva,GVA,LSGG,,,09:30,14:25,09:30,12:25,175,938,23457,5,2026-09-24T08:57:41.000Z
U21764,EJU,Rabat Sale Airport,RBA,GMME,Nice,NCE,LFMN,,,14:45,19:15,14:45,17:15,150,869,3467,4,2026-09-23T19:00:11.000Z
U22354,EZY,Reus,REU,LERS,London Luton,LTN,EGGW,,,09:45,11:10,07:45,10:10,145,647,26,2,2026-09-22T11:59:56.000Z
U25632,EZY,Reus,REU,LERS,Newcastle,NCL,EGNT,,,11:10,12:45,09:10,11:45,155,842,36,2,2026-09-23T13:59:05.000Z
U23184,EZY,Reus,REU,LERS,Glasgow,GLA,EGPF,,,11:15,13:05,09:15,12:05,170,911,15,2,2026-09-21T18:00:31.000Z
U22898,EZY,Reus,REU,LERS,Bristol,BRS,EGGD,,,11:30,12:35,09:30,11:35,125,635,47,2,2026-09-24T08:57:44.000Z
U22078,EZY,Reus,REU,LERS,Manchester,MAN,EGCC,,,12:15,13:40,10:15,12:40,145,746,4,1,2026-09-24T08:57:49.000Z
U22046,EZY,Reus,REU,LERS,Manchester,MAN,EGCC,,,12:40,14:05,10:40,13:05,145,746,267,3,2026-09-22T16:00:08.000Z
U23024,EZY,Reus,REU,LERS,Belfast Intl,BFS,EGAA,,,14:05,15:45,12:05,14:45,160,863,246,3,2026-09-24T08:57:44.000Z
U28066,EZY,Reus,REU,LERS,London Gatwick,LGW,EGKK,,,16:30,17:35,14:30,16:35,125,603,135,3,2026-09-21T18:00:33.000Z
U21148,EZS,Rhodes,RHO,LGRP,Basel,BSL,LFSB,,,11:00,13:25,08:00,11:25,205,1132,347,3,2026-09-24T08:57:50.000Z
U21486,EZS,Rhodes,RHO,LGRP,Geneva,GVA,LSGG,,,12:00,14:30,09:00,12:30,210,1148,2457,3,2026-09-22T15:02:22.000Z
U25014,EJU,Rhodes,RHO,LGRP,Berlin Brandenburg,BER,EDDB,,,12:20,14:40,09:20,12:40,200,1140,12356,4,2026-09-23T14:01:11.000Z
U27916,EJU,Rhodes,RHO,LGRP,Amsterdam,AMS,EHAM,,,12:25,15:20,09:25,13:20,235,1372,246,3,2026-09-24T08:57:42.000Z
U23684,EJU,Rhodes,RHO,LGRP,Milan Malpensa,MXP,LIMC,,,12:30,14:40,09:30,12:40,190,1033,123567,6,2026-09-22T13:58:28.000Z
U24734,EJU,Rhodes,RHO,LGRP,Nantes,NTE,LFRS,,,12:55,16:05,09:55,14:05,250,1466,36,2,2026-08-29T16:59:30.000Z
U22052,EZY,Rhodes,RHO,LGRP,Manchester,MAN,EGCC,,,13:25,16:00,10:25,15:00,275,1624,12467,5,2026-09-24T08:57:49.000Z
U22822,EZY,Rhodes,RHO,LGRP,Bristol,BRS,EGGD,,,13:45,16:15,10:45,15:15,270,1589,57,2,2026-09-20T17:00:16.000Z
U28234,EZY,Rhodes,RHO,LGRP,London Gatwick,LGW,EGKK,,,14:10,16:35,11:10,15:35,265,1497,3457,4,2026-09-24T08:57:48.000Z
U28228,EZY,Rhodes,RHO,LGRP,London Gatwick,LGW,EGKK,,,14:25,16:50,11:25,15:50,265,1497,134567,5,2026-09-24T08:57:48.000Z
U25634,EZY,Rhodes,RHO,LGRP,Newcastle,NCL,EGNT,,,14:35,17:20,11:35,16:20,285,1653,26,2,2026-09-22T17:57:25.000Z
U24168,EJU,Rhodes,RHO,LGRP,Naples,NAP,LIRN,,,17:50,19:10,14:50,17:10,140,700,2347,3,2026-08-30T20:00:00.000Z
U24878,EJU,Rhodes,RHO,LGRP,Paris Orly,ORY,LFPO,,,19:00,21:55,16:00,19:55,235,1347,26,2,2026-09-22T21:58:58.000Z
U23228,EZY,Rhodes,RHO,LGRP,Edinburgh,EDI,EGPH,,,19:30,22:15,16:30,21:15,285,1730,135,3,2026-09-23T22:59:13.000Z
U22802,EZY,Rhodes,RHO,LGRP,Bristol,BRS,EGGD,,,19:45,22:15,16:45,21:15,270,1589,12346,5,2026-09-24T08:57:50.000Z
U22382,EZY,Rhodes,RHO,LGRP,London Luton,LTN,EGGW,,,20:40,23:10,17:40,22:10,270,1522,13457,5,2026-09-24T08:57:50.000Z
U28230,EZY,Rhodes,RHO,LGRP,London Gatwick,LGW,EGKK,,,20:50,23:10,17:50,22:10,260,1497,12345,5,2026-09-24T08:57:50.000Z
U22402,EZY,Rhodes,RHO,LGRP,London Luton,LTN,EGGW,,,20:55,23:20,17:55,22:20,265,1522,26,2,2026-09-23T00:00:10.000Z
U26636,EZY,Rhodes,RHO,LGRP,Birmingham,BHX,EGBB,,,21:05,23:30,18:05,22:30,265,1583,246,3,2026-09-23T01:01:17.000Z
U22072,EZY,Rhodes,RHO,LGRP,Manchester,MAN,EGCC,,,22:05,00:40,19:05,23:40,275,1624,36,2,2026-09-24T01:59:59.000Z
U28232,EZY,Rhodes,RHO,LGRP,London Gatwick,LGW,EGKK,,,22:30,00:50,19:30,23:50,260,1497,12356,5,2026-09-24T01:59:59.000Z
U28256,EZY,Rhodes,RHO,LGRP,London Gatwick,LGW,EGKK,,,22:45,01:05,19:45,00:05,260,1497,7,1,2026-09-21T01:59:24.000Z
U23062,EZY,Rhodes,RHO,LGRP,Belfast Intl,BFS,EGAA,,,22:55,01:55,19:55,00:55,300,1783,26,2,2026-09-23T03:00:22.000Z
U24244,EJU,Marsa Alam,RMF,HEMA,Naples,NAP,LIRN,,,11:40,14:45,08:40,12:45,245,1367,6,1,2026-09-19T13:59:15.000Z
U23920,EJU,Marsa Alam,RMF,HEMA,Milan Malpensa,MXP,LIMC,,,13:40,17:30,10:40,15:30,290,1731,4,1,2026-09-24T08:57:49.000Z
U23896,EJU,Marsa Alam,RMF,HEMA,Milan Malpensa,MXP,LIMC,,,14:20,18:10,11:20,16:10,290,1731,2367,4,2026-09-22T18:02:42.000Z
U21128,EZS,Rimini,RMI,LIPR,Basel,BSL,LFSB,,,08:15,09:40,06:15,07:40,85,303,367,3,2026-09-23T08:01:03.000Z
U28378,EZY,Rimini,RMI,LIPR,London Gatwick,LGW,EGKK,,,16:00,17:20,14:00,16:20,140,671,36,2,2026-09-23T17:59:03.000Z
U22702,EZY,Murcia Intl,RMU,LEMI,Bristol,BRS,EGGD,,,10:20,12:00,08:20,11:00,160,818,2467,4,2026-09-24T08:57:44.000Z
U22038,EZY,Murcia Intl,RMU,LEMI,Manchester,MAN,EGCC,,,10:40,12:35,08:40,11:35,175,935,37,2,2026-09-23T13:59:05.000Z
U22350,EZY,Murcia Intl,RMU,LEMI,London Luton,LTN,EGGW,,,11:15,12:55,09:15,11:55,160,845,26,2,2026-09-22T13:58:27.000Z
U28048,EZY,Murcia Intl,RMU,LEMI,London Gatwick,LGW,EGKK,,,11:30,13:15,09:30,12:15,165,802,237,3,2026-09-23T13:59:04.000Z
U28050,EZY,Murcia Intl,RMU,LEMI,London Gatwick,LGW,EGKK,,,20:25,22:05,18:25,21:05,160,802,2346,3,2026-09-23T22:59:15.000Z
U28046,EZY,Murcia Intl,RMU,LEMI,London Gatwick,LGW,EGKK,,,20:30,22:15,18:30,21:15,165,802,1567,4,2026-09-21T22:59:34.000Z
U22262,EZY,Rennes,RNS,LFRN,Manchester,MAN,EGCC,,,10:00,10:25,08:00,09:25,85,318,37,2,2026-08-30T10:59:12.000Z
U21512,EZS,Rennes,RNS,LFRN,Geneva,GVA,LSGG,,,12:00,13:20,10:00,11:20,80,338,15,2,2026-09-21T13:00:33.000Z
U28396,EZY,Rennes,RNS,LFRN,London Gatwick,LGW,EGKK,,,15:25,15:35,13:25,14:35,70,194,1234567,7,2026-09-23T16:00:48.000Z
U21604,EJU,Rennes,RNS,LFRN,Nice,NCE,LFMN,,,17:45,19:15,15:45,17:15,90,458,1234567,7,2026-09-24T08:57:49.000Z
U21292,EJU,Santiago de Compostela,SCQ,LEST,Geneva,GVA,LSGG,,,09:00,11:05,07:00,09:05,125,652,1234567,7,2026-09-24T08:57:41.000Z
U21024,EJU,Santiago de Compostela,SCQ,LEST,Basel,BSL,LFSB,,,09:15,11:25,07:15,09:25,130,729,5,1,2026-09-18T08:59:01.000Z
U21022,EJU,Santiago de Compostela,SCQ,LEST,Basel,BSL,LFSB,,,10:15,12:25,08:15,10:25,130,729,1357,4,2026-09-23T09:59:05.000Z
U21328,EJU,Santiago de Compostela,SCQ,LEST,Geneva,GVA,LSGG,,,10:40,12:45,08:40,10:45,125,652,6,1,2026-09-19T12:02:03.000Z
U25701,EZY,London Southend,SEN,EGMC,Malaga,AGP,LEMG,,,06:30,10:25,05:30,08:25,175,921,123457,5,2026-09-24T08:57:49.000Z
U25745,EZY,London Southend,SEN,EGMC,Barcelona,BCN,LEBL,,,06:30,09:30,05:30,07:30,120,619,246,3,2026-09-22T09:01:00.000Z
U25721,EZY,London Southend,SEN,EGMC,Almeria,LEI,LEAM,,,06:30,10:15,05:30,08:15,165,894,26,1,2026-09-22T10:01:15.000Z
U25725,EZY,London Southend,SEN,EGMC,Gran Canaria,LPA,GCLP,,,07:00,11:25,06:00,10:25,265,1594,357,2,2026-09-23T12:01:47.000Z
U25743,EZY,London Southend,SEN,EGMC,Tenerife South,TFS,GCTS,,,07:00,11:25,06:00,10:25,265,1612,246,2,2026-09-24T08:57:50.000Z
U25727,EZY,London Southend,SEN,EGMC,Malta,MLA,LMML,,,07:15,11:20,06:15,09:20,185,1114,135,3,2026-09-23T10:58:55.000Z
U25753,EZY,London Southend,SEN,EGMC,Munich,MUC,EDDM,,,07:20,10:00,06:20,08:00,100,469,47,2,2026-09-24T08:57:49.000Z
U25711,EZY,London Southend,SEN,EGMC,Paris Charles de Gaulle,CDG,LFPG,,,07:25,09:35,06:25,07:35,70,170,47,2,2026-09-13T08:59:44.000Z
U25735,EZY,London Southend,SEN,EGMC,Pisa (Tuscany),PSA,LIRP,,,07:30,10:30,06:30,08:30,120,614,15,2,2026-09-21T09:59:48.000Z
U25520,EJU,London Southend,SEN,EGMC,Alicante,ALC,LEAL,,,07:50,11:25,06:50,09:25,155,800,15,2,2026-09-21T11:01:00.000Z
U21596,EZS,London Southend,SEN,EGMC,Geneva,GVA,LSGG,,,07:50,10:15,06:50,08:15,85,385,15,2,2026-09-21T09:59:46.000Z
U27210,EJU,London Southend,SEN,EGMC,Barcelona,BCN,LEBL,,,08:25,11:30,07:25,09:30,125,619,3,1,2026-09-23T11:01:15.000Z
U27008,EJU,London Southend,SEN,EGMC,Malaga,AGP,LEMG,,,08:40,12:35,07:40,10:35,175,921,6,1,2026-09-19T11:58:50.000Z
U24662,EJU,London Southend,SEN,EGMC,Paris Charles de Gaulle,CDG,LFPG,,,11:10,13:20,10:10,11:20,70,170,1357,4,2026-09-21T13:00:38.000Z
U2981,EZY,London Southend,SEN,EGMC,Jersey,JER,EGJJ,,,12:10,13:20,11:10,12:20,70,180,14,2,2026-09-24T08:57:48.000Z
U25713,EZY,London Southend,SEN,EGMC,Antalya,AYT,LTAI,,,12:50,19:00,11:50,16:00,250,1549,26,2,2026-09-22T21:01:39.000Z
U25709,EZY,London Southend,SEN,EGMC,Amsterdam,AMS,EHAM,,,13:55,16:00,12:55,14:00,65,157,47,2,2026-09-10T16:02:37.000Z
U25715,EZY,London Southend,SEN,EGMC,Dalaman,DLM,LTBS,,,13:55,19:50,12:55,16:50,235,1488,135,2,2026-09-23T19:00:07.000Z
U25739,EZY,London Southend,SEN,EGMC,Marrakech,RAK,GMMX,,,13:55,16:35,12:55,16:35,220,1259,246,3,2026-09-24T08:57:49.000Z
U25729,EZY,London Southend,SEN,EGMC,Enfidha - Hammamet,NBE,DTNH,,,15:10,18:05,14:10,17:05,175,1019,157,3,2026-09-21T19:00:07.000Z
U27551,EJU,London Southend,SEN,EGMC,Amsterdam,AMS,EHAM,,,16:55,19:00,15:55,17:00,65,157,1357,2,2026-09-23T18:01:19.000Z
U25751,EZY,London Southend,SEN,EGMC,Berlin Brandenburg,BER,EDDB,,,17:15,19:55,16:15,17:55,100,476,47,2,2026-09-24T08:57:44.000Z
U25705,EZY,London Southend,SEN,EGMC,Alicante,ALC,LEAL,,,17:20,20:55,16:20,18:55,155,800,347,1,2026-09-24T08:57:41.000Z
U25731,EZY,London Southend,SEN,EGMC,Majorca Palma,PMI,LEPA,,,17:30,20:45,16:30,18:45,135,727,13467,3,2026-09-21T08:59:49.000Z
U25717,EZY,London Southend,SEN,EGMC,Ibiza,IBZ,LEIB,,,18:00,21:20,17:00,19:20,140,763,36,2,2026-09-23T23:59:03.000Z
U27264,EJU,London Southend,SEN,EGMC,Majorca Palma,PMI,LEPA,,,19:50,23:05,18:50,21:05,135,727,256,3,2026-09-20T00:58:55.000Z
U27512,EJU,London Southend,SEN,EGMC,Faro,FAO,LPFR,,,20:15,23:10,19:15,22:10,175,948,1357,2,2026-09-23T23:59:02.000Z
U27262,EJU,London Southend,SEN,EGMC,Majorca Palma,PMI,LEPA,,,20:25,23:40,19:25,21:40,135,727,2456,4,2026-09-22T23:00:54.000Z
U27696,EJU,Sal - Cape Verde,SID,GVAC,Lisbon,LIS,LPPT,,,09:15,15:20,10:15,14:20,245,1509,23456,4,2026-09-24T08:57:40.000Z
U28996,EZY,Sal - Cape Verde,SID,GVAC,London Gatwick,LGW,EGKK,,,15:20,23:10,16:20,22:10,350,2336,135,2,2026-09-23T22:59:15.000Z
U22208,EZY,Sal - Cape Verde,SID,GVAC,Manchester,MAN,EGCC,,,15:30,23:25,16:30,22:25,355,2402,246,1,2026-09-24T08:57:40.000Z
U22824,EZY,Sal - Cape Verde,SID,GVAC,Bristol,BRS,EGGD,,,16:00,23:40,17:00,22:40,340,2294,135,1,2026-09-22T00:01:48.000Z
U26860,EJU,Sal - Cape Verde,SID,GVAC,Porto,OPO,LPPR,,,16:40,23:05,17:40,22:05,265,1646,123467,5,2026-09-24T08:57:40.000Z
U23994,EJU,Sal - Cape Verde,SID,GVAC,Milan Malpensa,MXP,LIMC,,,17:10,01:50,18:10,23:50,340,2349,246,3,2026-09-24T08:57:40.000Z
U21144,EZS,Thessaloniki,SKG,LGTS,Basel,BSL,LFSB,,,11:20,12:50,08:20,10:50,150,788,246,3,2026-09-22T10:01:22.000Z
U27998,EJU,Thessaloniki,SKG,LGTS,Amsterdam,AMS,EHAM,,,11:55,14:15,08:55,12:15,200,1029,37,2,2026-08-30T13:59:43.000Z
U28244,EZY,Thessaloniki,SKG,LGTS,London Gatwick,LGW,EGKK,,,12:05,13:40,09:05,12:40,215,1152,1234567,7,2026-09-24T08:57:48.000Z
U22880,EZY,Thessaloniki,SKG,LGTS,Bristol,BRS,EGGD,,,13:35,15:20,10:35,14:20,225,1245,36,2,2026-09-23T16:00:44.000Z
U25028,EJU,Thessaloniki,SKG,LGTS,Berlin Brandenburg,BER,EDDB,,,15:35,17:05,12:35,15:05,150,810,1234567,7,2026-09-24T08:57:44.000Z
U23696,EJU,Thessaloniki,SKG,LGTS,Milan Malpensa,MXP,LIMC,,,22:40,00:05,19:40,22:05,145,695,24,2,2026-09-18T00:59:05.000Z
U22056,EZY,Thessaloniki,SKG,LGTS,Manchester,MAN,EGCC,,,23:00,00:45,20:00,23:45,225,1279,15,2,2026-09-22T02:59:15.000Z
U23700,EJU,Thessaloniki,SKG,LGTS,Milan Malpensa,MXP,LIMC,,,23:45,01:10,20:45,23:10,145,695,7,1,2026-09-21T00:58:46.000Z
U24910,EJU,Skopje,SKP,LWSK,Paris Orly,ORY,LFPO,,,09:35,12:30,07:35,10:30,175,905,6,1,2026-09-19T11:58:50.000Z
U21408,EZS,Skopje,SKP,LWSK,Geneva,GVA,LSGG,,,15:20,17:45,13:20,15:45,145,715,15,2,2026-09-21T17:00:11.000Z
U24912,EJU,Sofia,SOF,LBSF,Paris Orly,ORY,LFPO,,,20:10,22:10,17:10,20:10,180,950,347,3,2026-09-24T08:57:50.000Z
U27370,EJU,Southampton,SOU,EGHI,Majorca Palma,PMI,LEPA,,,09:05,12:20,08:05,10:20,135,706,14,2,2026-09-24T08:57:49.000Z
U2416,EZY,Southampton,SOU,EGHI,Glasgow,GLA,EGPF,,,11:40,13:00,10:40,12:00,80,315,1234567,7,2026-09-24T08:57:46.000Z
U2142,EZY,Southampton,SOU,EGHI,Belfast Intl,BFS,EGAA,,,12:25,13:40,11:25,12:40,75,284,1567,4,2026-09-21T13:59:24.000Z
U25516,EJU,Southampton,SOU,EGHI,Alicante,ALC,LEAL,,,15:25,18:45,14:25,16:45,140,761,47,2,2026-09-24T08:57:41.000Z
U24916,EJU,Southampton,SOU,EGHI,Paris Orly,ORY,LFPO,,,15:35,17:35,14:35,15:35,60,196,36,2,2026-09-23T17:00:58.000Z
U27518,EJU,Southampton,SOU,EGHI,Faro,FAO,LPFR,,,18:10,20:50,17:10,19:50,160,883,1246,3,2026-09-24T08:57:47.000Z
U27120,EJU,Southampton,SOU,EGHI,Barcelona,BCN,LEBL,,,19:20,22:15,18:20,20:15,115,597,125,3,2026-09-21T22:01:18.000Z
U21162,EZS,Split,SPU,LDSP,Basel,BSL,LFSB,,,08:30,10:10,06:30,08:10,100,442,567,3,2026-09-20T08:00:25.000Z
U21504,EZS,Split,SPU,LDSP,Geneva,GVA,LSGG,,,08:35,10:15,06:35,08:15,100,462,1234567,5,2026-09-24T08:57:41.000Z
U24250,EJU,Split,SPU,LDSP,Naples,NAP,LIRN,,,09:05,10:10,07:05,08:10,65,183,14567,5,2026-09-24T08:57:49.000Z
U25214,EJU,Split,SPU,LDSP,Berlin Brandenburg,BER,EDDB,,,09:10,11:00,07:10,09:00,110,541,12356,4,2026-09-23T17:00:53.000Z
U25440,EJU,Split,SPU,LDSP,Milan Linate,LIN,LIML,,,09:10,10:35,07:10,08:35,85,322,123457,3,2026-08-30T09:59:31.000Z
U25216,EJU,Split,SPU,LDSP,Berlin Brandenburg,BER,EDDB,,,09:20,11:10,07:20,09:10,110,541,13457,5,2026-09-24T08:57:44.000Z
U27908,EJU,Split,SPU,LDSP,Amsterdam,AMS,EHAM,,,09:45,12:05,07:45,10:05,140,700,1234567,7,2026-09-24T08:57:42.000Z
U24622,EJU,Split,SPU,LDSP,Paris Charles de Gaulle,CDG,LFPG,,,09:45,12:00,07:45,10:00,135,657,234567,4,2026-09-22T11:59:57.000Z
U28596,EZY,Split,SPU,LDSP,London Gatwick,LGW,EGKK,,,10:15,11:55,08:15,10:55,160,809,1234567,6,2026-09-23T12:01:50.000Z
U22892,EZY,Split,SPU,LDSP,Bristol,BRS,EGGD,,,10:20,12:05,08:20,11:05,165,900,1234567,5,2026-09-24T08:57:44.000Z
U22574,EZY,Split,SPU,LDSP,London Luton,LTN,EGGW,,,10:30,12:10,08:30,11:10,160,836,1234567,4,2026-09-24T08:57:48.000Z
U26856,EJU,Split,SPU,LDSP,Porto,OPO,LPPR,,,10:55,13:10,08:55,12:10,195,1112,14,2,2026-08-27T15:59:48.000Z
U25372,EJU,Split,SPU,LDSP,Basel,BSL,LFSB,,,11:10,12:45,09:10,10:45,95,442,3,1,2026-09-23T10:58:56.000Z
U28598,EZY,Split,SPU,LDSP,London Gatwick,LGW,EGKK,,,12:30,14:15,10:30,13:15,165,809,12345,4,2026-09-24T08:57:48.000Z
U21164,EZS,Split,SPU,LDSP,Basel,BSL,LFSB,,,13:35,15:15,11:35,13:15,100,442,123456,5,2026-09-24T08:57:50.000Z
U28600,EZY,Split,SPU,LDSP,London Gatwick,LGW,EGKK,,,14:55,16:35,12:55,15:35,160,809,1234567,7,2026-09-24T08:57:48.000Z
U24894,EJU,Split,SPU,LDSP,Paris Orly,ORY,LFPO,,,15:35,17:45,13:35,15:45,130,657,123457,5,2026-08-30T17:59:32.000Z
U28608,EZY,Split,SPU,LDSP,London Gatwick,LGW,EGKK,,,15:35,17:20,13:35,16:20,165,809,67,2,2026-09-19T17:59:08.000Z
U24624,EJU,Split,SPU,LDSP,Paris Charles de Gaulle,CDG,LFPG,,,16:05,18:20,14:05,16:20,135,657,167,3,2026-08-30T17:59:32.000Z
U23142,EZY,Split,SPU,LDSP,Glasgow,GLA,EGPF,,,16:15,18:25,14:15,17:25,190,1086,37,2,2026-09-23T19:00:08.000Z
U22576,EZY,Split,SPU,LDSP,London Luton,LTN,EGGW,,,20:30,22:15,18:30,21:15,165,836,2347,4,2026-09-24T08:57:50.000Z
U22246,EZY,Split,SPU,LDSP,Manchester,MAN,EGCC,,,20:45,22:35,18:45,21:35,170,941,2346,4,2026-09-24T08:57:50.000Z
U21510,EZS,Split,SPU,LDSP,Geneva,GVA,LSGG,,,21:10,22:50,19:10,20:50,100,462,67,2,2026-08-30T23:01:02.000Z
U23432,EZY,Split,SPU,LDSP,Liverpool,LPL,EGGP,,,21:10,23:05,19:10,22:05,175,958,15,2,2026-09-22T00:01:52.000Z
U22580,EZY,Split,SPU,LDSP,London Luton,LTN,EGGW,,,21:35,23:15,19:35,22:15,160,836,5,1,2026-09-19T00:00:26.000Z
U24254,EJU,Split,SPU,LDSP,Naples,NAP,LIRN,,,21:35,22:30,19:35,20:30,55,183,12346,4,2026-09-19T21:59:55.000Z
U24460,EJU,Split,SPU,LDSP,Lyon,LYS,LFLL,,,21:55,23:40,19:55,21:40,105,496,12347,5,2026-09-20T23:01:48.000Z
U22578,EZY,Split,SPU,LDSP,London Luton,LTN,EGGW,,,22:20,00:05,20:20,23:05,165,836,16,2,2026-09-22T00:58:59.000Z
U28612,EZY,Split,SPU,LDSP,London Gatwick,LGW,EGKK,,,22:35,00:15,20:35,23:15,160,809,3,1,2026-08-27T00:59:05.000Z
U22726,EZY,Split,SPU,LDSP,Bristol,BRS,EGGD,,,23:05,00:50,21:05,23:50,165,900,1,1,2026-08-25T02:00:51.000Z
U24696,EJU,Cairo Sphinx,SPX,HESX,Paris Charles de Gaulle,CDG,LFPG,,,14:10,18:05,11:10,16:05,295,1717,37,2,2026-09-23T17:59:06.000Z
U22648,EZY,Cairo Sphinx,SPX,HESX,London Luton,LTN,EGGW,,,16:10,19:25,13:10,18:25,315,1901,347,3,2026-09-24T08:57:46.000Z
U23984,EJU,Cairo Sphinx,SPX,HESX,Milan Malpensa,MXP,LIMC,,,18:40,21:30,15:40,19:30,230,1396,24,2,2026-09-24T08:57:46.000Z
U23982,EJU,Cairo Sphinx,SPX,HESX,Milan Malpensa,MXP,LIMC,,,23:35,02:25,20:35,00:25,230,1396,67,2,2026-09-20T01:58:57.000Z
U24248,EJU,Sharm El Sheikh,SSH,HESH,Naples,NAP,LIRN,,,11:10,13:55,08:10,11:55,225,1256,2367,3,2026-09-23T21:59:43.000Z
U24242,EJU,Sharm El Sheikh,SSH,HESH,Naples,NAP,LIRN,,,12:10,14:55,09:10,12:55,225,1256,234567,3,2026-09-24T08:57:49.000Z
U21598,EZS,Sharm El Sheikh,SSH,HESH,Geneva,GVA,LSGG,,,13:15,17:10,10:15,15:10,295,1726,7,1,2026-09-20T17:00:16.000Z
U25376,EJU,Sharm El Sheikh,SSH,HESH,Berlin Brandenburg,BER,EDDB,,,13:30,17:25,10:30,15:25,295,1736,7,1,2026-09-20T17:00:16.000Z
U23892,EJU,Sharm El Sheikh,SSH,HESH,Milan Malpensa,MXP,LIMC,,,13:35,17:10,10:35,15:10,275,1614,234567,4,2026-09-23T17:00:58.000Z
U23888,EJU,Sharm El Sheikh,SSH,HESH,Milan Malpensa,MXP,LIMC,,,17:55,21:30,14:55,19:30,275,1614,267,3,2026-09-22T20:59:12.000Z
U24688,EJU,Sharm El Sheikh,SSH,HESH,Paris Charles de Gaulle,CDG,LFPG,,,18:45,23:20,15:45,21:20,335,1933,6,1,2026-09-19T23:00:18.000Z
U25636,EZY,Sharm El Sheikh,SSH,HESH,Newcastle,NCL,EGNT,,,19:50,00:05,16:50,23:05,375,2251,15,2,2026-09-22T02:00:01.000Z
U23898,EJU,Sharm El Sheikh,SSH,HESH,Milan Malpensa,MXP,LIMC,,,20:30,00:05,17:30,22:05,275,1614,3567,4,2026-09-23T23:59:06.000Z
U28742,EZY,Sharm El Sheikh,SSH,HESH,London Gatwick,LGW,EGKK,,,21:10,00:50,18:10,23:50,340,2088,23467,5,2026-09-24T08:57:50.000Z
U23890,EJU,Sharm El Sheikh,SSH,HESH,Milan Malpensa,MXP,LIMC,,,21:10,00:45,18:10,22:45,275,1614,1,1,2026-09-22T00:01:53.000Z
U22612,EZY,Sharm El Sheikh,SSH,HESH,London Luton,LTN,EGGW,,,21:15,00:55,18:15,23:55,340,2115,1246,3,2026-09-23T00:58:56.000Z
U22616,EZY,Sharm El Sheikh,SSH,HESH,London Luton,LTN,EGGW,,,21:20,01:05,18:20,00:05,345,2115,3,1,2026-09-24T01:59:59.000Z
U26632,EZY,Sharm El Sheikh,SSH,HESH,Birmingham,BHX,EGBB,,,21:30,01:20,18:30,00:20,350,2176,246,3,2026-09-24T08:57:50.000Z
U22912,EZY,Sharm El Sheikh,SSH,HESH,Bristol,BRS,EGGD,,,21:30,01:20,18:30,00:20,350,2179,26,2,2026-09-23T02:00:43.000Z
U22254,EZY,Sharm El Sheikh,SSH,HESH,Manchester,MAN,EGCC,,,21:35,01:30,18:35,00:30,355,2218,347,3,2026-09-24T01:59:59.000Z
U23116,EZY,Sharm El Sheikh,SSH,HESH,Glasgow,GLA,EGPF,,,22:05,02:30,19:05,01:30,385,2357,36,2,2026-09-24T02:59:00.000Z
U24464,EJU,Sharm El Sheikh,SSH,HESH,Lyon,LYS,LFLL,,,22:10,02:10,19:10,00:10,300,1749,6,1,2026-09-20T01:58:57.000Z
U28740,EZY,Sharm El Sheikh,SSH,HESH,London Gatwick,LGW,EGKK,,,22:15,01:55,19:15,00:55,340,2088,12356,4,2026-09-24T02:59:03.000Z
U23456,EZY,Sharm El Sheikh,SSH,HESH,Liverpool,LPL,EGGP,,,22:45,02:45,19:45,01:45,360,2236,135,3,2026-09-24T04:00:51.000Z
U23900,EJU,Sharm El Sheikh,SSH,HESH,Milan Malpensa,MXP,LIMC,,,23:00,02:35,20:00,00:35,275,1614,1247,4,2026-09-23T03:58:56.000Z
U22258,EZY,Sharm El Sheikh,SSH,HESH,Manchester,MAN,EGCC,,,23:15,03:10,20:15,02:10,355,2218,2,1,2026-09-23T05:00:47.000Z
U23916,EJU,Sharm El Sheikh,SSH,HESH,Milan Malpensa,MXP,LIMC,,,23:15,02:50,20:15,00:50,275,1614,5,1,2026-08-29T02:00:58.000Z
U236,EZY,London Stansted,STN,EGSS,Belfast Intl,BFS,EGAA,,,07:50,09:10,06:50,08:10,80,285,1234567,5,2026-09-24T08:57:44.000Z
U27840,EJU,London Stansted,STN,EGSS,Amsterdam,AMS,EHAM,,,07:55,10:00,06:55,08:00,65,169,1245,4,2026-09-22T10:01:15.000Z
U2308,EZY,London Stansted,STN,EGSS,Edinburgh,EDI,EGPH,,,08:15,09:35,07:15,08:35,80,275,1234567,5,2026-09-24T08:57:46.000Z
U2410,EZY,London Stansted,STN,EGSS,Glasgow,GLA,EGPF,,,08:55,10:10,07:55,09:10,75,291,1234567,6,2026-09-24T08:57:46.000Z
U238,EZY,London Stansted,STN,EGSS,Belfast Intl,BFS,EGAA,,,12:30,13:50,11:30,12:50,80,285,1234567,6,2026-09-24T08:57:48.000Z
U2414,EZY,London Stansted,STN,EGSS,Glasgow,GLA,EGPF,,,13:05,14:25,12:05,13:25,80,291,12357,5,2026-09-22T15:02:24.000Z
U27802,EJU,London Stansted,STN,EGSS,Amsterdam,AMS,EHAM,,,15:25,17:35,14:25,15:35,70,169,37,1,2026-09-23T17:00:52.000Z
U24660,EJU,London Stansted,STN,EGSS,Paris Charles de Gaulle,CDG,LFPG,,,15:40,17:50,14:40,15:50,70,194,15,2,2026-09-21T18:00:34.000Z
U2312,EZY,London Stansted,STN,EGSS,Edinburgh,EDI,EGPH,,,17:15,18:35,16:15,17:35,80,275,1347,4,2026-09-24T08:57:46.000Z
U242,EZY,London Stansted,STN,EGSS,Belfast Intl,BFS,EGAA,,,18:05,19:20,17:05,18:20,75,285,1345,4,2026-09-23T20:01:50.000Z
U27846,EJU,London Stansted,STN,EGSS,Amsterdam,AMS,EHAM,,,19:55,22:00,18:55,20:00,65,169,134567,4,2026-09-24T08:57:48.000Z
U2412,EZY,London Stansted,STN,EGSS,Glasgow,GLA,EGPF,,,21:05,22:20,20:05,21:20,75,291,1234567,7,2026-09-23T22:59:14.000Z
U244,EZY,London Stansted,STN,EGSS,Belfast Intl,BFS,EGAA,,,21:55,23:10,20:55,22:10,75,285,12457,3,2026-09-23T00:00:07.000Z
U2310,EZY,London Stansted,STN,EGSS,Edinburgh,EDI,EGPH,,,22:25,23:40,21:25,22:40,75,275,1235,4,2026-09-23T23:59:02.000Z
U2314,EZY,London Stansted,STN,EGSS,Edinburgh,EDI,EGPH,,,22:35,23:50,21:35,22:50,75,275,123457,6,2026-09-23T01:01:18.000Z
U23558,EJU,Lamezia,SUF,LICA,Milan Malpensa,MXP,LIMC,,,08:30,10:20,06:30,08:20,110,524,15,2,2026-09-21T09:59:48.000Z
U21436,EZS,Lamezia,SUF,LICA,Geneva,GVA,LSGG,,,09:40,11:40,07:40,09:40,120,627,246,3,2026-08-29T11:01:21.000Z
U24876,EJU,Lamezia,SUF,LICA,Paris Orly,ORY,LFPO,,,11:00,13:40,09:00,11:40,160,840,36,2,2026-09-23T12:59:27.000Z
U21122,EZS,Lamezia,SUF,LICA,Basel,BSL,LFSB,,,13:40,15:45,11:40,13:45,125,646,1457,4,2026-09-21T13:00:36.000Z
U23560,EJU,Lamezia,SUF,LICA,Milan Malpensa,MXP,LIMC,,,14:15,16:00,12:15,14:00,105,524,16,2,2026-09-21T15:58:59.000Z
U23562,EJU,Lamezia,SUF,LICA,Milan Malpensa,MXP,LIMC,,,15:25,17:10,13:25,15:10,105,524,245,3,2026-09-24T08:57:47.000Z
U23574,EJU,Lamezia,SUF,LICA,Milan Malpensa,MXP,LIMC,,,20:45,22:30,18:45,20:30,105,524,7,1,2026-08-30T22:00:30.000Z
U23564,EJU,Lamezia,SUF,LICA,Milan Malpensa,MXP,LIMC,,,22:50,00:40,20:50,22:40,110,524,3467,4,2026-09-23T23:59:06.000Z
U21010,EJU,Seville,SVQ,LEZL,Basel,BSL,LFSB,,,10:00,12:30,08:00,10:30,150,850,15,2,2026-09-21T09:59:48.000Z
U23790,EJU,Seville,SVQ,LEZL,Milan Malpensa,MXP,LIMC,,,10:20,12:50,08:20,10:50,150,819,3457,4,2026-09-24T08:57:49.000Z
U25016,EJU,Seville,SVQ,LEZL,Berlin Brandenburg,BER,EDDB,,,10:25,13:45,08:25,11:45,200,1211,15,2,2026-09-21T13:00:32.000Z
U23792,EJU,Seville,SVQ,LEZL,Milan Malpensa,MXP,LIMC,,,10:25,12:55,08:25,10:55,150,819,1,1,2026-09-21T12:00:53.000Z
U28006,EZY,Seville,SVQ,LEZL,London Gatwick,LGW,EGKK,,,10:35,12:25,08:35,11:25,170,859,1234567,6,2026-09-24T08:57:48.000Z
U23392,EZY,Seville,SVQ,LEZL,Liverpool,LPL,EGGP,,,13:40,15:30,11:40,14:30,170,964,47,2,2026-09-24T08:57:48.000Z
U21302,EJU,Seville,SVQ,LEZL,Geneva,GVA,LSGG,,,16:40,19:00,14:40,17:00,140,753,123457,6,2026-09-24T08:57:41.000Z
U28008,EZY,Seville,SVQ,LEZL,London Gatwick,LGW,EGKK,,,16:50,18:35,14:50,17:35,165,859,12345,5,2026-09-23T19:59:18.000Z
U24390,EJU,Seville,SVQ,LEZL,Lyon,LYS,LFLL,,,17:10,19:20,15:10,17:20,130,700,47,1,2026-09-24T08:57:49.000Z
U27810,EJU,Seville,SVQ,LEZL,Amsterdam,AMS,EHAM,,,18:55,22:00,16:55,20:00,185,1000,15,2,2026-09-21T22:01:17.000Z
U22900,EZY,Seville,SVQ,LEZL,Bristol,BRS,EGGD,,,20:55,22:30,18:55,21:30,155,849,26,2,2026-09-22T23:00:48.000Z
U28052,EZY,Seville,SVQ,LEZL,London Gatwick,LGW,EGKK,,,21:10,22:55,19:10,21:55,165,859,1567,4,2026-09-21T22:59:34.000Z
U27296,EJU,Strasbourg,SXB,LFST,Majorca Palma,PMI,LEPA,,,09:45,11:45,07:45,09:45,120,579,36,2,2026-09-23T10:58:56.000Z
U26024,EJU,Strasbourg,SXB,LFST,Marrakech,RAK,GMMX,,,12:10,13:45,10:10,13:45,215,1240,47,2,2026-09-24T08:57:49.000Z
U24142,EJU,Strasbourg,SXB,LFST,Naples,NAP,LIRN,,,14:10,16:00,12:10,14:00,110,540,47,2,2026-09-13T16:01:03.000Z
U21782,EJU,Strasbourg,SXB,LFST,Nice,NCE,LFMN,,,15:20,16:40,13:20,14:40,80,293,123457,6,2026-09-24T08:57:49.000Z
U28470,EZY,Strasbourg,SXB,LFST,London Gatwick,LGW,EGKK,,,15:50,16:25,13:50,15:25,95,340,47,2,2026-09-24T08:57:48.000Z
U23556,EJU,Strasbourg,SXB,LFST,Milan Malpensa,MXP,LIMC,,,18:50,19:55,16:50,17:55,65,180,15,2,2026-09-21T19:59:41.000Z
U27142,EJU,Strasbourg,SXB,LFST,Barcelona,BCN,LEBL,,,21:20,22:55,19:20,20:55,95,494,125,3,2026-09-21T23:02:26.000Z
U21550,EZS,Tbilisi,TBS,UGTB,Geneva,GVA,LSGG,,,13:45,16:30,09:45,14:30,285,1684,14,2,2026-09-24T08:57:41.000Z
U23998,EJU,Tbilisi,TBS,UGTB,Milan Malpensa,MXP,LIMC,,,15:15,17:50,11:15,15:50,275,1578,2347,4,2026-09-24T08:57:49.000Z
U22650,EZY,Tbilisi,TBS,UGTB,London Luton,LTN,EGGW,,,21:25,23:45,17:25,22:45,320,1926,26,2,2026-09-23T00:00:10.000Z
U28038,EZY,Tenerife South,TFS,GCTS,London Gatwick,LGW,EGKK,,,00:10,04:20,23:10,03:20,250,1573,13456,5,2026-09-23T05:00:47.000Z
U21852,EJU,Tenerife South,TFS,GCTS,Bordeaux,BOD,LFBD,,,09:30,13:55,08:30,11:55,205,1261,2467,4,2026-09-24T08:57:44.000Z
U21314,EJU,Tenerife South,TFS,GCTS,Geneva,GVA,LSGG,,,10:00,15:00,09:00,13:00,240,1529,2467,3,2026-09-24T08:57:41.000Z
U24574,EJU,Tenerife South,TFS,GCTS,Paris Charles de Gaulle,CDG,LFPG,,,11:35,16:50,10:35,14:50,255,1537,4,1,2026-09-24T08:57:49.000Z
U23724,EJU,Tenerife South,TFS,GCTS,Milan Malpensa,MXP,LIMC,,,11:40,17:00,10:40,15:00,260,1598,6,1,2026-09-19T17:00:14.000Z
U22732,EZY,Tenerife South,TFS,GCTS,Bristol,BRS,EGGD,,,12:00,16:05,11:00,15:05,245,1534,234567,5,2026-09-24T08:57:44.000Z
U25430,EJU,Tenerife South,TFS,GCTS,Milan Linate,LIN,LIML,,,12:10,17:20,11:10,15:20,250,1611,26,2,2026-09-22T16:59:26.000Z
U27898,EJU,Tenerife South,TFS,GCTS,Amsterdam,AMS,EHAM,,,12:15,17:50,11:15,15:50,275,1741,2346,4,2026-09-23T17:00:52.000Z
U22304,EZY,Tenerife South,TFS,GCTS,London Luton,LTN,EGGW,,,12:15,16:35,11:15,15:35,260,1605,123457,2,2026-09-24T08:57:50.000Z
U25744,EZY,Tenerife South,TFS,GCTS,London Southend,SEN,EGMC,,,12:15,16:30,11:15,15:30,255,1612,246,3,2026-09-24T08:57:49.000Z
U22342,EZY,Tenerife South,TFS,GCTS,London Luton,LTN,EGGW,,,12:30,16:50,11:30,15:50,260,1605,246,3,2026-09-24T08:57:48.000Z
U28034,EZY,Tenerife South,TFS,GCTS,London Gatwick,LGW,EGKK,,,12:40,17:00,11:40,16:00,260,1573,1234567,5,2026-09-24T08:57:48.000Z
U23018,EZY,Tenerife South,TFS,GCTS,Belfast Intl,BFS,EGAA,,,12:50,17:15,11:50,16:15,265,1661,13456,5,2026-09-24T08:57:44.000Z
U21712,EJU,Tenerife South,TFS,GCTS,Nice,NCE,LFMN,,,16:25,21:20,15:25,19:20,235,1480,6,1,2026-09-19T20:59:34.000Z
U25114,EJU,Tenerife South,TFS,GCTS,Berlin Brandenburg,BER,EDDB,,,16:30,22:35,15:30,20:35,305,1981,36,2,2026-09-23T21:59:39.000Z
U24510,EJU,Tenerife South,TFS,GCTS,Paris Charles de Gaulle,CDG,LFPG,,,17:05,22:15,16:05,20:15,250,1537,1,1,2026-08-24T22:00:41.000Z
U21026,EJU,Tenerife South,TFS,GCTS,Basel,BSL,LFSB,,,17:10,22:30,16:10,20:30,260,1625,23467,5,2026-09-24T08:57:50.000Z
U24576,EJU,Tenerife South,TFS,GCTS,Paris Charles de Gaulle,CDG,LFPG,,,17:40,22:50,16:40,20:50,250,1537,234567,6,2026-09-22T21:58:58.000Z
U23734,EJU,Tenerife South,TFS,GCTS,Milan Malpensa,MXP,LIMC,,,17:40,22:55,16:40,20:55,255,1598,13457,5,2026-09-24T08:57:50.000Z
U24386,EJU,Tenerife South,TFS,GCTS,Lyon,LYS,LFLL,,,17:55,22:50,16:55,20:50,235,1477,23467,4,2026-09-23T23:59:06.000Z
U24772,EJU,Tenerife South,TFS,GCTS,Nantes,NTE,LFRS,,,17:55,22:35,16:55,20:35,220,1345,236,3,2026-09-23T21:59:43.000Z
U23388,EZY,Tenerife South,TFS,GCTS,Liverpool,LPL,EGGP,,,18:25,22:45,17:25,21:45,260,1635,3,1,2026-09-23T23:59:05.000Z
U28040,EZY,Tenerife South,TFS,GCTS,London Gatwick,LGW,EGKK,,,18:25,22:40,17:25,21:40,255,1573,37,2,2026-09-23T23:59:05.000Z
U26608,EZY,Tenerife South,TFS,GCTS,Birmingham,BHX,EGBB,,,19:00,23:30,18:00,22:30,270,1608,135,3,2026-09-24T00:01:28.000Z
U25638,EZY,Tenerife South,TFS,GCTS,Newcastle,NCL,EGNT,,,19:10,23:45,18:10,22:45,275,1745,36,2,2026-09-24T00:59:26.000Z
U28036,EZY,Tenerife South,TFS,GCTS,London Gatwick,LGW,EGKK,,,19:10,23:30,18:10,22:30,260,1573,12456,5,2026-09-24T08:57:50.000Z
U22010,EZY,Tenerife South,TFS,GCTS,Manchester,MAN,EGCC,,,19:15,23:40,18:15,22:40,265,1646,1247,4,2026-09-24T08:57:50.000Z
U23122,EZY,Tenerife South,TFS,GCTS,Glasgow,GLA,EGPF,,,19:20,23:55,18:20,22:55,275,1751,47,1,2026-09-24T08:57:50.000Z
U23366,EZY,Tenerife South,TFS,GCTS,Liverpool,LPL,EGGP,,,19:20,23:40,18:20,22:40,260,1635,12457,4,2026-09-24T08:57:48.000Z
U28054,EZY,Tenerife South,TFS,GCTS,London Gatwick,LGW,EGKK,,,19:25,23:40,18:25,22:40,255,1573,37,2,2026-09-23T23:59:05.000Z
U23212,EZY,Tenerife South,TFS,GCTS,Edinburgh,EDI,EGPH,,,19:55,00:30,18:55,23:30,275,1769,26,2,2026-09-23T01:01:18.000Z
U23730,EJU,Tenerife South,TFS,GCTS,Milan Malpensa,MXP,LIMC,,,20:20,01:35,19:20,23:35,255,1598,267,3,2026-09-23T00:58:57.000Z
U23040,EZY,Tenerife South,TFS,GCTS,Belfast Intl,BFS,EGAA,,,20:40,01:05,19:40,00:05,265,1661,7,1,2026-08-31T02:01:50.000Z
U23202,EZY,Tenerife South,TFS,GCTS,Edinburgh,EDI,EGPH,,,20:45,01:20,19:45,00:20,275,1769,1357,4,2026-09-24T02:59:00.000Z
U22024,EZY,Tenerife South,TFS,GCTS,Manchester,MAN,EGCC,,,20:45,01:10,19:45,00:10,265,1646,5,1,2026-09-19T02:00:08.000Z
U22740,EZY,Tenerife South,TFS,GCTS,Bristol,BRS,EGGD,,,21:00,01:05,20:00,00:05,245,1534,15,2,2026-09-22T03:02:13.000Z
U22012,EZY,Tenerife South,TFS,GCTS,Manchester,MAN,EGCC,,,21:30,02:00,20:30,01:00,270,1646,1356,4,2026-09-24T02:59:02.000Z
U23352,EZY,Tenerife South,TFS,GCTS,Liverpool,LPL,EGGP,,,21:45,02:05,20:45,01:05,260,1635,26,2,2026-09-20T02:59:22.000Z
U24394,EJU,Tenerife South,TFS,GCTS,Lyon,LYS,LFLL,,,21:55,02:50,20:55,00:50,235,1477,6,1,2026-08-30T02:59:37.000Z
U21562,EZS,Tirana,TIA,LATI,Geneva,GVA,LSGG,,,09:40,11:50,07:40,09:50,130,656,23467,4,2026-09-24T08:57:41.000Z
U27678,EJU,Tirana,TIA,LATI,Lisbon,LIS,LPPT,,,20:35,23:30,18:35,22:30,235,1328,26,2,2026-08-30T00:00:55.000Z
U28812,EZY,Tivat,TIV,LYTV,London Gatwick,LGW,EGKK,,,10:35,12:45,08:35,11:45,190,934,1234567,5,2026-09-24T08:57:48.000Z
U22638,EZY,Tivat,TIV,LYTV,London Luton,LTN,EGGW,,,12:10,14:10,10:10,13:10,180,960,14567,4,2026-09-24T08:57:48.000Z
U22272,EZY,Tivat,TIV,LYTV,Manchester,MAN,EGCC,,,14:05,16:20,12:05,15:20,195,1064,1357,4,2026-09-23T17:00:58.000Z
U25362,EJU,Tivat,TIV,LYTV,Berlin Brandenburg,BER,EDDB,,,14:35,16:40,12:35,14:40,125,634,2346,4,2026-09-24T08:57:44.000Z
U21570,EZS,Tivat,TIV,LYTV,Geneva,GVA,LSGG,,,15:05,17:10,13:05,15:10,125,588,3467,4,2026-09-24T08:57:41.000Z
U22752,EZY,Tivat,TIV,LYTV,Bristol,BRS,EGGD,,,16:50,18:55,14:50,17:55,185,1026,15,2,2026-09-21T19:59:35.000Z
U28814,EZY,Tivat,TIV,LYTV,London Gatwick,LGW,EGKK,,,17:10,19:15,15:10,18:15,185,934,6,1,2026-09-19T19:59:07.000Z
U24842,EJU,Toulouse,TLS,LFBO,Paris Orly,ORY,LFPO,,,07:45,09:10,05:45,07:10,85,309,12357,3,2026-09-23T09:00:43.000Z
U24850,EJU,Toulouse,TLS,LFBO,Paris Orly,ORY,LFPO,,,07:45,09:10,05:45,07:10,85,309,12345,5,2026-09-24T08:57:49.000Z
U21084,EZS,Toulouse,TLS,LFBO,Basel,BSL,LFSB,,,07:55,09:20,05:55,07:20,85,352,157,3,2026-09-21T08:01:03.000Z
U21374,EZS,Toulouse,TLS,LFBO,Geneva,GVA,LSGG,,,08:40,09:50,06:40,07:50,70,255,1357,4,2026-09-21T08:59:43.000Z
U24708,EJU,Toulouse,TLS,LFBO,Nantes,NTE,LFRS,,,08:40,09:45,06:40,07:45,65,246,1345,3,2026-09-24T08:57:49.000Z
U24304,EJU,Toulouse,TLS,LFBO,Lyon,LYS,LFLL,,,08:55,09:55,06:55,07:55,60,203,1345,4,2026-09-24T08:57:49.000Z
U24844,EJU,Toulouse,TLS,LFBO,Paris Orly,ORY,LFPO,,,12:00,13:20,10:00,11:20,80,309,1234567,5,2026-09-24T08:57:49.000Z
U25538,EJU,Toulouse,TLS,LFBO,Basel,BSL,LFSB,,,12:20,13:45,10:20,11:45,85,352,3,1,2026-08-26T11:59:14.000Z
U21626,EJU,Toulouse,TLS,LFBO,Nice,NCE,LFMN,,,12:20,13:30,10:20,11:30,70,254,12457,4,2026-09-24T08:57:49.000Z
U24868,EJU,Toulouse,TLS,LFBO,Paris Orly,ORY,LFPO,,,13:25,14:45,11:25,12:45,80,309,15,2,2026-09-21T15:59:00.000Z
U24846,EJU,Toulouse,TLS,LFBO,Paris Orly,ORY,LFPO,,,15:50,17:10,13:50,15:10,80,309,357,3,2026-09-23T17:00:58.000Z
U24326,EJU,Toulouse,TLS,LFBO,Lyon,LYS,LFLL,,,16:05,17:05,14:05,15:05,60,203,12357,5,2026-09-23T17:00:57.000Z
U24710,EJU,Toulouse,TLS,LFBO,Nantes,NTE,LFRS,,,16:15,17:20,14:15,15:20,65,246,57,1,2026-09-20T17:00:21.000Z
U27352,EJU,Toulouse,TLS,LFBO,Majorca Palma,PMI,LEPA,,,16:45,17:55,14:45,15:55,70,252,12457,5,2026-09-24T08:57:49.000Z
U24848,EJU,Toulouse,TLS,LFBO,Paris Orly,ORY,LFPO,,,17:10,18:30,15:10,16:30,80,309,123467,6,2026-09-24T08:57:49.000Z
U23820,EJU,Toulouse,TLS,LFBO,Milan Malpensa,MXP,LIMC,,,17:20,18:45,15:20,16:45,85,337,125,2,2026-09-21T18:00:34.000Z
U21376,EZS,Toulouse,TLS,LFBO,Geneva,GVA,LSGG,,,18:00,19:10,16:00,17:10,70,255,23457,4,2026-09-24T08:57:41.000Z
U22784,EZY,Toulouse,TLS,LFBO,Bristol,BRS,EGGD,,,18:35,19:25,16:35,18:25,110,494,135,3,2026-09-23T20:01:50.000Z
U24852,EJU,Toulouse,TLS,LFBO,Paris Orly,ORY,LFPO,,,21:05,22:30,19:05,20:30,85,309,123457,4,2026-09-24T08:57:50.000Z
U26026,EJU,Toulouse,TLS,LFBO,Marrakech,RAK,GMMX,,,21:20,22:00,19:20,22:00,160,848,1234567,6,2026-09-24T08:57:50.000Z
U28394,EZY,Toulouse,TLS,LFBO,London Gatwick,LGW,EGKK,,,21:30,22:30,19:30,21:30,120,456,1356,4,2026-09-23T22:59:15.000Z
U24730,EJU,Toulouse,TLS,LFBO,Nantes,NTE,LFRS,,,21:40,22:50,19:40,20:50,70,246,12347,3,2026-09-23T22:59:16.000Z
U21142,EZS,Tangier,TNG,GMTT,Basel,BSL,LFSB,,,09:05,13:40,09:05,11:40,155,931,26,2,2026-09-22T11:00:16.000Z
U21524,EZS,Tangier,TNG,GMTT,Geneva,GVA,LSGG,,,13:35,18:00,13:35,16:00,145,832,15,2,2026-09-21T18:00:28.000Z
U24474,EJU,Tangier,TNG,GMTT,Lyon,LYS,LFLL,,,18:00,22:20,18:00,20:20,140,780,23467,5,2026-09-22T21:58:57.000Z
U24356,EJU,Venice Marco Polo,VCE,LIPZ,Lyon,LYS,LFLL,,,00:30,01:55,22:30,23:55,85,305,6,1,2026-08-29T00:59:59.000Z
U24940,EJU,Venice Marco Polo,VCE,LIPZ,Paris Orly,ORY,LFPO,,,08:20,10:10,06:20,08:10,110,451,5,1,2026-09-18T09:59:23.000Z
U24872,EJU,Venice Marco Polo,VCE,LIPZ,Paris Orly,ORY,LFPO,,,09:15,11:05,07:15,09:05,110,451,1245,4,2026-09-24T08:57:49.000Z
U28294,EZY,Venice Marco Polo,VCE,LIPZ,London Gatwick,LGW,EGKK,,,10:20,11:35,08:20,10:35,135,603,134567,4,2026-09-24T08:57:48.000Z
U22122,EZY,Venice Marco Polo,VCE,LIPZ,Manchester,MAN,EGCC,,,10:25,11:55,08:25,10:55,150,738,27,2,2026-09-22T13:58:28.000Z
U23272,EZY,Venice Marco Polo,VCE,LIPZ,Edinburgh,EDI,EGPH,,,11:30,13:20,09:30,12:20,170,862,15,2,2026-09-21T15:00:19.000Z
U25086,EJU,Venice Marco Polo,VCE,LIPZ,Berlin Brandenburg,BER,EDDB,,,11:45,13:25,09:45,11:25,100,414,1457,4,2026-09-24T08:57:44.000Z
U21440,EZS,Venice Marco Polo,VCE,LIPZ,Geneva,GVA,LSGG,,,11:50,13:10,09:50,11:10,80,265,12347,5,2026-09-24T08:57:41.000Z
U21698,EJU,Venice Marco Polo,VCE,LIPZ,Nice,NCE,LFMN,,,12:00,13:20,10:00,11:20,80,246,13457,5,2026-09-23T12:59:27.000Z
U24874,EJU,Venice Marco Polo,VCE,LIPZ,Paris Orly,ORY,LFPO,,,12:30,14:15,10:30,12:15,105,451,14567,5,2026-09-24T08:57:49.000Z
U22832,EZY,Venice Marco Polo,VCE,LIPZ,Bristol,BRS,EGGD,,,14:45,16:05,12:45,15:05,140,694,246,3,2026-09-22T16:59:22.000Z
U24938,EJU,Venice Marco Polo,VCE,LIPZ,Paris Orly,ORY,LFPO,,,15:00,16:45,13:00,14:45,105,451,12347,5,2026-09-24T08:57:49.000Z
U24552,EJU,Venice Marco Polo,VCE,LIPZ,Paris Charles de Gaulle,CDG,LFPG,,,15:50,17:45,13:50,15:45,115,451,123457,6,2026-09-24T08:57:49.000Z
U24354,EJU,Venice Marco Polo,VCE,LIPZ,Lyon,LYS,LFLL,,,15:50,17:15,13:50,15:15,85,305,1357,4,2026-09-21T17:00:17.000Z
U27816,EJU,Venice Marco Polo,VCE,LIPZ,Amsterdam,AMS,EHAM,,,16:20,18:20,14:20,16:20,120,506,1357,4,2026-09-23T18:01:19.000Z
U27458,EJU,Venice Marco Polo,VCE,LIPZ,Geneva,GVA,LSGG,,,19:25,20:45,17:25,18:45,80,265,5,1,2026-09-18T20:00:21.000Z
U25018,EJU,Venice Marco Polo,VCE,LIPZ,Berlin Brandenburg,BER,EDDB,,,19:55,21:35,17:55,19:35,100,414,3,1,2026-09-23T23:01:25.000Z
U24888,EJU,Venice Marco Polo,VCE,LIPZ,Paris Orly,ORY,LFPO,,,20:40,22:30,18:40,20:30,110,451,123567,4,2026-09-23T21:59:44.000Z
U21130,EZS,Venice Marco Polo,VCE,LIPZ,Basel,BSL,LFSB,,,21:35,22:50,19:35,20:50,75,236,145,3,2026-09-21T21:01:05.000Z
U24554,EJU,Venice Marco Polo,VCE,LIPZ,Paris Charles de Gaulle,CDG,LFPG,,,21:35,23:30,19:35,21:30,115,451,157,3,2026-09-22T00:01:53.000Z
U28296,EZY,Venice Marco Polo,VCE,LIPZ,London Gatwick,LGW,EGKK,,,21:40,22:55,19:40,21:55,135,603,2346,4,2026-09-23T23:59:05.000Z
U28298,EZY,Venice Marco Polo,VCE,LIPZ,London Gatwick,LGW,EGKK,,,21:55,23:10,19:55,22:10,135,603,1257,2,2026-09-23T00:00:10.000Z
U22128,EZY,Venice Marco Polo,VCE,LIPZ,Manchester,MAN,EGCC,,,23:00,00:30,21:00,23:30,150,738,4,1,2026-09-18T00:59:05.000Z
U25446,EJU,Vienna,VIE,LOWW,Milan Linate,LIN,LIML,,,15:25,16:55,13:25,14:55,90,340,1234567,2,2026-09-24T08:57:49.000Z
U21406,EZS,Valencia,VLC,LEVC,Geneva,GVA,LSGG,,,09:25,11:25,07:25,09:25,120,498,15,2,2026-09-21T11:01:04.000Z
U28010,EZY,Valencia,VLC,LEVC,London Gatwick,LGW,EGKK,,,10:15,11:45,08:15,10:45,150,700,12345,3,2026-09-24T08:57:48.000Z
U27880,EJU,Valencia,VLC,LEVC,Amsterdam,AMS,EHAM,,,10:40,13:20,08:40,11:20,160,800,123457,5,2026-09-24T08:57:42.000Z
U25020,EJU,Valencia,VLC,LEVC,Berlin Brandenburg,BER,EDDB,,,10:40,13:45,08:40,11:45,185,965,3,1,2026-09-23T12:59:21.000Z
U25104,EJU,Valencia,VLC,LEVC,Berlin Brandenburg,BER,EDDB,,,11:15,14:20,09:15,12:20,185,965,12457,5,2026-09-24T08:57:44.000Z
U28012,EZY,Valencia,VLC,LEVC,London Gatwick,LGW,EGKK,,,13:15,14:50,11:15,13:50,155,700,12567,3,2026-09-23T00:00:10.000Z
U21052,EZS,Valencia,VLC,LEVC,Basel,BSL,LFSB,,,14:10,16:20,12:10,14:20,130,598,13457,5,2026-09-24T08:57:50.000Z
U21372,EZS,Valencia,VLC,LEVC,Geneva,GVA,LSGG,,,20:35,22:30,18:35,20:30,115,498,123457,4,2026-09-24T08:57:41.000Z
U28014,EZY,Valencia,VLC,LEVC,London Gatwick,LGW,EGKK,,,20:50,22:20,18:50,21:20,150,700,134567,4,2026-09-23T23:59:05.000Z
U28000,EZY,Valencia,VLC,LEVC,London Gatwick,LGW,EGKK,,,22:35,00:05,20:35,23:05,150,700,7,1,2026-09-21T00:58:46.000Z
U22044,EZY,Verona,VRN,LIPX,Manchester,MAN,EGCC,,,09:50,11:15,07:50,10:15,145,700,26,2,2026-09-22T11:59:56.000Z
U22864,EZY,Verona,VRN,LIPX,Bristol,BRS,EGGD,,,09:55,11:10,07:55,10:10,135,649,47,2,2026-09-24T08:57:44.000Z
U28336,EZY,Verona,VRN,LIPX,London Gatwick,LGW,EGKK,,,10:30,11:40,08:30,10:40,130,560,1234567,6,2026-09-24T08:57:48.000Z
U28338,EZY,Verona,VRN,LIPX,London Gatwick,LGW,EGKK,,,16:45,18:00,14:45,17:00,135,560,67,2,2026-09-20T18:59:10.000Z
U26876,EJU,Sao Vicente,VXE,GVSV,Porto,OPO,LPPR,,,10:25,16:45,11:25,15:45,260,1693,15,1,2026-09-21T17:00:15.000Z
U27582,EJU,Sao Vicente,VXE,GVSV,Lisbon,LIS,LPPT,,,16:50,23:00,17:50,22:00,250,1560,14,2,2026-09-24T08:57:43.000Z
U28594,EZY,Zadar,ZAD,LDZD,London Gatwick,LGW,EGKK,,,11:30,13:10,09:30,12:10,160,756,26,2,2026-08-29T14:00:20.000Z
U21166,EZS,Zadar,ZAD,LDZD,Basel,BSL,LFSB,,,12:15,13:40,10:15,11:40,85,389,246,3,2026-08-29T12:58:38.000Z
U25190,EJU,Zurich,ZRH,LSZH,Berlin Brandenburg,BER,EDDB,,,08:15,09:45,06:15,07:45,90,351,12345,5,2026-09-24T08:57:44.000Z
U22987,EJU,Zurich,ZRH,LSZH,Rome Fiumicino,FCO,LIRF,,,08:30,10:05,06:30,08:05,95,374,1234567,1,2026-09-24T08:57:48.000Z
U24228,EJU,Zurich,ZRH,LSZH,Naples,NAP,LIRN,,,08:40,10:30,06:40,08:30,110,465,15,2,2026-09-21T09:59:48.000Z
U25188,EJU,Zurich,ZRH,LSZH,Berlin Brandenburg,BER,EDDB,,,09:55,11:25,07:55,09:25,90,351,134567,6,2026-09-20T11:01:50.000Z
U27290,EJU,Zurich,ZRH,LSZH,Majorca Palma,PMI,LEPA,,,09:55,11:50,07:55,09:50,115,538,1234567,4,2026-09-21T11:01:10.000Z
U22532,EZY,Zurich,ZRH,LSZH,London Luton,LTN,EGGW,,,10:00,10:50,08:00,09:50,110,436,1457,4,2026-09-21T11:01:09.000Z
U27038,EJU,Zurich,ZRH,LSZH,Malaga,AGP,LEMG,,,10:10,13:00,08:10,11:00,170,868,1357,3,2026-09-21T13:00:37.000Z
U26826,EJU,Zurich,ZRH,LSZH,Porto,OPO,LPPR,,,10:15,12:00,08:15,11:00,165,826,47,2,2026-09-24T08:57:46.000Z
U28472,EZY,Zurich,ZRH,LSZH,London Gatwick,LGW,EGKK,,,10:25,11:05,08:25,10:05,100,407,1234567,4,2026-09-24T08:57:48.000Z
U27640,EJU,Zurich,ZRH,LSZH,Lisbon,LIS,LPPT,,,10:55,12:55,08:55,11:55,180,930,123457,6,2026-09-24T08:57:49.000Z
U22896,EZY,Zurich,ZRH,LSZH,Bristol,BRS,EGGD,,,14:25,15:20,12:25,14:20,115,498,15,2,2026-09-18T15:59:39.000Z
U23296,EZY,Zurich,ZRH,LSZH,Edinburgh,EDI,EGPH,,,14:25,15:45,12:25,14:45,140,674,1256,3,2026-09-22T16:59:23.000Z
U28466,EZY,Zurich,ZRH,LSZH,London Gatwick,LGW,EGKK,,,15:25,16:15,13:25,15:15,110,407,1,1,2026-08-24T17:00:19.000Z
U26828,EJU,Zurich,ZRH,LSZH,Porto,OPO,LPPR,,,15:40,17:20,13:40,16:20,160,826,123456,6,2026-09-23T17:59:01.000Z
U21220,EZS,Zurich,ZRH,LSZH,Pristina,PRN,BKPR,,,18:10,20:10,16:10,18:10,120,605,1234567,3,2026-09-24T08:57:50.000Z
U21132,EZS,Zurich,ZRH,LSZH,Sardinia Olbia,OLB,LIEO,,,18:45,20:15,16:45,18:15,90,396,123456,5,2026-08-29T12:00:54.000Z
U21438,EZS,Zurich,ZRH,LSZH,Sardinia Olbia,OLB,LIEO,,,19:10,20:40,17:10,18:40,90,396,7,1,2026-08-30T20:00:00.000Z
U28474,EZY,Zurich,ZRH,LSZH,London Gatwick,LGW,EGKK,,,20:55,21:35,18:55,20:35,100,407,1234567,4,2026-09-24T08:57:50.000Z
U22194,EZY,Zurich,ZRH,LSZH,Manchester,MAN,EGCC,,,21:30,22:35,19:30,21:35,125,544,13457,3,2026-09-21T11:01:09.000Z
U22989,EJU,Zurich,ZRH,LSZH,Rome Fiumicino,FCO,LIRF,,,21:55,23:30,19:55,21:30,95,374,1234567,1,2026-09-23T22:59:15.000Z
U28266,EZY,Zante Zakynthos,ZTH,LGZA,London Gatwick,LGW,EGKK,,,05:50,07:35,02:50,06:35,225,1202,6,1,2026-08-29T08:00:47.000Z
U28204,EZY,Zante Zakynthos,ZTH,LGZA,London Gatwick,LGW,EGKK,,,12:00,13:45,09:00,12:45,225,1202,134567,6,2026-09-24T08:57:48.000Z
U22808,EZY,Zante Zakynthos,ZTH,LGZA,Bristol,BRS,EGGD,,,13:10,15:00,10:10,14:00,230,1290,36,2,2026-09-23T16:00:44.000Z
U22076,EZY,Zante Zakynthos,ZTH,LGZA,Manchester,MAN,EGCC,,,13:50,15:50,10:50,14:50,240,1340,47,2,2026-09-24T08:57:49.000Z
U23694,EJU,Zante Zakynthos,ZTH,LGZA,Milan Malpensa,MXP,LIMC,,,15:45,17:05,12:45,15:05,140,720,123467,5,2026-09-22T18:02:42.000Z
U24178,EJU,Zante Zakynthos,ZTH,LGZA,Naples,NAP,LIRN,,,18:40,19:05,15:40,17:05,85,359,3,1,2026-08-26T18:58:47.000Z
U28206,EZY,Zante Zakynthos,ZTH,LGZA,London Gatwick,LGW,EGKK,,,19:30,21:10,16:30,20:10,220,1202,1236,4,2026-09-23T21:59:43.000Z
U22386,EZY,Zante Zakynthos,ZTH,LGZA,London Luton,LTN,EGGW,,,21:10,22:55,18:10,21:55,225,1232,136,3,2026-09-23T22:59:15.000Z
U24172,EJU,Zante Zakynthos,ZTH,LGZA,Naples,NAP,LIRN,,,22:00,22:25,19:00,20:25,85,359,146,3,2026-08-29T22:00:41.000Z
